Workbook

Sheet # log2(N) 및 결과 정리
A1: 노드수 | B1: log2(N) | L1: 노드수(N) | M1: 전체 Hop 수 | N1: 평균 Hop 수 | P1: 최대 Hop 수 | Q1: log2(N)
A2: 4 | B2: =LOG(A2,2) -> 2 | L2: 4 | Q2: =VLOOKUP(L2,$A$2:$B$15,2,TRUE) -> 2
A3: 6 | B3: =LOG(A3,2) -> 2.5849625 | C3: =B3-B2 -> 0.5849625 | D3: =C3/(A3-A2) -> 0.29248125 | L3: 6 | Q3: =VLOOKUP(L3,$A$2:$B$15,2,TRUE) -> 2.5849625
A4: 8 | B4: =LOG(A4,2) -> 3 | C4: =B4-B3 -> 0.4150375 | D4: =C4/(A4-A3) -> 0.20751875 | L4: 8 | M4: 140 | N4: =M4/49 -> 2.8571429 | Q4: =VLOOKUP(L4,$A$2:$B$15,2,TRUE) -> 3
A5: 10 | B5: =LOG(A5,2) -> 3.3219281 | C5: =B5-B4 -> 0.32192809 | D5: =C5/(A5-A4) -> 0.16096405 | L5: 10 | Q5: =VLOOKUP(L5,$A$2:$B$15,2,TRUE) -> 3.3219281
A6: 16 | B6: =LOG(A6,2) -> 4 | C6: =B6-B5 -> 0.67807191 | D6: =C6/(A6-A5) -> 0.11301198 | L6: 12 | Q6: =VLOOKUP(L6,$A$2:$B$15,2,TRUE) -> 3.3219281
A7: 20 | B7: =LOG(A7,2) -> 4.3219281 | C7: =B7-B6 -> 0.32192809 | D7: =C7/(A7-A6) -> 0.080482024 | L7: 14 | Q7: =VLOOKUP(L7,$A$2:$B$15,2,TRUE) -> 3.3219281
A8: 32 | B8: =LOG(A8,2) -> 5 | C8: =B8-B7 -> 0.67807191 | D8: =C8/(A8-A7) -> 0.056505992 | L8: 16 | Q8: =VLOOKUP(L8,$A$2:$B$15,2,TRUE) -> 4
A9: 40 | B9: =LOG(A9,2) -> 5.3219281 | C9: =B9-B8 -> 0.32192809 | D9: =C9/(A9-A8) -> 0.040241012 | L9: 32 | Q9: =VLOOKUP(L9,$A$2:$B$15,2,TRUE) -> 5
A10: 48 | B10: =LOG(A10,2) -> 5.5849625 | C10: =B10-B9 -> 0.26303441 | D10: =C10/(A10-A9) -> 0.032879301
A11: 56 | B11: =LOG(A11,2) -> 5.8073549 | C11: =B11-B10 -> 0.22239242 | D11: =C11/(A11-A10) -> 0.027799053
A12: 64 | B12: =LOG(A12,2) -> 6 | C12: =B12-B11 -> 0.19264508 | D12: =C12/(A12-A11) -> 0.024080635
A13: 72 | B13: =LOG(A13,2) -> 6.169925 | C13: =B13-B12 -> 0.169925 | D13: =C13/(A13-A12) -> 0.021240625
A14: 80 | B14: =LOG(A14,2) -> 6.3219281 | C14: =B14-B13 -> 0.15200309 | D14: =C14/(A14-A13) -> 0.019000387
A15: 90 | B15: =LOG(A15,2) -> 6.4918531 | C15: =B15-B14 -> 0.169925 | D15: =C15/(A15-A14) -> 0.0169925
A16: 100 | B16: =LOG(A16,2) -> 6.6438562 | C16: =B16-B15 -> 0.15200309 | D16: =C16/(A16-A15) -> 0.015200309 | E16: 노드수 | F16: log2(N)
A17: 110 | B17: =LOG(A17,2) -> 6.7813597 | C17: =B17-B16 -> 0.13750352 | D17: =C17/(A17-A16) -> 0.013750352 | E17: 4 | F17: =LOG(E17,2) -> 2
A18: 128 | B18: =LOG(A18,2) -> 7 | C18: =B18-B17 -> 0.21864029 | D18: =C18/(A18-A17) -> 0.012146683 | E18: 6 | F18: =LOG(E18,2) -> 2.5849625
E19: 6 | F19: =LOG(E19,2) -> 2.5849625
E20: 7 | F20: =LOG(E20,2) -> 2.8073549
E21: 8 | F21: =LOG(E21,2) -> 3
E22: 9 | F22: =LOG(E22,2) -> 3.169925
E23: 10 | F23: =LOG(E23,2) -> 3.3219281
E24: 11 | F24: =LOG(E24,2) -> 3.4594316
E25: 12 | F25: =LOG(E25,2) -> 3.5849625
E26: 13 | F26: =LOG(E26,2) -> 3.7004397
E27: 14 | F27: =LOG(E27,2) -> 3.8073549
E28: 15 | F28: =LOG(E28,2) -> 3.9068906
E29: 16 | F29: =LOG(E29,2) -> 4
E30: 17 | F30: =LOG(E30,2) -> 4.0874628
... E144: 131 | F144: =LOG(E144,2) -> 7.033423

Sheet # Sheet1
L9: 2 | M9: 4 | N9: 6 | O9: 8 | P9: 10 | Q9: 12 | R9: 14
L10: =2^L9 -> 4 | M10: =2^M9 -> 16 | N10: =2^N9 -> 64 | O10: =2^O9 -> 256 | P10: =2^P9 -> 1024 | Q10: =2^Q9 -> 4096 | R10: =2^R9 -> 16384
B17: 노드 수 (N) | C17: 평균 Hop 수 | D17: 최대 Hop 수 | E17: log2(N)
B18: 128 | C18: 7.14 | D18: 9.5 | E18: 7
B19: 256 | C19: 8.69 | D19: 12.75 | E19: 8
B20: 512 | C20: 9.37 | D20: 13.95 | E20: 9
B21: 1024 | C21: 10.18 | D21: 13.39 | E21: 10
B22: 2048 | C22: 10.66 | D22: 15.33 | E22: 11
B23: 4096 | C23: 12.7 | D23: 17.26 | E23: 12

Sheet 1. FingerTable(기본)
B1: (127.0.0.1:6000) ID: 876 | G1: (127.0.0.1 : 6001) ID: 481 | L1: (127.0.0.1 : 6002) ID: 621 | Q1: (127.0.0.1 : 6003) ID: 906 | V1: (127.0.0.1 : 6004) ID: 60
B2: Node | C2: Finger(k) | D2: Start | E2: Succ | G2: Node | H2: Finger(k) | I2: Start | J2: Succ | L2: Node | M2: Finger(k) | N2: Start | O2: Succ | Q2: Node | R2: Finger(k) | S2: Start | T2: Succ | V2: Node | W2: Finger(k) | X2: Start | Y2: Succ
B3: 876 | C3: 1 | D3: 877 | E3: 906 | G3: 481 | H3: 1 | I3: 482 | J3: 621 | L3: 621 | M3: 1 | N3: 622 | O3: 772 | Q3: 906 | R3: 1 | S3: 907 | T3: 60 | V3: 60 | W3: 1 | X3: 61 | Y3: 112
C4: 2 | D4: 878 | E4: 906 | H4: 2 | I4: 483 | J4: 621 | M4: 2 | N4: 623 | O4: 772 | R4: 2 | S4: 908 | T4: 60 | W4: 2 | X4: 62 | Y4: 112
C5: 3 | D5: 880 | E5: 906 | H5: 3 | I5: 485 | J5: 621 | M5: 3 | N5: 625 | O5: 772 | R5: 3 | S5: 910 | T5: 60 | W5: 3 | X5: 64 | Y5: 112
C6: 4 | D6: 884 | E6: 906 | H6: 4 | I6: 489 | J6: 621 | M6: 4 | N6: 629 | O6: 772 | R6: 4 | S6: 914 | T6: 60 | W6: 4 | X6: 68 | Y6: 112
C7: 5 | D7: 892 | E7: 906 | H7: 5 | I7: 497 | J7: 621 | M7: 5 | N7: 637 | O7: 772 | R7: 5 | S7: 922 | T7: 60 | W7: 5 | X7: 76 | Y7: 112
C8: 6 | D8: 908 | E8: 60 | H8: 6 | I8: 513 | J8: 621 | M8: 6 | N8: 653 | O8: 772 | R8: 6 | S8: 938 | T8: 60 | W8: 6 | X8: 92 | Y8: 112
C9: 7 | D9: 940 | E9: 60 | H9: 7 | I9: 545 | J9: 621 | M9: 7 | N9: 685 | O9: 772 | R9: 7 | S9: 970 | T9: 60 | W9: 7 | X9: 124 | Y9: 377
C10: 8 | D10: 1004 | E10: 60 | H10: 8 | I10: 609 | J10: 621 | M10: 8 | N10: 749 | O10: 772 | R10: 8 | S10: 10* | T10: 60 | W10: 8 | X10: 188 | Y10: 377
C11: 9 | D11: 108* | E11: 112 | H11: 9 | I11: 737 | J11: 772 | M11: 9 | N11: 877 | O11: 906 | R11: 9 | S11: 138* | T11: 377 | W11: 9 | X11: 316 | Y11: 377
C12: 10 | D12: 364* | E12: 377 | H12: 10 | I12: 993 | J12: 60 | M12: 10 | N12: 109* | O12: 112 | R12: 10 | S12: 394* | T12: 477 | W12: 10 | X12: 572 | Y12: 621
B14: (127.0.0.1 : 6005) ID: 112 | G14: (127.0.0.1 : 6006) ID: 477 | L14: (127.0.0.1 : 6007) ID: 377 | Q14: (127.0.0.1 : 6008) ID: 864 | V14: 127.0.0.1 : 6009) ID: 772
B15: Node | C15: Finger(k) | D15: Start | E15: Succ | G15: Node | H15: Finger(k) | I15: Start | J15: Succ | L15: Node | M15: Finger(k) | N15: Start | O15: Succ | Q15: Node | R15: Finger(k) | S15: Start | T15: Succ | V15: Node | W15: Finger(k) | X15: Start | Y15: Succ
B16: 112 | C16: 1 | D16: 113 | E16: 377 | G16: 477 | H16: 1 | I16: 478 | J16: 481 | L16: 377 | M16: 1 | N16: 378 | O16: 477 | Q16: 864 | R16: 1 | S16: 865 | T16: 876 | V16: 772 | W16: 1 | X16: 773 | Y16: 864
C17: 2 | D17: 114 | E17: 377 | H17: 2 | I17: 479 | J17: 481 | M17: 2 | N17: 379 | O17: 477 | R17: 2 | S17: 866 | T17: 876 | W17: 2 | X17: 774 | Y17: 864
C18: 3 | D18: 116 | E18: 377 | H18: 3 | I18: 481 | J18: 481 | M18: 3 | N18: 381 | O18: 477 | R18: 3 | S18: 868 | T18: 876 | W18: 3 | X18: 776 | Y18: 864
C19: 4 | D19: 120 | E19: 377 | H19: 4 | I19: 485 | J19: 621 | M19: 4 | N19: 385 | O19: 477 | R19: 4 | S19: 872 | T19: 876 | W19: 4 | X19: 780 | Y19: 864
C20: 5 | D20: 128 | E20: 377 | H20: 5 | I20: 493 | J20: 621 | M20: 5 | N20: 393 | O20: 477 | R20: 5 | S20: 880 | T20: 906 | W20: 5 | X20: 788 | Y20: 864
C21: 6 | D21: 144 | E21: 377 | H21: 6 | I21: 509 | J21: 621 | M21: 6 | N21: 409 | O21: 477 | R21: 6 | S21: 896 | T21: 906 | W21: 6 | X21: 804 | Y21: 864
C22: 7 | D22: 176 | E22: 377 | H22: 7 | I22: 541 | J22: 621 | M22: 7 | N22: 441 | O22: 477 | R22: 7 | S22: 928 | T22: 60 | W22: 7 | X22: 836 | Y22: 864
C23: 8 | D23: 240 | E23: 377 | H23: 8 | I23: 605 | J23: 621 | M23: 8 | N23: 505 | O23: 621 | R23: 8 | S23: 992 | T23: 60 | W23: 8 | X23: 900 | Y23: 906
C24: 9 | D24: 368 | E24: 377 | H24: 9 | I24: 733 | J24: 772 | M24: 9 | N24: 633 | O24: 772 | R24: 9 | S24: 96* | T24: 112 | W24: 9 | X24: 4* | Y24: 60
C25: 10 | D25: 624 | E25: 772 | H25: 10 | I25: 989 | J25: 60 | M25: 10 | N25: 889 | O25: 906 | R25: 10 | S25: 352* | T25: 377 | W25: 10 | X25: 260* | Y25: 377

Sheet 2. 기본(4~128)
B1: 251110_SEQ_RESULT_1차테스트
B2: 노드수(N) | C2: 전체 Hop 수 | D2: 평균 Hop 수 | E2: 최대 Hop 수 | F2: log2(N) | G2: 증가 | H2: log2(N)/2
B3: =COUNTA('260110_SEQ_RESULT_1차테스트'!A3:A6) -> 4 | C3: =SUM('260110_SEQ_RESULT_1차테스트'!A3:A6) -> 9 | D3: =C3/B3 -> 2.25 | E3: =MAX('260110_SEQ_RESULT_1차테스트'!A3:A6) -> 3 | F3: =LOG(B3,2) -> 2 | H3: =F3/2 -> 1
B4: =COUNTA('260110_SEQ_RESULT_1차테스트'!A8:A13) -> 6 | C4: =SUM('260110_SEQ_RESULT_1차테스트'!A8:A13) -> 16 | D4: =C4/B4 -> 2.6666667 | E4: =MAX('260110_SEQ_RESULT_1차테스트'!A8:A13) -> 4 | F4: =LOG(B4,2) -> 2.5849625 | G4: =D4-D3 -> 0.41666667 | H4: =F4/2 -> 1.2924813
B5: =COUNTA('260110_SEQ_RESULT_1차테스트'!A15:A22) -> 8 | C5: =SUM('260110_SEQ_RESULT_1차테스트'!A15:A22) -> 22 | D5: =C5/B5 -> 2.75 | E5: =MAX('260110_SEQ_RESULT_1차테스트'!A15:A22) -> 4 | F5: =LOG(B5,2) -> 3 | G5: =D5-D4 -> 0.083333333 | H5: =F5/2 -> 1.5
B6: =COUNTA('260110_SEQ_RESULT_1차테스트'!A24:A33) -> 10 | C6: =SUM('260110_SEQ_RESULT_1차테스트'!A24:A33) -> 32 | D6: =C6/B6 -> 3.2 | E6: =MAX('260110_SEQ_RESULT_1차테스트'!A24:A33) -> 5 | F6: =LOG(B6,2) -> 3.3219281 | G6: =D6-D5 -> 0.45 | H6: =F6/2 -> 1.660964
B7: =COUNTA('260110_SEQ_RESULT_1차테스트'!A35:A50) -> 16 | C7: =SUM('260110_SEQ_RESULT_1차테스트'!A35:A50) -> 58 | D7: =C7/B7 -> 3.625 | E7: =MAX('260110_SEQ_RESULT_1차테스트'!A35:A50) -> 5 | F7: =LOG(B7,2) -> 4 | G7: =D7-D6 -> 0.425 | H7: =F7/2 -> 2
B8: =COUNTA('260110_SEQ_RESULT_1차테스트'!A52:A71) -> 20 | C8: =SUM('260110_SEQ_RESULT_1차테스트'!A52:A71) -> 79 | D8: =C8/B8 -> 3.95 | E8: =MAX('260110_SEQ_RESULT_1차테스트'!A52:A71) -> 5 | F8: =LOG(B8,2) -> 4.3219281 | G8: =D8-D7 -> 0.325 | H8: =F8/2 -> 2.160964
B9: =COUNTA('260110_SEQ_RESULT_1차테스트'!A73:A104) -> 32 | C9: =SUM('260110_SEQ_RESULT_1차테스트'!A73:A104) -> 130 | D9: =C9/B9 -> 4.0625 | E9: =MAX('260110_SEQ_RESULT_1차테스트'!A73:A104) -> 6 | F9: =LOG(B9,2) -> 5 | G9: =D9-D8 -> 0.1125 | H9: =F9/2 -> 2.5
B10: =COUNTA('260110_SEQ_RESULT_1차테스트'!A106:A145) -> 40 | C10: =SUM('260110_SEQ_RESULT_1차테스트'!A106:A145) -> 170 | D10: =C10/B10 -> 4.25 | E10: =MAX('260110_SEQ_RESULT_1차테스트'!A106:A145) -> 6 | F10: =LOG(B10,2) -> 5.3219281 | G10: =D10-D9 -> 0.1875 | H10: =F10/2 -> 2.660964
B11: =COUNTA('260110_SEQ_RESULT_1차테스트'!A147:A194) -> 48 | C11: =SUM('260110_SEQ_RESULT_1차테스트'!A147:A194) -> 215 | D11: =C11/B11 -> 4.4791667 | E11: =MAX('260110_SEQ_RESULT_1차테스트'!A147:A194) -> 7 | F11: =LOG(B11,2) -> 5.5849625 | G11: =D11-D10 -> 0.22916667 | H11: =F11/2 -> 2.7924813
B12: =COUNTA('260110_SEQ_RESULT_1차테스트'!A196:A251) -> 56 | C12: =SUM('260110_SEQ_RESULT_1차테스트'!A196:A251) -> 260 | D12: =C12/B12 -> 4.6428571 | E12: =MAX('260110_SEQ_RESULT_1차테스트'!A196:A251) -> 7 | F12: =LOG(B12,2) -> 5.8073549 | G12: =D12-D11 -> 0.16369048 | H12: =F12/2 -> 2.9036775
B13: =COUNTA('260110_SEQ_RESULT_1차테스트'!A253:A316) -> 64 | C13: =SUM('260110_SEQ_RESULT_1차테스트'!A253:A316) -> 301 | D13: =C13/B13 -> 4.703125 | E13: =MAX('260110_SEQ_RESULT_1차테스트'!A253:A316) -> 7 | F13: =LOG(B13,2) -> 6 | G13: =D13-D12 -> 0.060267857 | H13: =F13/2 -> 3
B14: =COUNTA('260110_SEQ_RESULT_1차테스트'!A318:A389) -> 72 | C14: =SUM('260110_SEQ_RESULT_1차테스트'!A318:A389) -> 344 | D14: =C14/B14 -> 4.7777778 | E14: =MAX('260110_SEQ_RESULT_1차테스트'!A318:A389) -> 8 | F14: =LOG(B14,2) -> 6.169925 | G14: =D14-D13 -> 0.074652778 | H14: =F14/2 -> 3.0849625
B15: =COUNTA('260110_SEQ_RESULT_1차테스트'!A391:A470) -> 80 | C15: =SUM('260110_SEQ_RESULT_1차테스트'!A391:A470) -> 389 | D15: =C15/B15 -> 4.8625 | E15: =MAX('260110_SEQ_RESULT_1차테스트'!A391:A470) -> 8 | F15: =LOG(B15,2) -> 6.3219281 | G15: =D15-D14 -> 0.084722222 | H15: =F15/2 -> 3.160964
B16: =COUNTA('260110_SEQ_RESULT_1차테스트'!A472:A561) -> 90 | C16: =SUM('260110_SEQ_RESULT_1차테스트'!A472:A561) -> 447 | D16: =C16/B16 -> 4.9666667 | E16: =MAX('260110_SEQ_RESULT_1차테스트'!A472:A561) -> 8 | F16: =LOG(B16,2) -> 6.4918531 | G16: =D16-D15 -> 0.10416667 | H16: =F16/2 -> 3.2459265
B17: =COUNTA('260110_SEQ_RESULT_1차테스트'!A563:A662) -> 100 | C17: =SUM('260110_SEQ_RESULT_1차테스트'!A563:A662) -> 505 | D17: =C17/B17 -> 5.05 | E17: =MAX('260110_SEQ_RESULT_1차테스트'!A563:A662) -> 8 | F17: =LOG(B17,2) -> 6.6438562 | G17: =D17-D16 -> 0.083333333 | H17: =F17/2 -> 3.3219281
B18: =COUNTA('260110_SEQ_RESULT_1차테스트'!A664:A773) -> 110 | C18: =SUM('260110_SEQ_RESULT_1차테스트'!A664:A773) -> 561 | D18: =C18/B18 -> 5.1 | E18: =MAX('260110_SEQ_RESULT_1차테스트'!A664:A773) -> 8 | F18: =LOG(B18,2) -> 6.7813597 | G18: =D18-D17 -> 0.05 | H18: =F18/2 -> 3.3906799
B19: =COUNTA('260110_SEQ_RESULT_1차테스트'!A775:A902) -> 128 | C19: =SUM('260110_SEQ_RESULT_1차테스트'!A775:A902) -> 676 | D19: =C19/B19 -> 5.28125 | E19: =MAX('260110_SEQ_RESULT_1차테스트'!A775:A902) -> 8 | F19: =LOG(B19,2) -> 7 | G19: =D19-D18 -> 0.18125 | H19: =F19/2 -> 3.5
B21: 250205_SQL_RESULT_2차테스트(FingerTable에서 비교검색)
B22: 불필요한 네트워크 통신(Hop)을 1회 줄여주는 최적화(Optimization)
B23: Chord 알고리즘의 SearchNodeAtFingerTable (보통 closest_preceding_node라고 부름) 함수는 원래 "Target 바로 앞의 노드"를 찾아서 그 노드에게 길을 물어보는 역할
B24: 내 Finger Table에 찾는 Target(목적지)이 이미 명확히 적혀 있다
B26: 노드수(N) | C26: 전체 Hop 수 | D26: 평균 Hop 수 | E26: 최대 Hop 수 | F26: log2(N) | G26: 증가 | H26: log2(N)/2
B27: =COUNTA('260206_SQL_RESULT_2차테스트'!A3:A6) -> 4 | C27: =SUM('260206_SQL_RESULT_2차테스트'!A3:A6) -> 7 | D27: =C27/B27 -> 1.75 | E27: =MAX('260206_SQL_RESULT_2차테스트'!A3:A6) -> 2 | F27: =LOG(B27,2) -> 2 | H27: =F27/2 -> 1
B28: =COUNTA('260206_SQL_RESULT_2차테스트'!A8:A13) -> 6 | C28: =SUM('260206_SQL_RESULT_2차테스트'!A8:A13) -> 12 | D28: =C28/B28 -> 2 | E28: =MAX('260206_SQL_RESULT_2차테스트'!A8:A13) -> 3 | F28: =LOG(B28,2) -> 2.5849625 | G28: =D28-D27 -> 0.25 | H28: =F28/2 -> 1.2924813 | J28: =D28-D27 -> 0.25
B29: =COUNTA('260206_SQL_RESULT_2차테스트'!A15:A22) -> 8 | C29: =SUM('260206_SQL_RESULT_2차테스트'!A15:A22) -> 16 | D29: =C29/B29 -> 2 | E29: =MAX('260206_SQL_RESULT_2차테스트'!A15:A22) -> 3 | F29: =LOG(B29,2) -> 3 | G29: =D29-D28 -> 0 | H29: =F29/2 -> 1.5
B30: =COUNTA('260206_SQL_RESULT_2차테스트'!A24:A33) -> 10 | C30: =SUM('260206_SQL_RESULT_2차테스트'!A24:A33) -> 26 | D30: =C30/B30 -> 2.6 | E30: =MAX('260206_SQL_RESULT_2차테스트'!A24:A33) -> 4 | F30: =LOG(B30,2) -> 3.3219281 | G30: =D30-D29 -> 0.6 | H30: =F30/2 -> 1.660964
B31: =COUNTA('260206_SQL_RESULT_2차테스트'!A35:A50) -> 16 | C31: =SUM('260206_SQL_RESULT_2차테스트'!A35:A50) -> 46 | D31: =C31/B31 -> 2.875 | E31: =MAX('260206_SQL_RESULT_2차테스트'!A35:A50) -> 4 | F31: =LOG(B31,2) -> 4 | G31: =D31-D30 -> 0.275 | H31: =F31/2 -> 2
B32: =COUNTA('260206_SQL_RESULT_2차테스트'!A52:A71) -> 20 | C32: =SUM('260206_SQL_RESULT_2차테스트'!A52:A71) -> 63 | D32: =C32/B32 -> 3.15 | E32: =MAX('260206_SQL_RESULT_2차테스트'!A52:A71) -> 4 | F32: =LOG(B32,2) -> 4.3219281 | G32: =D32-D31 -> 0.275 | H32: =F32/2 -> 2.160964
B33: =COUNTA('260206_SQL_RESULT_2차테스트'!A73:A104) -> 32 | C33: =SUM('260206_SQL_RESULT_2차테스트'!A73:A104) -> 102 | D33: =C33/B33 -> 3.1875 | E33: =MAX('260206_SQL_RESULT_2차테스트'!A73:A104) -> 5 | F33: =LOG(B33,2) -> 5 | G33: =D33-D32 -> 0.0375 | H33: =F33/2 -> 2.5
B34: =COUNTA('260206_SQL_RESULT_2차테스트'!A106:A145) -> 40 | C34: =SUM('260206_SQL_RESULT_2차테스트'!A106:A145) -> 135 | D34: =C34/B34 -> 3.375 | E34: =MAX('260206_SQL_RESULT_2차테스트'!A106:A145) -> 5 | F34: =LOG(B34,2) -> 5.3219281 | G34: =D34-D33 -> 0.1875 | H34: =F34/2 -> 2.660964
B35: =COUNTA('260206_SQL_RESULT_2차테스트'!A147:A194) -> 48 | C35: =SUM('260206_SQL_RESULT_2차테스트'!A147:A194) -> 173 | D35: =C35/B35 -> 3.6041667 | E35: =MAX('260206_SQL_RESULT_2차테스트'!A147:A194) -> 6 | F35: =LOG(B35,2) -> 5.5849625 | G35: =D35-D34 -> 0.22916667 | H35: =F35/2 -> 2.7924813
B36: =COUNTA('260206_SQL_RESULT_2차테스트'!A196:A251) -> 56 | C36: =SUM('260206_SQL_RESULT_2차테스트'!A196:A251) -> 210 | D36: =C36/B36 -> 3.75 | E36: =MAX('260206_SQL_RESULT_2차테스트'!A196:A251) -> 6 | F36: =LOG(B36,2) -> 5.8073549 | G36: =D36-D35 -> 0.14583333 | H36: =F36/2 -> 2.9036775
B37: =COUNTA('260206_SQL_RESULT_2차테스트'!A253:A316) -> 64 | C37: =SUM('260206_SQL_RESULT_2차테스트'!A253:A316) -> 243 | D37: =C37/B37 -> 3.796875 | E37: =MAX('260206_SQL_RESULT_2차테스트'!A253:A316) -> 6 | F37: =LOG(B37,2) -> 6 | G37: =D37-D36 -> 0.046875 | H37: =F37/2 -> 3
B38: =COUNTA('260206_SQL_RESULT_2차테스트'!A318:A389) -> 72 | C38: =SUM('260206_SQL_RESULT_2차테스트'!A318:A389) -> 278 | D38: =C38/B38 -> 3.8611111 | E38: =MAX('260206_SQL_RESULT_2차테스트'!A318:A389) -> 7 | F38: =LOG(B38,2) -> 6.169925 | G38: =D38-D37 -> 0.064236111 | H38: =F38/2 -> 3.0849625
B39: =COUNTA('260206_SQL_RESULT_2차테스트'!A391:A470) -> 80 | C39: =SUM('260206_SQL_RESULT_2차테스트'!A391:A470) -> 315 | D39: =C39/B39 -> 3.9375 | E39: =MAX('260206_SQL_RESULT_2차테스트'!A391:A470) -> 7 | F39: =LOG(B39,2) -> 6.3219281 | G39: =D39-D38 -> 0.076388889 | H39: =F39/2 -> 3.160964
B40: =COUNTA('260206_SQL_RESULT_2차테스트'!A472:A561) -> 90 | C40: =SUM('260206_SQL_RESULT_2차테스트'!A472:A561) -> 363 | D40: =C40/B40 -> 4.0333333 | E40: =MAX('260206_SQL_RESULT_2차테스트'!A472:A561) -> 7 | F40: =LOG(B40,2) -> 6.4918531 | G40: =D40-D39 -> 0.095833333 | H40: =F40/2 -> 3.2459265
B41: =COUNTA('260206_SQL_RESULT_2차테스트'!A563:A662) -> 100 | C41: =SUM('260206_SQL_RESULT_2차테스트'!A563:A662) -> 412 | D41: =C41/B41 -> 4.12 | E41: =MAX('260206_SQL_RESULT_2차테스트'!A563:A662) -> 7 | F41: =LOG(B41,2) -> 6.6438562 | G41: =D41-D40 -> 0.086666667 | H41: =F41/2 -> 3.3219281
B42: =COUNTA('260206_SQL_RESULT_2차테스트'!A664:A773) -> 110 | C42: =SUM('260206_SQL_RESULT_2차테스트'!A664:A773) -> 458 | D42: =C42/B42 -> 4.1636364 | E42: =MAX('260206_SQL_RESULT_2차테스트'!A664:A773) -> 7 | F42: =LOG(B42,2) -> 6.7813597 | G42: =D42-D41 -> 0.043636364 | H42: =F42/2 -> 3.3906799
B43: =COUNTA('260206_SQL_RESULT_2차테스트'!A775:A902) -> 128 | C43: =SUM('260206_SQL_RESULT_2차테스트'!A775:A902) -> 555 | D43: =C43/B43 -> 4.3359375 | E43: =MAX('260206_SQL_RESULT_2차테스트'!A775:A902) -> 7 | F43: =LOG(B43,2) -> 7 | G43: =D43-D42 -> 0.17230114 | H43: =F43/2 -> 3.5 | K43: 그래프(X:노드수, Y: 평균홉수, )
K44: 노두 수 N을 4개에서 128개까지 증가하였을대 평균 홉수를 나타낸다.
K45: 실험 결과 노두수가 증가함에 따라 약 0.5회 미만으로 증가하는 경향을 보였고,
D47: =SUM(D50:D177) -> 2530
D48: 기본 | E48: PACKET 카운트 | F48: =MAX(D50:D177) -> 282
A49: NUM | B49: SEARCH | D49: HOP | L49: 10개 노드 10회 | R49: NUM | S49: START_NODE | T49: SEARCH_MSG | U49: HOP | V49: RESULT | W49: TRACE
A50: 1 | B50: =TRIM(RIGHT('260206_SQL_RESULT_2차테스트'!D775, LEN('260206_SQL_RESULT_2차테스트'!D775)-FIND("-", '260206_SQL_RESULT_2차테스트'!D775))) -> 127.0.0.1:6019 | D50: =COUNTIF('260206_SQL_RESULT_2차테스트'!$E$3:$O$902, B50) -> 61 | L50: 총횟수 | M50: =COUNTA('260212_PACKETCNT 테스트(10개노드)'!D1:V100) -> 641 | S50: =TRIM(LEFT('260212_PACKETCNT 테스트(10개노드)'!C1, LEN('260212_PACKETCNT 테스트(10개노드)'!C1)-1-FIND("-", '260212_PACKETCNT 테스트(10개노드)'!C1))) -> 127.0.0.1:6000 | T50: =TRIM(RIGHT('260212_PACKETCNT 테스트(10개노드)'!C1, LEN('260212_PACKETCNT 테스트(10개노드)'!C1)-FIND("-", '260212_PACKETCNT 테스트(10개노드)'!C1))) -> 127.0.0.1:6003
A51: 2 | B51: =TRIM(RIGHT('260206_SQL_RESULT_2차테스트'!D776, LEN('260206_SQL_RESULT_2차테스트'!D776)-FIND("-", '260206_SQL_RESULT_2차테스트'!D776))) -> 127.0.0.1:6126 | D51: =COUNTIF('260206_SQL_RESULT_2차테스트'!$E$3:$O$902, B51) -> 1 | L51: 127.0.0.1:6000 | M51: =COUNTIF('260212_PACKETCNT 테스트(10개노드)'!$D$1:$V$100,'2. 기본(4~128)'!L51) -> 104 | S51: =TRIM(LEFT('260212_PACKETCNT 테스트(10개노드)'!C2, LEN('260212_PACKETCNT 테스트(10개노드)'!C2)-1-FIND("-", '260212_PACKETCNT 테스트(10개노드)'!C2))) -> 127.0.0.1:6000 | T51: =TRIM(RIGHT('260212_PACKETCNT 테스트(10개노드)'!C2, LEN('260212_PACKETCNT 테스트(10개노드)'!C2)-FIND("-", '260212_PACKETCNT 테스트(10개노드)'!C2))) -> 127.0.0.1:6003
A52: 3 | B52: =TRIM(RIGHT('260206_SQL_RESULT_2차테스트'!D777, LEN('260206_SQL_RESULT_2차테스트'!D777)-FIND("-", '260206_SQL_RESULT_2차테스트'!D777))) -> 127.0.0.1:6041 | D52: =COUNTIF('260206_SQL_RESULT_2차테스트'!$E$3:$O$902, B52) -> 27 | L52: 127.0.0.1:6001 | M52: =COUNTIF('260212_PACKETCNT 테스트(10개노드)'!$D$1:$V$100,'2. 기본(4~128)'!L52) -> 7 | S52: =TRIM(LEFT('260212_PACKETCNT 테스트(10개노드)'!C3, LEN('260212_PACKETCNT 테스트(10개노드)'!C3)-1-FIND("-", '260212_PACKETCNT 테스트(10개노드)'!C3))) -> 127.0.0.1:6000 | T52: =TRIM(RIGHT('260212_PACKETCNT 테스트(10개노드)'!C3, LEN('260212_PACKETCNT 테스트(10개노드)'!C3)-FIND("-", '260212_PACKETCNT 테스트(10개노드)'!C3))) -> 127.0.0.1:6003
A53: 4 | B53: =TRIM(RIGHT('260206_SQL_RESULT_2차테스트'!D778, LEN('260206_SQL_RESULT_2차테스트'!D778)-FIND("-", '260206_SQL_RESULT_2차테스트'!D778))) -> 127.0.0.1:6127 | D53: =COUNTIF('260206_SQL_RESULT_2차테스트'!$E$3:$O$902, B53) -> 7 | L53: 127.0.0.1:6002 | M53: =COUNTIF('260212_PACKETCNT 테스트(10개노드)'!$D$1:$V$100,'2. 기본(4~128)'!L53) -> 55 | S53: =TRIM(LEFT('260212_PACKETCNT 테스트(10개노드)'!C4, LEN('260212_PACKETCNT 테스트(10개노드)'!C4)-1-FIND("-", '260212_PACKETCNT 테스트(10개노드)'!C4))) -> 127.0.0.1:6000 | T53: =TRIM(RIGHT('260212_PACKETCNT 테스트(10개노드)'!C4, LEN('260212_PACKETCNT 테스트(10개노드)'!C4)-FIND("-", '260212_PACKETCNT 테스트(10개노드)'!C4))) -> 127.0.0.1:6003
A54: 5 | B54: =TRIM(RIGHT('260206_SQL_RESULT_2차테스트'!D779, LEN('260206_SQL_RESULT_2차테스트'!D779)-FIND("-", '260206_SQL_RESULT_2차테스트'!D779))) -> 127.0.0.1:6046 | D54: =COUNTIF('260206_SQL_RESULT_2차테스트'!$E$3:$O$902, B54) -> 17 | L54: 127.0.0.1:6003 | M54: =COUNTIF('260212_PACKETCNT 테스트(10개노드)'!$D$1:$V$100,'2. 기본(4~128)'!L54) -> 100 | S54: =TRIM(LEFT('260212_PACKETCNT 테스트(10개노드)'!C5, LEN('260212_PACKETCNT 테스트(10개노드)'!C5)-1-FIND("-", '260212_PACKETCNT 테스트(10개노드)'!C5))) -> 127.0.0.1:6000 | T54: =TRIM(RIGHT('260212_PACKETCNT 테스트(10개노드)'!C5, LEN('260212_PACKETCNT 테스트(10개노드)'!C5)-FIND("-", '260212_PACKETCNT 테스트(10개노드)'!C5))) -> 127.0.0.1:6003
A55: 6 | B55: =TRIM(RIGHT('260206_SQL_RESULT_2차테스트'!D780, LEN('260206_SQL_RESULT_2차테스트'!D780)-FIND("-", '260206_SQL_RESULT_2차테스트'!D780))) -> 127.0.0.1:6029 | D55: =COUNTIF('260206_SQL_RESULT_2차테스트'!$E$3:$O$902, B55) -> 11 | L55: 127.0.0.1:6004 | M55: =COUNTIF('260212_PACKETCNT 테스트(10개노드)'!$D$1:$V$100,'2. 기본(4~128)'!L55) -> 62 | S55: =TRIM(LEFT('260212_PACKETCNT 테스트(10개노드)'!C6, LEN('260212_PACKETCNT 테스트(10개노드)'!C6)-1-FIND("-", '260212_PACKETCNT 테스트(10개노드)'!C6))) -> 127.0.0.1:6000 | T55: =TRIM(RIGHT('260212_PACKETCNT 테스트(10개노드)'!C6, LEN('260212_PACKETCNT 테스트(10개노드)'!C6)-FIND("-", '260212_PACKETCNT 테스트(10개노드)'!C6))) -> 127.0.0.1:6003
A56: 7 | B56: =TRIM(RIGHT('260206_SQL_RESULT_2차테스트'!D781, LEN('260206_SQL_RESULT_2차테스트'!D781)-FIND("-", '260206_SQL_RESULT_2차테스트'!D781))) -> 127.0.0.1:6074 | D56: =COUNTIF('260206_SQL_RESULT_2차테스트'!$E$3:$O$902, B56) -> 7 | L56: 127.0.0.1:6005 | M56: =COUNTIF('260212_PACKETCNT 테스트(10개노드)'!$D$1:$V$100,'2. 기본(4~128)'!L56) -> 69 | S56: =TRIM(LEFT('260212_PACKETCNT 테스트(10개노드)'!C7, LEN('260212_PACKETCNT 테스트(10개노드)'!C7)-1-FIND("-", '260212_PACKETCNT 테스트(10개노드)'!C7))) -> 127.0.0.1:6000 | T56: =TRIM(RIGHT('260212_PACKETCNT 테스트(10개노드)'!C7, LEN('260212_PACKETCNT 테스트(10개노드)'!C7)-FIND("-", '260212_PACKETCNT 테스트(10개노드)'!C7))) -> 127.0.0.1:6003
A57: 8 | B57: =TRIM(RIGHT('260206_SQL_RESULT_2차테스트'!D782, LEN('260206_SQL_RESULT_2차테스트'!D782)-FIND("-", '260206_SQL_RESULT_2차테스트'!D782))) -> 127.0.0.1:6035 | D57: =COUNTIF('260206_SQL_RESULT_2차테스트'!$E$3:$O$902, B57) -> 14 | L57: 127.0.0.1:6006 | M57: =COUNTIF('260212_PACKETCNT 테스트(10개노드)'!$D$1:$V$100,'2. 기본(4~128)'!L57) -> 27 | S57: =TRIM(LEFT('260212_PACKETCNT 테스트(10개노드)'!C8, LEN('260212_PACKETCNT 테스트(10개노드)'!C8)-1-FIND("-", '260212_PACKETCNT 테스트(10개노드)'!C8))) -> 127.0.0.1:6000 | T57: =TRIM(RIGHT('260212_PACKETCNT 테스트(10개노드)'!C8, LEN('260212_PACKETCNT 테스트(10개노드)'!C8)-FIND("-", '260212_PACKETCNT 테스트(10개노드)'!C8))) -> 127.0.0.1:6003
A58: 9 | B58: =TRIM(RIGHT('260206_SQL_RESULT_2차테스트'!D783, LEN('260206_SQL_RESULT_2차테스트'!D783)-FIND("-", '260206_SQL_RESULT_2차테스트'!D783))) -> 127.0.0.1:6076 | D58: =COUNTIF('260206_SQL_RESULT_2차테스트'!$E$3:$O$902, B58) -> 8 | L58: 127.0.0.1:6007 | M58: =COUNTIF('260212_PACKETCNT 테스트(10개노드)'!$D$1:$V$100,'2. 기본(4~128)'!L58) -> 106 | S58: =TRIM(LEFT('260212_PACKETCNT 테스트(10개노드)'!C9, LEN('260212_PACKETCNT 테스트(10개노드)'!C9)-1-FIND("-", '260212_PACKETCNT 테스트(10개노드)'!C9))) -> 127.0.0.1:6000 | T58: =TRIM(RIGHT('260212_PACKETCNT 테스트(10개노드)'!C9, LEN('260212_PACKETCNT 테스트(10개노드)'!C9)-FIND("-", '260212_PACKETCNT 테스트(10개노드)'!C9))) -> 127.0.0.1:6003
A59: 10 | B59: =TRIM(RIGHT('260206_SQL_RESULT_2차테스트'!D784, LEN('260206_SQL_RESULT_2차테스트'!D784)-FIND("-", '260206_SQL_RESULT_2차테스트'!D784))) -> 127.0.0.1:6059 | D59: =COUNTIF('260206_SQL_RESULT_2차테스트'!$E$3:$O$902, B59) -> 7 | L59: 127.0.0.1:6008 | M59: =COUNTIF('260212_PACKETCNT 테스트(10개노드)'!$D$1:$V$100,'2. 기본(4~128)'!L59) -> 22 | S59: =TRIM(LEFT('260212_PACKETCNT 테스트(10개노드)'!C10, LEN('260212_PACKETCNT 테스트(10개노드)'!C10)-1-FIND("-", '260212_PACKETCNT 테스트(10개노드)'!C10))) -> 127.0.0.1:6000 | T59: =TRIM(RIGHT('260212_PACKETCNT 테스트(10개노드)'!C10, LEN('260212_PACKETCNT 테스트(10개노드)'!C10)-FIND("-", '260212_PACKETCNT 테스트(10개노드)'!C10))) -> 127.0.0.1:6003
A60: 11 | B60: =TRIM(RIGHT('260206_SQL_RESULT_2차테스트'!D785, LEN('260206_SQL_RESULT_2차테스트'!D785)-FIND("-", '260206_SQL_RESULT_2차테스트'!D785))) -> 127.0.0.1:6018 | D60: =COUNTIF('260206_SQL_RESULT_2차테스트'!$E$3:$O$902, B60) -> 153 | L60: 127.0.0.1:6009 | M60: =COUNTIF('260212_PACKETCNT 테스트(10개노드)'!$D$1:$V$100,'2. 기본(4~128)'!L60) -> 89 | S60: =TRIM(LEFT('260212_PACKETCNT 테스트(10개노드)'!C11, LEN('260212_PACKETCNT 테스트(10개노드)'!C11)-1-FIND("-", '260212_PACKETCNT 테스트(10개노드)'!C11))) -> 127.0.0.1:6000 | T60: =TRIM(RIGHT('260212_PACKETCNT 테스트(10개노드)'!C11, LEN('260212_PACKETCNT 테스트(10개노드)'!C11)-FIND("-", '260212_PACKETCNT 테스트(10개노드)'!C11))) -> 127.0.0.1:6003
A61: 12 | B61: =TRIM(RIGHT('260206_SQL_RESULT_2차테스트'!D786, LEN('260206_SQL_RESULT_2차테스트'!D786)-FIND("-", '260206_SQL_RESULT_2차테스트'!D786))) -> 127.0.0.1:6037 | D61: =COUNTIF('260206_SQL_RESULT_2차테스트'!$E$3:$O$902, B61) -> 10 | L61: 127.0.0.1:6010 | M61: =COUNTIF('260212_PACKETCNT 테스트(10개노드)'!$D$1:$V$100,'2. 기본(4~128)'!L61) -> 0 | S61: =TRIM(LEFT('260212_PACKETCNT 테스트(10개노드)'!C12, LEN('260212_PACKETCNT 테스트(10개노드)'!C12)-1-FIND("-", '260212_PACKETCNT 테스트(10개노드)'!C12))) -> 127.0.0.1:6000 | T61: =TRIM(RIGHT('260212_PACKETCNT 테스트(10개노드)'!C12, LEN('260212_PACKETCNT 테스트(10개노드)'!C12)-FIND("-", '260212_PACKETCNT 테스트(10개노드)'!C12))) -> 127.0.0.1:6003
A62: 13 | B62: =TRIM(RIGHT('260206_SQL_RESULT_2차테스트'!D787, LEN('260206_SQL_RESULT_2차테스트'!D787)-FIND("-", '260206_SQL_RESULT_2차테스트'!D787))) -> 127.0.0.1:6047 | D62: =COUNTIF('260206_SQL_RESULT_2차테스트'!$E$3:$O$902, B62) -> 23 | S62: =TRIM(LEFT('260212_PACKETCNT 테스트(10개노드)'!C13, LEN('260212_PACKETCNT 테스트(10개노드)'!C13)-1-FIND("-", '260212_PACKETCNT 테스트(10개노드)'!C13))) -> 127.0.0.1:6000 | T62: =TRIM(RIGHT('260212_PACKETCNT 테스트(10개노드)'!C13, LEN('260212_PACKETCNT 테스트(10개노드)'!C13)-FIND("-", '260212_PACKETCNT 테스트(10개노드)'!C13))) -> 127.0.0.1:6003
A63: 14 | B63: =TRIM(RIGHT('260206_SQL_RESULT_2차테스트'!D788, LEN('260206_SQL_RESULT_2차테스트'!D788)-FIND("-", '260206_SQL_RESULT_2차테스트'!D788))) -> 127.0.0.1:6051 | D63: =COUNTIF('260206_SQL_RESULT_2차테스트'!$E$3:$O$902, B63) -> 8 | S63: =TRIM(LEFT('260212_PACKETCNT 테스트(10개노드)'!C14, LEN('260212_PACKETCNT 테스트(10개노드)'!C14)-1-FIND("-", '260212_PACKETCNT 테스트(10개노드)'!C14))) -> 127.0.0.1:6000 | T63: =TRIM(RIGHT('260212_PACKETCNT 테스트(10개노드)'!C14, LEN('260212_PACKETCNT 테스트(10개노드)'!C14)-FIND("-", '260212_PACKETCNT 테스트(10개노드)'!C14))) -> 127.0.0.1:6003
A64: 15 | B64: =TRIM(RIGHT('260206_SQL_RESULT_2차테스트'!D789, LEN('260206_SQL_RESULT_2차테스트'!D789)-FIND("-", '260206_SQL_RESULT_2차테스트'!D789))) -> 127.0.0.1:6123 | D64: =COUNTIF('260206_SQL_RESULT_2차테스트'!$E$3:$O$902, B64) -> 7 | S64: =TRIM(LEFT('260212_PACKETCNT 테스트(10개노드)'!C15, LEN('260212_PACKETCNT 테스트(10개노드)'!C15)-1-FIND("-", '260212_PACKETCNT 테스트(10개노드)'!C15))) -> 127.0.0.1:6000 | T64: =TRIM(RIGHT('260212_PACKETCNT 테스트(10개노드)'!C15, LEN('260212_PACKETCNT 테스트(10개노드)'!C15)-FIND("-", '260212_PACKETCNT 테스트(10개노드)'!C15))) -> 127.0.0.1:6003
A65: 16 | B65: =TRIM(RIGHT('260206_SQL_RESULT_2차테스트'!D790, LEN('260206_SQL_RESULT_2차테스트'!D790)-FIND("-", '260206_SQL_RESULT_2차테스트'!D790))) -> 127.0.0.1:6117 | D65: =COUNTIF('260206_SQL_RESULT_2차테스트'!$E$3:$O$902, B65) -> 1 | S65: =TRIM(LEFT('260212_PACKETCNT 테스트(10개노드)'!C16, LEN('260212_PACKETCNT 테스트(10개노드)'!C16)-1-FIND("-", '260212_PACKETCNT 테스트(10개노드)'!C16))) -> 127.0.0.1:6000 | T65: =TRIM(RIGHT('260212_PACKETCNT 테스트(10개노드)'!C16, LEN('260212_PACKETCNT 테스트(10개노드)'!C16)-FIND("-", '260212_PACKETCNT 테스트(10개노드)'!C16))) -> 127.0.0.1:6003
A66: 17 | B66: =TRIM(RIGHT('260206_SQL_RESULT_2차테스트'!D791, LEN('260206_SQL_RESULT_2차테스트'!D791)-FIND("-", '260206_SQL_RESULT_2차테스트'!D791))) -> 127.0.0.1:6020 | D66: =COUNTIF('260206_SQL_RESULT_2차테스트'!$E$3:$O$902, B66) -> 31 | S66: =TRIM(LEFT('260212_PACKETCNT 테스트(10개노드)'!C17, LEN('260212_PACKETCNT 테스트(10개노드)'!C17)-1-FIND("-", '260212_PACKETCNT 테스트(10개노드)'!C17))) -> 127.0.0.1:6000 | T66: =TRIM(RIGHT('260212_PACKETCNT 테스트(10개노드)'!C17, LEN('260212_PACKETCNT 테스트(10개노드)'!C17)-FIND("-", '260212_PACKETCNT 테스트(10개노드)'!C17))) -> 127.0.0.1:6003
A67: 18 | B67: =TRIM(RIGHT('260206_SQL_RESULT_2차테스트'!D792, LEN('260206_SQL_RESULT_2차테스트'!D792)-FIND("-", '260206_SQL_RESULT_2차테스트'!D792))) -> 127.0.0.1:6065 | D67: =COUNTIF('260206_SQL_RESULT_2차테스트'!$E$3:$O$902, B67) -> 6 | S67: =TRIM(LEFT('260212_PACKETCNT 테스트(10개노드)'!C18, LEN('260212_PACKETCNT 테스트(10개노드)'!C18)-1-FIND("-", '260212_PACKETCNT 테스트(10개노드)'!C18))) -> 127.0.0.1:6000 | T67: =TRIM(RIGHT('260212_PACKETCNT 테스트(10개노드)'!C18, LEN('260212_PACKETCNT 테스트(10개노드)'!C18)-FIND("-", '260212_PACKETCNT 테스트(10개노드)'!C18))) -> 127.0.0.1:6003
A68: 19 | B68: =TRIM(RIGHT('260206_SQL_RESULT_2차테스트'!D793, LEN('260206_SQL_RESULT_2차테스트'!D793)-FIND("-", '260206_SQL_RESULT_2차테스트'!D793))) -> 127.0.0.1:6077 | D68: =COUNTIF('260206_SQL_RESULT_2차테스트'!$E$3:$O$902, B68) -> 7 | S68: =TRIM(LEFT('260212_PACKETCNT 테스트(10개노드)'!C19, LEN('260212_PACKETCNT 테스트(10개노드)'!C19)-1-FIND("-", '260212_PACKETCNT 테스트(10개노드)'!C19))) -> 127.0.0.1:6000 | T68: =TRIM(RIGHT('260212_PACKETCNT 테스트(10개노드)'!C19, LEN('260212_PACKETCNT 테스트(10개노드)'!C19)-FIND("-", '260212_PACKETCNT 테스트(10개노드)'!C19))) -> 127.0.0.1:6003
A69: 20 | B69: =TRIM(RIGHT('260206_SQL_RESULT_2차테스트'!D794, LEN('260206_SQL_RESULT_2차테스트'!D794)-FIND("-", '260206_SQL_RESULT_2차테스트'!D794))) -> 127.0.0.1:6082 | D69: =COUNTIF('260206_SQL_RESULT_2차테스트'!$E$3:$O$902, B69) -> 4 | S69: =TRIM(LEFT('260212_PACKETCNT 테스트(10개노드)'!C20, LEN('260212_PACKETCNT 테스트(10개노드)'!C20)-1-FIND("-", '260212_PACKETCNT 테스트(10개노드)'!C20))) -> 127.0.0.1:6000 | T69: =TRIM(RIGHT('260212_PACKETCNT 테스트(10개노드)'!C20, LEN('260212_PACKETCNT 테스트(10개노드)'!C20)-FIND("-", '260212_PACKETCNT 테스트(10개노드)'!C20))) -> 127.0.0.1:6003
A70: 21 | B70: =TRIM(RIGHT('260206_SQL_RESULT_2차테스트'!D795, LEN('260206_SQL_RESULT_2차테스트'!D795)-FIND("-", '260206_SQL_RESULT_2차테스트'!D795))) -> 127.0.0.1:6118 | D70: =COUNTIF('260206_SQL_RESULT_2차테스트'!$E$3:$O$902, B70) -> 1 | S70: =TRIM(LEFT('260212_PACKETCNT 테스트(10개노드)'!C21, LEN('260212_PACKETCNT 테스트(10개노드)'!C21)-1-FIND("-", '260212_PACKETCNT 테스트(10개노드)'!C21))) -> 127.0.0.1:6000 | T70: =TRIM(RIGHT('260212_PACKETCNT 테스트(10개노드)'!C21, LEN('260212_PACKETCNT 테스트(10개노드)'!C21)-FIND("-", '260212_PACKETCNT 테스트(10개노드)'!C21))) -> 127.0.0.1:6003
A71: 22 | B71: =TRIM(RIGHT('260206_SQL_RESULT_2차테스트'!D796, LEN('260206_SQL_RESULT_2차테스트'!D796)-FIND("-", '260206_SQL_RESULT_2차테스트'!D796))) -> 127.0.0.1:6120 | D71: =COUNTIF('260206_SQL_RESULT_2차테스트'!$E$3:$O$902, B71) -> 8 | S71: =TRIM(LEFT('260212_PACKETCNT 테스트(10개노드)'!C22, LEN('260212_PACKETCNT 테스트(10개노드)'!C22)-1-FIND("-", '260212_PACKETCNT 테스트(10개노드)'!C22))) -> 127.0.0.1:6000 | T71: =TRIM(RIGHT('260212_PACKETCNT 테스트(10개노드)'!C22, LEN('260212_PACKETCNT 테스트(10개노드)'!C22)-FIND("-", '260212_PACKETCNT 테스트(10개노드)'!C22))) -> 127.0.0.1:6003
A72: 23 | B72: =TRIM(RIGHT('260206_SQL_RESULT_2차테스트'!D797, LEN('260206_SQL_RESULT_2차테스트'!D797)-FIND("-", '260206_SQL_RESULT_2차테스트'!D797))) -> 127.0.0.1:6106 | D72: =COUNTIF('260206_SQL_RESULT_2차테스트'!$E$3:$O$902, B72) -> 10 | S72: =TRIM(LEFT('260212_PACKETCNT 테스트(10개노드)'!C23, LEN('260212_PACKETCNT 테스트(10개노드)'!C23)-1-FIND("-", '260212_PACKETCNT 테스트(10개노드)'!C23))) -> 127.0.0.1:6000 | T72: =TRIM(RIGHT('260212_PACKETCNT 테스트(10개노드)'!C23, LEN('260212_PACKETCNT 테스트(10개노드)'!C23)-FIND("-", '260212_PACKETCNT 테스트(10개노드)'!C23))) -> 127.0.0.1:6003
A73: 24 | B73: =TRIM(RIGHT('260206_SQL_RESULT_2차테스트'!D798, LEN('260206_SQL_RESULT_2차테스트'!D798)-FIND("-", '260206_SQL_RESULT_2차테스트'!D798))) -> 127.0.0.1:6050 | D73: =COUNTIF('260206_SQL_RESULT_2차테스트'!$E$3:$O$902, B73) -> 27 | S73: =TRIM(LEFT('260212_PACKETCNT 테스트(10개노드)'!C24, LEN('260212_PACKETCNT 테스트(10개노드)'!C24)-1-FIND("-", '260212_PACKETCNT 테스트(10개노드)'!C24))) -> 127.0.0.1:6000 | T73: =TRIM(RIGHT('260212_PACKETCNT 테스트(10개노드)'!C24, LEN('260212_PACKETCNT 테스트(10개노드)'!C24)-FIND("-", '260212_PACKETCNT 테스트(10개노드)'!C24))) -> 127.0.0.1:6003
... A80: 31 | B80: =TRIM(RIGHT('260206_SQL_RESULT_2차테스트'!D805, LEN('260206_SQL_RESULT_2차테스트'!D805)-FIND("-", '260206_SQL_RESULT_2차테스트'!D805))) -> 127.0.0.1:6011 | D80: =COUNTIF('260206_SQL_RESULT_2차테스트'!$E$3:$O$902, B80) -> 20 | S80: =TRIM(LEFT('260212_PACKETCNT 테스트(10개노드)'!C31, LEN('260212_PACKETCNT 테스트(10개노드)'!C31)-1-FIND("-", '260212_PACKETCNT 테스트(10개노드)'!C31))) -> 127.0.0.1:6000 | T80: =TRIM(RIGHT('260212_PACKETCNT 테스트(10개노드)'!C31, LEN('260212_PACKETCNT 테스트(10개노드)'!C31)-FIND("-", '260212_PACKETCNT 테스트(10개노드)'!C31))) -> 127.0.0.1:6003
A81: 32 | B81: =TRIM(RIGHT('260206_SQL_RESULT_2차테스트'!D806, LEN('260206_SQL_RESULT_2차테스트'!D806)-FIND("-", '260206_SQL_RESULT_2차테스트'!D806))) -> 127.0.0.1:6097 | D81: =COUNTIF('260206_SQL_RESULT_2차테스트'!$E$3:$O$902, B81) -> 3
A82: 33 | B82: =TRIM(RIGHT('260206_SQL_RESULT_2차테스트'!D807, LEN('260206_SQL_RESULT_2차테스트'!D807)-FIND("-", '260206_SQL_RESULT_2차테스트'!D807))) -> 127.0.0.1:6101 | D82: =COUNTIF('260206_SQL_RESULT_2차테스트'!$E$3:$O$902, B82) -> 2
A83: 34 | B83: =TRIM(RIGHT('260206_SQL_RESULT_2차테스트'!D808, LEN('260206_SQL_RESULT_2차테스트'!D808)-FIND("-", '260206_SQL_RESULT_2차테스트'!D808))) -> 127.0.0.1:6048 | D83: =COUNTIF('260206_SQL_RESULT_2차테스트'!$E$3:$O$902, B83) -> 27
A84: 35 | B84: =TRIM(RIGHT('260206_SQL_RESULT_2차테스트'!D809, LEN('260206_SQL_RESULT_2차테스트'!D809)-FIND("-", '260206_SQL_RESULT_2차테스트'!D809))) -> 127.0.0.1:6036 | D84: =COUNTIF('260206_SQL_RESULT_2차테스트'!$E$3:$O$902, B84) -> 12
A85: 36 | B85: =TRIM(RIGHT('260206_SQL_RESULT_2차테스트'!D810, LEN('260206_SQL_RESULT_2차테스트'!D810)-FIND("-", '260206_SQL_RESULT_2차테스트'!D810))) -> 127.0.0.1:6010 | D85: =COUNTIF('260206_SQL_RESULT_2차테스트'!$E$3:$O$902, B85) -> 17
A86: 37 | B86: =TRIM(RIGHT('260206_SQL_RESULT_2차테스트'!D811, LEN('260206_SQL_RESULT_2차테스트'!D811)-FIND("-", '260206_SQL_RESULT_2차테스트'!D811))) -> 127.0.0.1:6099 | D86: =COUNTIF('260206_SQL_RESULT_2차테스트'!$E$3:$O$902, B86) -> 3
A87: 38 | B87: =TRIM(RIGHT('260206_SQL_RESULT_2차테스트'!D812, LEN('260206_SQL_RESULT_2차테스트'!D812)-FIND("-", '260206_SQL_RESULT_2차테스트'!D812))) -> 127.0.0.1:6000 | D87: =COUNTIF('260206_SQL_RESULT_2차테스트'!$E$3:$O$902, B87) -> 0
A88: 39 | B88: =TRIM(RIGHT('260206_SQL_RESULT_2차테스트'!D813, LEN('260206_SQL_RESULT_2차테스트'!D813)-FIND("-", '260206_SQL_RESULT_2차테스트'!D813))) -> 127.0.0.1:6027 | D88: =COUNTIF('260206_SQL_RESULT_2차테스트'!$E$3:$O$902, B88) -> 11
A89: 40 | B89: =TRIM(RIGHT('260206_SQL_RESULT_2차테스트'!D814, LEN('260206_SQL_RESULT_2차테스트'!D814)-FIND("-", '260206_SQL_RESULT_2차테스트'!D814))) -> 127.0.0.1:6109 | D89: =COUNTIF('260206_SQL_RESULT_2차테스트'!$E$3:$O$902, B89) -> 10
A90: 41 | B90: =TRIM(RIGHT('260206_SQL_RESULT_2차테스트'!D815, LEN('260206_SQL_RESULT_2차테스트'!D815)-FIND("-", '260206_SQL_RESULT_2차테스트'!D815))) -> 127.0.0.1:6023 | D90: =COUNTIF('260206_SQL_RESULT_2차테스트'!$E$3:$O$902, B90) -> 30
A91: 42 | B91: =TRIM(RIGHT('260206_SQL_RESULT_2차테스트'!D816, LEN('260206_SQL_RESULT_2차테스트'!D816)-FIND("-", '260206_SQL_RESULT_2차테스트'!D816))) -> 127.0.0.1:6090 | D91: =COUNTIF('260206_SQL_RESULT_2차테스트'!$E$3:$O$902, B91) -> 3
A92: 43 | B92: =TRIM(RIGHT('260206_SQL_RESULT_2차테스트'!D817, LEN('260206_SQL_RESULT_2차테스트'!D817)-FIND("-", '260206_SQL_RESULT_2차테스트'!D817))) -> 127.0.0.1:6008 | D92: =COUNTIF('260206_SQL_RESULT_2차테스트'!$E$3:$O$902, B92) -> 17
... A177: 128 | B177: =TRIM(RIGHT('260206_SQL_RESULT_2차테스트'!D902, LEN('260206_SQL_RESULT_2차테스트'!D902)-FIND("-", '260206_SQL_RESULT_2차테스트'!D902))) -> 127.0.0.1:6096 | D177: =COUNTIF('260206_SQL_RESULT_2차테스트'!$E$3:$O$902, B177) -> 19

Sheet 260110_SEQ_RESULT_1차테스트
A2: 홉수
A3: =IF(COUNTA(E3:AN3)>0, COUNTA(E3:AN3), "") -> 3 | B3: Node(4) | C3: 0 | D3: 127.0.0.1:6000 - 127.0.0.1:6001 | E3: 127.0.0.1:6000 | F3: 127.0.0.1:6002 | G3: 127.0.0.1:6001
A4: =IF(COUNTA(E4:AN4)>0, COUNTA(E4:AN4), "") -> 3 | B4: Node(4) | C4: 1 | D4: 127.0.0.1:6000 - 127.0.0.1:6003 | E4: 127.0.0.1:6000 | F4: 127.0.0.1:6001 | G4: 127.0.0.1:6003
A5: =IF(COUNTA(E5:AN5)>0, COUNTA(E5:AN5), "") -> 1 | B5: Node(4) | C5: 2 | D5: 127.0.0.1:6000 - 127.0.0.1:6000 | E5: 127.0.0.1:6000
A6: =IF(COUNTA(E6:AN6)>0, COUNTA(E6:AN6), "") -> 2 | B6: Node(4) | C6: 3 | D6: 127.0.0.1:6000 - 127.0.0.1:6002 | E6: 127.0.0.1:6000 | F6: 127.0.0.1:6002
A7: =IF(COUNTA(E7:AN7)>0, COUNTA(E7:AN7), "")
A8: =IF(COUNTA(E8:AN8)>0, COUNTA(E8:AN8), "") -> 3 | B8: Node(6) | C8: 0 | D8: 127.0.0.1:6000 - 127.0.0.1:6003 | E8: 127.0.0.1:6000 | F8: 127.0.0.1:6004 | G8: 127.0.0.1:6003
A9: =IF(COUNTA(E9:AN9)>0, COUNTA(E9:AN9), "") -> 4 | B9: Node(6) | C9: 1 | D9: 127.0.0.1:6000 - 127.0.0.1:6001 | E9: 127.0.0.1:6000 | F9: 127.0.0.1:6004 | G9: 127.0.0.1:6003 | H9: 127.0.0.1:6001
A10: =IF(COUNTA(E10:AN10)>0, COUNTA(E10:AN10), "") -> 1 | B10: Node(6) | C10: 2 | D10: 127.0.0.1:6000 - 127.0.0.1:6000 | E10: 127.0.0.1:6000
A11: =IF(COUNTA(E11:AN11)>0, COUNTA(E11:AN11), "") -> 2 | B11: Node(6) | C11: 3 | D11: 127.0.0.1:6000 - 127.0.0.1:6002 | E11: 127.0.0.1:6000 | F11: 127.0.0.1:6002
A12: =IF(COUNTA(E12:AN12)>0, COUNTA(E12:AN12), "") -> 3 | B12: Node(6) | C12: 4 | D12: 127.0.0.1:6000 - 127.0.0.1:6005 | E12: 127.0.0.1:6000 | F12: 127.0.0.1:6002 | G12: 127.0.0.1:6005
A13: =IF(COUNTA(E13:AN13)>0, COUNTA(E13:AN13), "") -> 3 | B13: Node(6) | C13: 5 | D13: 127.0.0.1:6000 - 127.0.0.1:6004 | E13: 127.0.0.1:6000 | F13: 127.0.0.1:6005 | G13: 127.0.0.1:6004
A14: =IF(COUNTA(E14:AN14)>0, COUNTA(E14:AN14), "")
A15: =IF(COUNTA(E15:AN15)>0, COUNTA(E15:AN15), "") -> 4 | B15: Node(8) | C15: 0 | D15: 127.0.0.1:6000 - 127.0.0.1:6004 | E15: 127.0.0.1:6000 | F15: 127.0.0.1:6006 | G15: 127.0.0.1:6001 | H15: 127.0.0.1:6004
A16: =IF(COUNTA(E16:AN16)>0, COUNTA(E16:AN16), "") -> 1 | B16: Node(8) | C16: 1 | D16: 127.0.0.1:6000 - 127.0.0.1:6000 | E16: 127.0.0.1:6000
A17: =IF(COUNTA(E17:AN17)>0, COUNTA(E17:AN17), "") -> 2 | B17: Node(8) | C17: 2 | D17: 127.0.0.1:6000 - 127.0.0.1:6002 | E17: 127.0.0.1:6000 | F17: 127.0.0.1:6002
A18: =IF(COUNTA(E18:AN18)>0, COUNTA(E18:AN18), "") -> 3 | B18: Node(8) | C18: 3 | D18: 127.0.0.1:6000 - 127.0.0.1:6005 | E18: 127.0.0.1:6000 | F18: 127.0.0.1:6002 | G18: 127.0.0.1:6005
A19: =IF(COUNTA(E19:AN19)>0, COUNTA(E19:AN19), "") -> 3 | B19: Node(8) | C19: 4 | D19: 127.0.0.1:6000 - 127.0.0.1:6007 | E19: 127.0.0.1:6000 | F19: 127.0.0.1:6005 | G19: 127.0.0.1:6007
A20: =IF(COUNTA(E20:AN20)>0, COUNTA(E20:AN20), "") -> 3 | B20: Node(8) | C20: 5 | D20: 127.0.0.1:6000 - 127.0.0.1:6003 | E20: 127.0.0.1:6000 | F20: 127.0.0.1:6007 | G20: 127.0.0.1:6003
A21: =IF(COUNTA(E21:AN21)>0, COUNTA(E21:AN21), "") -> 3 | B21: Node(8) | C21: 6 | D21: 127.0.0.1:6000 - 127.0.0.1:6006 | E21: 127.0.0.1:6000 | F21: 127.0.0.1:6003 | G21: 127.0.0.1:6006
A22: =IF(COUNTA(E22:AN22)>0, COUNTA(E22:AN22), "") -> 3 | B22: Node(8) | C22: 7 | D22: 127.0.0.1:6000 - 127.0.0.1:6001 | E22: 127.0.0.1:6000 | F22: 127.0.0.1:6006 | G22: 127.0.0.1:6001
A23: =IF(COUNTA(E23:AN23)>0, COUNTA(E23:AN23), "")
A24: =IF(COUNTA(E24:AN24)>0, COUNTA(E24:AN24), "") -> 3 | B24: Node(10) | C24: 0 | D24: 127.0.0.1:6000 - 127.0.0.1:6004 | E24: 127.0.0.1:6000 | F24: 127.0.0.1:6003 | G24: 127.0.0.1:6004
A25: =IF(COUNTA(E25:AN25)>0, COUNTA(E25:AN25), "") -> 3 | B25: Node(10) | C25: 1 | D25: 127.0.0.1:6000 - 127.0.0.1:6005 | E25: 127.0.0.1:6000 | F25: 127.0.0.1:6004 | G25: 127.0.0.1:6005
A26: =IF(COUNTA(E26:AN26)>0, COUNTA(E26:AN26), "") -> 3 | B26: Node(10) | C26: 2 | D26: 127.0.0.1:6000 - 127.0.0.1:6007 | E26: 127.0.0.1:6000 | F26: 127.0.0.1:6005 | G26: 127.0.0.1:6007
A27: =IF(COUNTA(E27:AN27)>0, COUNTA(E27:AN27), "") -> 3 | B27: Node(10) | C27: 3 | D27: 127.0.0.1:6000 - 127.0.0.1:6006 | E27: 127.0.0.1:6000 | F27: 127.0.0.1:6007 | G27: 127.0.0.1:6006
A28: =IF(COUNTA(E28:AN28)>0, COUNTA(E28:AN28), "") -> 4 | B28: Node(10) | C28: 4 | D28: 127.0.0.1:6000 - 127.0.0.1:6001 | E28: 127.0.0.1:6000 | F28: 127.0.0.1:6007 | G28: 127.0.0.1:6006 | H28: 127.0.0.1:6001
A29: =IF(COUNTA(E29:AN29)>0, COUNTA(E29:AN29), "") -> 5 | B29: Node(10) | C29: 5 | D29: 127.0.0.1:6000 - 127.0.0.1:6002 | E29: 127.0.0.1:6000 | F29: 127.0.0.1:6007 | G29: 127.0.0.1:6006 | H29: 127.0.0.1:6001 | I29: 127.0.0.1:6002
A30: =IF(COUNTA(E30:AN30)>0, COUNTA(E30:AN30), "") -> 4 | B30: Node(10) | C30: 6 | D30: 127.0.0.1:6000 - 127.0.0.1:6009 | E30: 127.0.0.1:6000 | F30: 127.0.0.1:6007 | G30: 127.0.0.1:6002 | H30: 127.0.0.1:6009
A31: =IF(COUNTA(E31:AN31)>0, COUNTA(E31:AN31), "") -> 4 | B31: Node(10) | C31: 7 | D31: 127.0.0.1:6000 - 127.0.0.1:6008 | E31: 127.0.0.1:6000 | F31: 127.0.0.1:6007 | G31: 127.0.0.1:6009 | H31: 127.0.0.1:6008
A32: =IF(COUNTA(E32:AN32)>0, COUNTA(E32:AN32), "") -> 1 | B32: Node(10) | C32: 8 | D32: 127.0.0.1:6000 - 127.0.0.1:6000 | E32: 127.0.0.1:6000
A33: =IF(COUNTA(E33:AN33)>0, COUNTA(E33:AN33), "") -> 2 | B33: Node(10) | C33: 9 | D33: 127.0.0.1:6000 - 127.0.0.1:6003 | E33: 127.0.0.1:6000 | F33: 127.0.0.1:6003
A34: =IF(COUNTA(E34:AN34)>0, COUNTA(E34:AN34), "")
A35: =IF(COUNTA(E35:AN35)>0, COUNTA(E35:AN35), "") -> 4 | B35: Node(16) | C35: 0 | D35: 127.0.0.1:6000 - 127.0.0.1:6008 | E35: 127.0.0.1:6000 | F35: 127.0.0.1:6001 | G35: 127.0.0.1:6013 | H35: 127.0.0.1:6008
A36: =IF(COUNTA(E36:AN36)>0, COUNTA(E36:AN36), "") -> 4 | B36: Node(16) | C36: 1 | D36: 127.0.0.1:6000 - 127.0.0.1:6015 | E36: 127.0.0.1:6000 | F36: 127.0.0.1:6001 | G36: 127.0.0.1:6008 | H36: 127.0.0.1:6015
A37: =IF(COUNTA(E37:AN37)>0, COUNTA(E37:AN37), "") -> 5 | B37: Node(16) | C37: 2 | D37: 127.0.0.1:6000 - 127.0.0.1:6002 | E37: 127.0.0.1:6000 | F37: 127.0.0.1:6001 | G37: 127.0.0.1:6008 | H37: 127.0.0.1:6015 | I37: 127.0.0.1:6002
A38: =IF(COUNTA(E38:AN38)>0, COUNTA(E38:AN38), "") -> 5 | B38: Node(16) | C38: 3 | D38: 127.0.0.1:6000 - 127.0.0.1:6006 | E38: 127.0.0.1:6000 | F38: 127.0.0.1:6001 | G38: 127.0.0.1:6008 | H38: 127.0.0.1:6002 | I38: 127.0.0.1:6006
A39: =IF(COUNTA(E39:AN39)>0, COUNTA(E39:AN39), "") -> 1 | B39: Node(16) | C39: 4 | D39: 127.0.0.1:6000 - 127.0.0.1:6000 | E39: 127.0.0.1:6000
A40: =IF(COUNTA(E40:AN40)>0, COUNTA(E40:AN40), "") -> 2 | B40: Node(16) | C40: 5 | D40: 127.0.0.1:6000 - 127.0.0.1:6012 | E40: 127.0.0.1:6000 | F40: 127.0.0.1:6012
A41: =IF(COUNTA(E41:AN41)>0, COUNTA(E41:AN41), "") -> 3 | B41: Node(16) | C41: 6 | D41: 127.0.0.1:6000 - 127.0.0.1:6009 | E41: 127.0.0.1:6000 | F41: 127.0.0.1:6012 | G41: 127.0.0.1:6009
A42: =IF(COUNTA(E42:AN42)>0, COUNTA(E42:AN42), "") -> 4 | B42: Node(16) | C42: 7 | D42: 127.0.0.1:6000 - 127.0.0.1:6004 | E42: 127.0.0.1:6000 | F42: 127.0.0.1:6012 | G42: 127.0.0.1:6009 | H42: 127.0.0.1:6004
A43: =IF(COUNTA(E43:AN43)>0, COUNTA(E43:AN43), "") -> 3 | B43: Node(16) | C43: 8 | D43: 127.0.0.1:6000 - 127.0.0.1:6010 | E43: 127.0.0.1:6000 | F43: 127.0.0.1:6004 | G43: 127.0.0.1:6010
A44: =IF(COUNTA(E44:AN44)>0, COUNTA(E44:AN44), "") -> 4 | B44: Node(16) | C44: 9 | D44: 127.0.0.1:6000 - 127.0.0.1:6007 | E44: 127.0.0.1:6000 | F44: 127.0.0.1:6004 | G44: 127.0.0.1:6010 | H44: 127.0.0.1:6007
A45: =IF(COUNTA(E45:AN45)>0, COUNTA(E45:AN45), "") -> 4 | B45: Node(16) | C45: 10 | D45: 127.0.0.1:6000 - 127.0.0.1:6003 | E45: 127.0.0.1:6000 | F45: 127.0.0.1:6004 | G45: 127.0.0.1:6007 | H45: 127.0.0.1:6003
A46: =IF(COUNTA(E46:AN46)>0, COUNTA(E46:AN46), "") -> 3 | B46: Node(16) | C46: 11 | D46: 127.0.0.1:6000 - 127.0.0.1:6001 | E46: 127.0.0.1:6000 | F46: 127.0.0.1:6003 | G46: 127.0.0.1:6001
A47: =IF(COUNTA(E47:AN47)>0, COUNTA(E47:AN47), "") -> 3 | B47: Node(16) | C47: 12 | D47: 127.0.0.1:6000 - 127.0.0.1:6011 | E47: 127.0.0.1:6000 | F47: 127.0.0.1:6001 | G47: 127.0.0.1:6011
A48: =IF(COUNTA(E48:AN48)>0, COUNTA(E48:AN48), "") -> 4 | B48: Node(16) | C48: 13 | D48: 127.0.0.1:6000 - 127.0.0.1:6014 | E48: 127.0.0.1:6000 | F48: 127.0.0.1:6001 | G48: 127.0.0.1:6011 | H48: 127.0.0.1:6014
A49: =IF(COUNTA(E49:AN49)>0, COUNTA(E49:AN49), "") -> 4 | B49: Node(16) | C49: 14 | D49: 127.0.0.1:6000 - 127.0.0.1:6005 | E49: 127.0.0.1:6000 | F49: 127.0.0.1:6001 | G49: 127.0.0.1:6014 | H49: 127.0.0.1:6005
A50: =IF(COUNTA(E50:AN50)>0, COUNTA(E50:AN50), "") -> 5 | B50: Node(16) | C50: 15 | D50: 127.0.0.1:6000 - 127.0.0.1:6013 | E50: 127.0.0.1:6000 | F50: 127.0.0.1:6001 | G50: 127.0.0.1:6014 | H50: 127.0.0.1:6005 | I50: 127.0.0.1:6013
A51: =IF(COUNTA(E51:AN51)>0, COUNTA(E51:AN51), "")
A52: =IF(COUNTA(E52:AN52)>0, COUNTA(E52:AN52), "") -> 4 | B52: Node(20) | C52: 0 | D52: 127.0.0.1:6000 - 127.0.0.1:6009 | E52: 127.0.0.1:6000 | F52: 127.0.0.1:6003 | G52: 127.0.0.1:6017 | H52: 127.0.0.1:6009
A53: =IF(COUNTA(E53:AN53)>0, COUNTA(E53:AN53), "") -> 4 | B53: Node(20) | C53: 1 | D53: 127.0.0.1:6000 - 127.0.0.1:6006 | E53: 127.0.0.1:6000 | F53: 127.0.0.1:6003 | G53: 127.0.0.1:6009 | H53: 127.0.0.1:6006
A54: =IF(COUNTA(E54:AN54)>0, COUNTA(E54:AN54), "") -> 4 | B54: Node(20) | C54: 2 | D54: 127.0.0.1:6000 - 127.0.0.1:6004 | E54: 127.0.0.1:6000 | F54: 127.0.0.1:6003 | G54: 127.0.0.1:6006 | H54: 127.0.0.1:6004
A55: =IF(COUNTA(E55:AN55)>0, COUNTA(E55:AN55), "") -> 5 | B55: Node(20) | C55: 3 | D55: 127.0.0.1:6000 - 127.0.0.1:6012 | E55: 127.0.0.1:6000 | F55: 127.0.0.1:6003 | G55: 127.0.0.1:6006 | H55: 127.0.0.1:6004 | I55: 127.0.0.1:6012
A56: =IF(COUNTA(E56:AN56)>0, COUNTA(E56:AN56), "") -> 4 | B56: Node(20) | C56: 4 | D56: 127.0.0.1:6000 - 127.0.0.1:6007 | E56: 127.0.0.1:6000 | F56: 127.0.0.1:6003 | G56: 127.0.0.1:6012 | H56: 127.0.0.1:6007
A57: =IF(COUNTA(E57:AN57)>0, COUNTA(E57:AN57), "") -> 5 | B57: Node(20) | C57: 5 | D57: 127.0.0.1:6000 - 127.0.0.1:6001 | E57: 127.0.0.1:6000 | F57: 127.0.0.1:6003 | G57: 127.0.0.1:6012 | H57: 127.0.0.1:6007 | I57: 127.0.0.1:6001
A58: =IF(COUNTA(E58:AN58)>0, COUNTA(E58:AN58), "") -> 5 | B58: Node(20) | C58: 6 | D58: 127.0.0.1:6000 - 127.0.0.1:6018 | E58: 127.0.0.1:6000 | F58: 127.0.0.1:6003 | G58: 127.0.0.1:6012 | H58: 127.0.0.1:6001 | I58: 127.0.0.1:6018
A59: =IF(COUNTA(E59:AN59)>0, COUNTA(E59:AN59), "") -> 4 | B59: Node(20) | C59: 7 | D59: 127.0.0.1:6000 - 127.0.0.1:6005 | E59: 127.0.0.1:6000 | F59: 127.0.0.1:6003 | G59: 127.0.0.1:6018 | H59: 127.0.0.1:6005
A60: =IF(COUNTA(E60:AN60)>0, COUNTA(E60:AN60), "") -> 1 | B60: Node(20) | C60: 8 | D60: 127.0.0.1:6000 - 127.0.0.1:6000 | E60: 127.0.0.1:6000
A61: =IF(COUNTA(E61:AN61)>0, COUNTA(E61:AN61), "") -> 2 | B61: Node(20) | C61: 9 | D61: 127.0.0.1:6000 - 127.0.0.1:6002 | E61: 127.0.0.1:6000 | F61: 127.0.0.1:6002
A62: =IF(COUNTA(E62:AN62)>0, COUNTA(E62:AN62), "") -> 3 | B62: Node(20) | C62: 10 | D62: 127.0.0.1:6000 - 127.0.0.1:6019 | E62: 127.0.0.1:6000 | F62: 127.0.0.1:6002 | G62: 127.0.0.1:6019
A63: =IF(COUNTA(E63:AN63)>0, COUNTA(E63:AN63), "") -> 3 | B63: Node(20) | C63: 11 | D63: 127.0.0.1:6000 - 127.0.0.1:6013 | E63: 127.0.0.1:6000 | F63: 127.0.0.1:6019 | G63: 127.0.0.1:6013
A64: =IF(COUNTA(E64:AN64)>0, COUNTA(E64:AN64), "") -> 4 | B64: Node(20) | C64: 12 | D64: 127.0.0.1:6000 - 127.0.0.1:6008 | E64: 127.0.0.1:6000 | F64: 127.0.0.1:6019 | G64: 127.0.0.1:6013 | H64: 127.0.0.1:6008
A65: =IF(COUNTA(E65:AN65)>0, COUNTA(E65:AN65), "") -> 5 | B65: Node(20) | C65: 13 | D65: 127.0.0.1:6000 - 127.0.0.1:6016 | E65: 127.0.0.1:6000 | F65: 127.0.0.1:6019 | G65: 127.0.0.1:6013 | H65: 127.0.0.1:6008 | I65: 127.0.0.1:6016
A66: =IF(COUNTA(E66:AN66)>0, COUNTA(E66:AN66), "") -> 5 | B66: Node(20) | C66: 14 | D66: 127.0.0.1:6000 - 127.0.0.1:6014 | E66: 127.0.0.1:6000 | F66: 127.0.0.1:6019 | G66: 127.0.0.1:6013 | H66: 127.0.0.1:6016 | I66: 127.0.0.1:6014
A67: =IF(COUNTA(E67:AN67)>0, COUNTA(E67:AN67), "") -> 4 | B67: Node(20) | C67: 15 | D67: 127.0.0.1:6000 - 127.0.0.1:6015 | E67: 127.0.0.1:6000 | F67: 127.0.0.1:6019 | G67: 127.0.0.1:6014 | H67: 127.0.0.1:6015
A68: =IF(COUNTA(E68:AN68)>0, COUNTA(E68:AN68), "") -> 5 | B68: Node(20) | C68: 16 | D68: 127.0.0.1:6000 - 127.0.0.1:6010 | E68: 127.0.0.1:6000 | F68: 127.0.0.1:6019 | G68: 127.0.0.1:6014 | H68: 127.0.0.1:6015 | I68: 127.0.0.1:6010
A69: =IF(COUNTA(E69:AN69)>0, COUNTA(E69:AN69), "") -> 4 | B69: Node(20) | C69: 17 | D69: 127.0.0.1:6000 - 127.0.0.1:6011 | E69: 127.0.0.1:6000 | F69: 127.0.0.1:6019 | G69: 127.0.0.1:6010 | H69: 127.0.0.1:6011
A70: =IF(COUNTA(E70:AN70)>0, COUNTA(E70:AN70), "") -> 5 | B70: Node(20) | C70: 18 | D70: 127.0.0.1:6000 - 127.0.0.1:6003 | E70: 127.0.0.1:6000 | F70: 127.0.0.1:6019 | G70: 127.0.0.1:6010 | H70: 127.0.0.1:6011 | I70: 127.0.0.1:6003
A71: =IF(COUNTA(E71:AN71)>0, COUNTA(E71:AN71), "") -> 3 | B71: Node(20) | C71: 19 | D71: 127.0.0.1:6000 - 127.0.0.1:6017 | E71: 127.0.0.1:6000 | F71: 127.0.0.1:6003 | G71: 127.0.0.1:6017
A72: =IF(COUNTA(E72:AN72)>0, COUNTA(E72:AN72), "")
A73: =IF(COUNTA(E73:AN73)>0, COUNTA(E73:AN73), "") -> 5 | B73: Node(32) | C73: 0 | D73: 127.0.0.1:6000 - 127.0.0.1:6019 | E73: 127.0.0.1:6000 | F73: 127.0.0.1:6017 | G73: 127.0.0.1:6021 | H73: 127.0.0.1:6016 | I73: 127.0.0.1:6019
A74: =IF(COUNTA(E74:AN74)>0, COUNTA(E74:AN74), "") -> 4 | B74: Node(32) | C74: 1 | D74: 127.0.0.1:6000 - 127.0.0.1:6029 | E74: 127.0.0.1:6000 | F74: 127.0.0.1:6017 | G74: 127.0.0.1:6019 | H74: 127.0.0.1:6029
A75: =IF(COUNTA(E75:AN75)>0, COUNTA(E75:AN75), "") -> 5 | B75: Node(32) | C75: 2 | D75: 127.0.0.1:6000 - 127.0.0.1:6018 | E75: 127.0.0.1:6000 | F75: 127.0.0.1:6017 | G75: 127.0.0.1:6019 | H75: 127.0.0.1:6029 | I75: 127.0.0.1:6018
A76: =IF(COUNTA(E76:AN76)>0, COUNTA(E76:AN76), "") -> 5 | B76: Node(32) | C76: 3 | D76: 127.0.0.1:6000 - 127.0.0.1:6020 | E76: 127.0.0.1:6000 | F76: 127.0.0.1:6017 | G76: 127.0.0.1:6019 | H76: 127.0.0.1:6018 | I76: 127.0.0.1:6020
A77: =IF(COUNTA(E77:AN77)>0, COUNTA(E77:AN77), "") -> 4 | B77: Node(32) | C77: 4 | D77: 127.0.0.1:6000 - 127.0.0.1:6030 | E77: 127.0.0.1:6000 | F77: 127.0.0.1:6017 | G77: 127.0.0.1:6020 | H77: 127.0.0.1:6030
A78: =IF(COUNTA(E78:AN78)>0, COUNTA(E78:AN78), "") -> 5 | B78: Node(32) | C78: 5 | D78: 127.0.0.1:6000 - 127.0.0.1:6011 | E78: 127.0.0.1:6000 | F78: 127.0.0.1:6017 | G78: 127.0.0.1:6020 | H78: 127.0.0.1:6030 | I78: 127.0.0.1:6011
A79: =IF(COUNTA(E79:AN79)>0, COUNTA(E79:AN79), "") -> 6 | B79: Node(32) | C79: 6 | D79: 127.0.0.1:6000 - 127.0.0.1:6010 | E79: 127.0.0.1:6000 | F79: 127.0.0.1:6017 | G79: 127.0.0.1:6020 | H79: 127.0.0.1:6030 | I79: 127.0.0.1:6011 | J79: 127.0.0.1:6010
A80: =IF(COUNTA(E80:AN80)>0, COUNTA(E80:AN80), "") -> 1 | B80: Node(32) | C80: 7 | D80: 127.0.0.1:6000 - 127.0.0.1:6000 | E80: 127.0.0.1:6000
A81: =IF(COUNTA(E81:AN81)>0, COUNTA(E81:AN81), "") -> 2 | B81: Node(32) | C81: 8 | D81: 127.0.0.1:6000 - 127.0.0.1:6027 | E81: 127.0.0.1:6000 | F81: 127.0.0.1:6027
A82: =IF(COUNTA(E82:AN82)>0, COUNTA(E82:AN82), "") -> 3 | B82: Node(32) | C82: 9 | D82: 127.0.0.1:6000 - 127.0.0.1:6023 | E82: 127.0.0.1:6000 | F82: 127.0.0.1:6027 | G82: 127.0.0.1:6023
A83: =IF(COUNTA(E83:AN83)>0, COUNTA(E83:AN83), "") -> 3 | B83: Node(32) | C83: 10 | D83: 127.0.0.1:6000 - 127.0.0.1:6008 | E83: 127.0.0.1:6000 | F83: 127.0.0.1:6023 | G83: 127.0.0.1:6008
A84: =IF(COUNTA(E84:AN84)>0, COUNTA(E84:AN84), "") -> 4 | B84: Node(32) | C84: 11 | D84: 127.0.0.1:6000 - 127.0.0.1:6026 | E84: 127.0.0.1:6000 | F84: 127.0.0.1:6023 | G84: 127.0.0.1:6008 | H84: 127.0.0.1:6026
A85: =IF(COUNTA(E85:AN85)>0, COUNTA(E85:AN85), "") -> 3 | B85: Node(32) | C85: 12 | D85: 127.0.0.1:6000 - 127.0.0.1:6022 | E85: 127.0.0.1:6000 | F85: 127.0.0.1:6026 | G85: 127.0.0.1:6022
A86: =IF(COUNTA(E86:AN86)>0, COUNTA(E86:AN86), "") -> 3 | B86: Node(32) | C86: 13 | D86: 127.0.0.1:6000 - 127.0.0.1:6015 | E86: 127.0.0.1:6000 | F86: 127.0.0.1:6022 | G86: 127.0.0.1:6015
A87: =IF(COUNTA(E87:AN87)>0, COUNTA(E87:AN87), "") -> 3 | B87: Node(32) | C87: 14 | D87: 127.0.0.1:6000 - 127.0.0.1:6003 | E87: 127.0.0.1:6000 | F87: 127.0.0.1:6015 | G87: 127.0.0.1:6003
A88: =IF(COUNTA(E88:AN88)>0, COUNTA(E88:AN88), "") -> 4 | B88: Node(32) | C88: 15 | D88: 127.0.0.1:6000 - 127.0.0.1:6024 | E88: 127.0.0.1:6000 | F88: 127.0.0.1:6015 | G88: 127.0.0.1:6003 | H88: 127.0.0.1:6024
A89: =IF(COUNTA(E89:AN89)>0, COUNTA(E89:AN89), "") -> 4 | B89: Node(32) | C89: 16 | D89: 127.0.0.1:6000 - 127.0.0.1:6031 | E89: 127.0.0.1:6000 | F89: 127.0.0.1:6015 | G89: 127.0.0.1:6024 | H89: 127.0.0.1:6031
A90: =IF(COUNTA(E90:AN90)>0, COUNTA(E90:AN90), "") -> 5 | B90: Node(32) | C90: 17 | D90: 127.0.0.1:6000 - 127.0.0.1:6002 | E90: 127.0.0.1:6000 | F90: 127.0.0.1:6015 | G90: 127.0.0.1:6024 | H90: 127.0.0.1:6031 | I90: 127.0.0.1:6002
A91: =IF(COUNTA(E91:AN91)>0, COUNTA(E91:AN91), "") -> 6 | B91: Node(32) | C91: 18 | D91: 127.0.0.1:6000 - 127.0.0.1:6004 | E91: 127.0.0.1:6000 | F91: 127.0.0.1:6015 | G91: 127.0.0.1:6024 | H91: 127.0.0.1:6031 | I91: 127.0.0.1:6002 | J91: 127.0.0.1:6004
A92: =IF(COUNTA(E92:AN92)>0, COUNTA(E92:AN92), "") -> 3 | B92: Node(32) | C92: 19 | D92: 127.0.0.1:6000 - 127.0.0.1:6025 | E92: 127.0.0.1:6000 | F92: 127.0.0.1:6004 | G92: 127.0.0.1:6025
A93: =IF(COUNTA(E93:AN93)>0, COUNTA(E93:AN93), "") -> 4 | B93: Node(32) | C93: 20 | D93: 127.0.0.1:6000 - 127.0.0.1:6007 | E93: 127.0.0.1:6000 | F93: 127.0.0.1:6004 | G93: 127.0.0.1:6025 | H93: 127.0.0.1:6007
A94: =IF(COUNTA(E94:AN94)>0, COUNTA(E94:AN94), "") -> 4 | B94: Node(32) | C94: 21 | D94: 127.0.0.1:6000 - 127.0.0.1:6009 | E94: 127.0.0.1:6000 | F94: 127.0.0.1:6004 | G94: 127.0.0.1:6007 | H94: 127.0.0.1:6009
A95: =IF(COUNTA(E95:AN95)>0, COUNTA(E95:AN95), "") -> 4 | B95: Node(32) | C95: 22 | D95: 127.0.0.1:6000 - 127.0.0.1:6006 | E95: 127.0.0.1:6000 | F95: 127.0.0.1:6004 | G95: 127.0.0.1:6009 | H95: 127.0.0.1:6006
A96: =IF(COUNTA(E96:AN96)>0, COUNTA(E96:AN96), "") -> 5 | B96: Node(32) | C96: 23 | D96: 127.0.0.1:6000 - 127.0.0.1:6001 | E96: 127.0.0.1:6000 | F96: 127.0.0.1:6004 | G96: 127.0.0.1:6009 | H96: 127.0.0.1:6006 | I96: 127.0.0.1:6001
A97: =IF(COUNTA(E97:AN97)>0, COUNTA(E97:AN97), "") -> 4 | B97: Node(32) | C97: 24 | D97: 127.0.0.1:6000 - 127.0.0.1:6013 | E97: 127.0.0.1:6000 | F97: 127.0.0.1:6004 | G97: 127.0.0.1:6001 | H97: 127.0.0.1:6013
A98: =IF(COUNTA(E98:AN98)>0, COUNTA(E98:AN98), "") -> 4 | B98: Node(32) | C98: 25 | D98: 127.0.0.1:6000 - 127.0.0.1:6012 | E98: 127.0.0.1:6000 | F98: 127.0.0.1:6004 | G98: 127.0.0.1:6013 | H98: 127.0.0.1:6012
A99: =IF(COUNTA(E99:AN99)>0, COUNTA(E99:AN99), "") -> 5 | B99: Node(32) | C99: 26 | D99: 127.0.0.1:6000 - 127.0.0.1:6005 | E99: 127.0.0.1:6000 | F99: 127.0.0.1:6004 | G99: 127.0.0.1:6013 | H99: 127.0.0.1:6012 | I99: 127.0.0.1:6005
A100: =IF(COUNTA(E100:AN100)>0, COUNTA(E100:AN100), "") -> 5 | B100: Node(32) | C100: 27 | D100: 127.0.0.1:6000 - 127.0.0.1:6028 | E100: 127.0.0.1:6000 | F100: 127.0.0.1:6004 | G100: 127.0.0.1:6013 | H100: 127.0.0.1:6005 | I100: 127.0.0.1:6028
A101: =IF(COUNTA(E101:AN101)>0, COUNTA(E101:AN101), "") -> 6 | B101: Node(32) | C101: 28 | D101: 127.0.0.1:6000 - 127.0.0.1:6017 | E101: 127.0.0.1:6000 | F101: 127.0.0.1:6004 | G101: 127.0.0.1:6013 | H101: 127.0.0.1:6005 | I101: 127.0.0.1:6028 | J101: 127.0.0.1:6017
...

Sheet 260206_SQL_RESULT_2차테스트
A2: 홉수 | H2: =COUNTA(F3:N902) -> 2530
A3: =IF(COUNTA(E3:AN3)>0, COUNTA(E3:AN3), "") -> 2 | B3: Node(4) | C3: 0 | D3: 127.0.0.1:6000 - 127.0.0.1:6001 | E3: 127.0.0.1:6000 | F3: 127.0.0.1:6001
A4: =IF(COUNTA(E4:AN4)>0, COUNTA(E4:AN4), "") -> 2 | B4: Node(4) | C4: 1 | D4: 127.0.0.1:6000 - 127.0.0.1:6003 | E4: 127.0.0.1:6000 | F4: 127.0.0.1:6003
A5: =IF(COUNTA(E5:AN5)>0, COUNTA(E5:AN5), "") -> 1 | B5: Node(4) | C5: 2 | D5: 127.0.0.1:6000 - 127.0.0.1:6000 | E5: 127.0.0.1:6000
A6: =IF(COUNTA(E6:AN6)>0, COUNTA(E6:AN6), "") -> 2 | B6: Node(4) | C6: 3 | D6: 127.0.0.1:6000 - 127.0.0.1:6002 | E6: 127.0.0.1:6000 | F6: 127.0.0.1:6002
A7: =IF(COUNTA(E7:AN7)>0, COUNTA(E7:AN7), "")
A8: =IF(COUNTA(E8:AN8)>0, COUNTA(E8:AN8), "") -> 3 | B8: Node(6) | C8: 0 | D8: 127.0.0.1:6000 - 127.0.0.1:6003 | E8: 127.0.0.1:6000 | F8: 127.0.0.1:6004 | G8: 127.0.0.1:6003
A9: =IF(COUNTA(E9:AN9)>0, COUNTA(E9:AN9), "") -> 2 | B9: Node(6) | C9: 1 | D9: 127.0.0.1:6000 - 127.0.0.1:6001 | E9: 127.0.0.1:6000 | F9: 127.0.0.1:6001
A10: =IF(COUNTA(E10:AN10)>0, COUNTA(E10:AN10), "") -> 1 | B10: Node(6) | C10: 2 | D10: 127.0.0.1:6000 - 127.0.0.1:6000 | E10: 127.0.0.1:6000
A11: =IF(COUNTA(E11:AN11)>0, COUNTA(E11:AN11), "") -> 2 | B11: Node(6) | C11: 3 | D11: 127.0.0.1:6000 - 127.0.0.1:6002 | E11: 127.0.0.1:6000 | F11: 127.0.0.1:6002
A12: =IF(COUNTA(E12:AN12)>0, COUNTA(E12:AN12), "") -> 2 | B12: Node(6) | C12: 4 | D12: 127.0.0.1:6000 - 127.0.0.1:6005 | E12: 127.0.0.1:6000 | F12: 127.0.0.1:6005
A13: =IF(COUNTA(E13:AN13)>0, COUNTA(E13:AN13), "") -> 2 | B13: Node(6) | C13: 5 | D13: 127.0.0.1:6000 - 127.0.0.1:6004 | E13: 127.0.0.1:6000 | F13: 127.0.0.1:6004
A14: =IF(COUNTA(E14:AN14)>0, COUNTA(E14:AN14), "")
A15: =IF(COUNTA(E15:AN15)>0, COUNTA(E15:AN15), "") -> 2 | B15: Node(8) | C15: 0 | D15: 127.0.0.1:6000 - 127.0.0.1:6004 | E15: 127.0.0.1:6000 | F15: 127.0.0.1:6004
A16: =IF(COUNTA(E16:AN16)>0, COUNTA(E16:AN16), "") -> 1 | B16: Node(8) | C16: 1 | D16: 127.0.0.1:6000 - 127.0.0.1:6000 | E16: 127.0.0.1:6000
A17: =IF(COUNTA(E17:AN17)>0, COUNTA(E17:AN17), "") -> 2 | B17: Node(8) | C17: 2 | D17: 127.0.0.1:6000 - 127.0.0.1:6002 | E17: 127.0.0.1:6000 | F17: 127.0.0.1:6002
A18: =IF(COUNTA(E18:AN18)>0, COUNTA(E18:AN18), "") -> 2 | B18: Node(8) | C18: 3 | D18: 127.0.0.1:6000 - 127.0.0.1:6005 | E18: 127.0.0.1:6000 | F18: 127.0.0.1:6005
A19: =IF(COUNTA(E19:AN19)>0, COUNTA(E19:AN19), "") -> 2 | B19: Node(8) | C19: 4 | D19: 127.0.0.1:6000 - 127.0.0.1:6007 | E19: 127.0.0.1:6000 | F19: 127.0.0.1:6007
A20: =IF(COUNTA(E20:AN20)>0, COUNTA(E20:AN20), "") -> 2 | B20: Node(8) | C20: 5 | D20: 127.0.0.1:6000 - 127.0.0.1:6003 | E20: 127.0.0.1:6000 | F20: 127.0.0.1:6003
A21: =IF(COUNTA(E21:AN21)>0, COUNTA(E21:AN21), "") -> 2 | B21: Node(8) | C21: 6 | D21: 127.0.0.1:6000 - 127.0.0.1:6006 | E21: 127.0.0.1:6000 | F21: 127.0.0.1:6006
A22: =IF(COUNTA(E22:AN22)>0, COUNTA(E22:AN22), "") -> 3 | B22: Node(8) | C22: 7 | D22: 127.0.0.1:6000 - 127.0.0.1:6001 | E22: 127.0.0.1:6000 | F22: 127.0.0.1:6006 | G22: 127.0.0.1:6001
A23: =IF(COUNTA(E23:AN23)>0, COUNTA(E23:AN23), "")
A24: =IF(COUNTA(E24:AN24)>0, COUNTA(E24:AN24), "") -> 2 | B24: Node(10) | C24: 0 | D24: 127.0.0.1:6000 - 127.0.0.1:6004 | E24: 127.0.0.1:6000 | F24: 127.0.0.1:6004
A25: =IF(COUNTA(E25:AN25)>0, COUNTA(E25:AN25), "") -> 2 | B25: Node(10) | C25: 1 | D25: 127.0.0.1:6000 - 127.0.0.1:6005 | E25: 127.0.0.1:6000 | F25: 127.0.0.1:6005
A26: =IF(COUNTA(E26:AN26)>0, COUNTA(E26:AN26), "") -> 2 | B26: Node(10) | C26: 2 | D26: 127.0.0.1:6000 - 127.0.0.1:6007 | E26: 127.0.0.1:6000 | F26: 127.0.0.1:6007
A27: =IF(COUNTA(E27:AN27)>0, COUNTA(E27:AN27), "") -> 3 | B27: Node(10) | C27: 3 | D27: 127.0.0.1:6000 - 127.0.0.1:6006 | E27: 127.0.0.1:6000 | F27: 127.0.0.1:6007 | G27: 127.0.0.1:6006
A28: =IF(COUNTA(E28:AN28)>0, COUNTA(E28:AN28), "") -> 4 | B28: Node(10) | C28: 4 | D28: 127.0.0.1:6000 - 127.0.0.1:6001 | E28: 127.0.0.1:6000 | F28: 127.0.0.1:6007 | G28: 127.0.0.1:6006 | H28: 127.0.0.1:6001
A29: =IF(COUNTA(E29:AN29)>0, COUNTA(E29:AN29), "") -> 3 | B29: Node(10) | C29: 5 | D29: 127.0.0.1:6000 - 127.0.0.1:6002 | E29: 127.0.0.1:6000 | F29: 127.0.0.1:6007 | G29: 127.0.0.1:6002
A30: =IF(COUNTA(E30:AN30)>0, COUNTA(E30:AN30), "") -> 3 | B30: Node(10) | C30: 6 | D30: 127.0.0.1:6000 - 127.0.0.1:6009 | E30: 127.0.0.1:6000 | F30: 127.0.0.1:6007 | G30: 127.0.0.1:6009
A31: =IF(COUNTA(E31:AN31)>0, COUNTA(E31:AN31), "") -> 4 | B31: Node(10) | C31: 7 | D31: 127.0.0.1:6000 - 127.0.0.1:6008 | E31: 127.0.0.1:6000 | F31: 127.0.0.1:6007 | G31: 127.0.0.1:6009 | H31: 127.0.0.1:6008
A32: =IF(COUNTA(E32:AN32)>0, COUNTA(E32:AN32), "") -> 1 | B32: Node(10) | C32: 8 | D32: 127.0.0.1:6000 - 127.0.0.1:6000 | E32: 127.0.0.1:6000
A33: =IF(COUNTA(E33:AN33)>0, COUNTA(E33:AN33), "") -> 2 | B33: Node(10) | C33: 9 | D33: 127.0.0.1:6000 - 127.0.0.1:6003 | E33: 127.0.0.1:6000 | F33: 127.0.0.1:6003
A34: =IF(COUNTA(E34:AN34)>0, COUNTA(E34:AN34), "")
A35: =IF(COUNTA(E35:AN35)>0, COUNTA(E35:AN35), "") -> 3 | B35: Node(16) | C35: 0 | D35: 127.0.0.1:6000 - 127.0.0.1:6008 | E35: 127.0.0.1:6000 | F35: 127.0.0.1:6001 | G35: 127.0.0.1:6008
A36: =IF(COUNTA(E36:AN36)>0, COUNTA(E36:AN36), "") -> 4 | B36: Node(16) | C36: 1 | D36: 127.0.0.1:6000 - 127.0.0.1:6015 | E36: 127.0.0.1:6000 | F36: 127.0.0.1:6001 | G36: 127.0.0.1:6008 | H36: 127.0.0.1:6015
A37: =IF(COUNTA(E37:AN37)>0, COUNTA(E37:AN37), "") -> 4 | B37: Node(16) | C37: 2 | D37: 127.0.0.1:6000 - 127.0.0.1:6002 | E37: 127.0.0.1:6000 | F37: 127.0.0.1:6001 | G37: 127.0.0.1:6008 | H37: 127.0.0.1:6002
A38: =IF(COUNTA(E38:AN38)>0, COUNTA(E38:AN38), "") -> 4 | B38: Node(16) | C38: 3 | D38: 127.0.0.1:6000 - 127.0.0.1:6006 | E38: 127.0.0.1:6000 | F38: 127.0.0.1:6001 | G38: 127.0.0.1:6008 | H38: 127.0.0.1:6006
A39: =IF(COUNTA(E39:AN39)>0, COUNTA(E39:AN39), "") -> 1 | B39: Node(16) | C39: 4 | D39: 127.0.0.1:6000 - 127.0.0.1:6000 | E39: 127.0.0.1:6000
A40: =IF(COUNTA(E40:AN40)>0, COUNTA(E40:AN40), "") -> 2 | B40: Node(16) | C40: 5 | D40: 127.0.0.1:6000 - 127.0.0.1:6012 | E40: 127.0.0.1:6000 | F40: 127.0.0.1:6012
A41: =IF(COUNTA(E41:AN41)>0, COUNTA(E41:AN41), "") -> 3 | B41: Node(16) | C41: 6 | D41: 127.0.0.1:6000 - 127.0.0.1:6009 | E41: 127.0.0.1:6000 | F41: 127.0.0.1:6012 | G41: 127.0.0.1:6009
A42: =IF(COUNTA(E42:AN42)>0, COUNTA(E42:AN42), "") -> 2 | B42: Node(16) | C42: 7 | D42: 127.0.0.1:6000 - 127.0.0.1:6004 | E42: 127.0.0.1:6000 | F42: 127.0.0.1:6004
A43: =IF(COUNTA(E43:AN43)>0, COUNTA(E43:AN43), "") -> 3 | B43: Node(16) | C43: 8 | D43: 127.0.0.1:6000 - 127.0.0.1:6010 | E43: 127.0.0.1:6000 | F43: 127.0.0.1:6004 | G43: 127.0.0.1:6010
A44: =IF(COUNTA(E44:AN44)>0, COUNTA(E44:AN44), "") -> 3 | B44: Node(16) | C44: 9 | D44: 127.0.0.1:6000 - 127.0.0.1:6007 | E44: 127.0.0.1:6000 | F44: 127.0.0.1:6004 | G44: 127.0.0.1:6007
A45: =IF(COUNTA(E45:AN45)>0, COUNTA(E45:AN45), "") -> 2 | B45: Node(16) | C45: 10 | D45: 127.0.0.1:6000 - 127.0.0.1:6003 | E45: 127.0.0.1:6000 | F45: 127.0.0.1:6003
A46: =IF(COUNTA(E46:AN46)>0, COUNTA(E46:AN46), "") -> 2 | B46: Node(16) | C46: 11 | D46: 127.0.0.1:6000 - 127.0.0.1:6001 | E46: 127.0.0.1:6000 | F46: 127.0.0.1:6001
A47: =IF(COUNTA(E47:AN47)>0, COUNTA(E47:AN47), "") -> 3 | B47: Node(16) | C47: 12 | D47: 127.0.0.1:6000 - 127.0.0.1:6011 | E47: 127.0.0.1:6000 | F47: 127.0.0.1:6001 | G47: 127.0.0.1:6011
A48: =IF(COUNTA(E48:AN48)>0, COUNTA(E48:AN48), "") -> 3 | B48: Node(16) | C48: 13 | D48: 127.0.0.1:6000 - 127.0.0.1:6014 | E48: 127.0.0.1:6000 | F48: 127.0.0.1:6001 | G48: 127.0.0.1:6014
A49: =IF(COUNTA(E49:AN49)>0, COUNTA(E49:AN49), "") -> 4 | B49: Node(16) | C49: 14 | D49: 127.0.0.1:6000 - 127.0.0.1:6005 | E49: 127.0.0.1:6000 | F49: 127.0.0.1:6001 | G49: 127.0.0.1:6014 | H49: 127.0.0.1:6005
A50: =IF(COUNTA(E50:AN50)>0, COUNTA(E50:AN50), "") -> 3 | B50: Node(16) | C50: 15 | D50: 127.0.0.1:6000 - 127.0.0.1:6013 | E50: 127.0.0.1:6000 | F50: 127.0.0.1:6001 | G50: 127.0.0.1:6013
A51: =IF(COUNTA(E51:AN51)>0, COUNTA(E51:AN51), "")
A52: =IF(COUNTA(E52:AN52)>0, COUNTA(E52:AN52), "") -> 3 | B52: Node(20) | C52: 0 | D52: 127.0.0.1:6000 - 127.0.0.1:6009 | E52: 127.0.0.1:6000 | F52: 127.0.0.1:6003 | G52: 127.0.0.1:6009
A53: =IF(COUNTA(E53:AN53)>0, COUNTA(E53:AN53), "") -> 3 | B53: Node(20) | C53: 1 | D53: 127.0.0.1:6000 - 127.0.0.1:6006 | E53: 127.0.0.1:6000 | F53: 127.0.0.1:6003 | G53: 127.0.0.1:6006
A54: =IF(COUNTA(E54:AN54)>0, COUNTA(E54:AN54), "") -> 4 | B54: Node(20) | C54: 2 | D54: 127.0.0.1:6000 - 127.0.0.1:6004 | E54: 127.0.0.1:6000 | F54: 127.0.0.1:6003 | G54: 127.0.0.1:6006 | H54: 127.0.0.1:6004
A55: =IF(COUNTA(E55:AN55)>0, COUNTA(E55:AN55), "") -> 3 | B55: Node(20) | C55: 3 | D55: 127.0.0.1:6000 - 127.0.0.1:6012 | E55: 127.0.0.1:6000 | F55: 127.0.0.1:6003 | G55: 127.0.0.1:6012
A56: =IF(COUNTA(E56:AN56)>0, COUNTA(E56:AN56), "") -> 4 | B56: Node(20) | C56: 4 | D56: 127.0.0.1:6000 - 127.0.0.1:6007 | E56: 127.0.0.1:6000 | F56: 127.0.0.1:6003 | G56: 127.0.0.1:6012 | H56: 127.0.0.1:6007
A57: =IF(COUNTA(E57:AN57)>0, COUNTA(E57:AN57), "") -> 4 | B57: Node(20) | C57: 5 | D57: 127.0.0.1:6000 - 127.0.0.1:6001 | E57: 127.0.0.1:6000 | F57: 127.0.0.1:6003 | G57: 127.0.0.1:6012 | H57: 127.0.0.1:6001
A58: =IF(COUNTA(E58:AN58)>0, COUNTA(E58:AN58), "") -> 3 | B58: Node(20) | C58: 6 | D58: 127.0.0.1:6000 - 127.0.0.1:6018 | E58: 127.0.0.1:6000 | F58: 127.0.0.1:6003 | G58: 127.0.0.1:6018
A59: =IF(COUNTA(E59:AN59)>0, COUNTA(E59:AN59), "") -> 4 | B59: Node(20) | C59: 7 | D59: 127.0.0.1:6000 - 127.0.0.1:6005 | E59: 127.0.0.1:6000 | F59: 127.0.0.1:6003 | G59: 127.0.0.1:6018 | H59: 127.0.0.1:6005
A60: =IF(COUNTA(E60:AN60)>0, COUNTA(E60:AN60), "") -> 1 | B60: Node(20) | C60: 8 | D60: 127.0.0.1:6000 - 127.0.0.1:6000 | E60: 127.0.0.1:6000
A61: =IF(COUNTA(E61:AN61)>0, COUNTA(E61:AN61), "") -> 2 | B61: Node(20) | C61: 9 | D61: 127.0.0.1:6000 - 127.0.0.1:6002 | E61: 127.0.0.1:6000 | F61: 127.0.0.1:6002
A62: =IF(COUNTA(E62:AN62)>0, COUNTA(E62:AN62), "") -> 2 | B62: Node(20) | C62: 10 | D62: 127.0.0.1:6000 - 127.0.0.1:6019 | E62: 127.0.0.1:6000 | F62: 127.0.0.1:6019
A63: =IF(COUNTA(E63:AN63)>0, COUNTA(E63:AN63), "") -> 3 | B63: Node(20) | C63: 11 | D63: 127.0.0.1:6000 - 127.0.0.1:6013 | E63: 127.0.0.1:6000 | F63: 127.0.0.1:6019 | G63: 127.0.0.1:6013
A64: =IF(COUNTA(E64:AN64)>0, COUNTA(E64:AN64), "") -> 4 | B64: Node(20) | C64: 12 | D64: 127.0.0.1:6000 - 127.0.0.1:6008 | E64: 127.0.0.1:6000 | F64: 127.0.0.1:6019 | G64: 127.0.0.1:6013 | H64: 127.0.0.1:6008
A65: =IF(COUNTA(E65:AN65)>0, COUNTA(E65:AN65), "") -> 4 | B65: Node(20) | C65: 13 | D65: 127.0.0.1:6000 - 127.0.0.1:6016 | E65: 127.0.0.1:6000 | F65: 127.0.0.1:6019 | G65: 127.0.0.1:6013 | H65: 127.0.0.1:6016
A66: =IF(COUNTA(E66:AN66)>0, COUNTA(E66:AN66), "") -> 3 | B66: Node(20) | C66: 14 | D66: 127.0.0.1:6000 - 127.0.0.1:6014 | E66: 127.0.0.1:6000 | F66: 127.0.0.1:6019 | G66: 127.0.0.1:6014
A67: =IF(COUNTA(E67:AN67)>0, COUNTA(E67:AN67), "") -> 4 | B67: Node(20) | C67: 15 | D67: 127.0.0.1:6000 - 127.0.0.1:6015 | E67: 127.0.0.1:6000 | F67: 127.0.0.1:6019 | G67: 127.0.0.1:6014 | H67: 127.0.0.1:6015
A68: =IF(COUNTA(E68:AN68)>0, COUNTA(E68:AN68), "") -> 3 | B68: Node(20) | C68: 16 | D68: 127.0.0.1:6000 - 127.0.0.1:6010 | E68: 127.0.0.1:6000 | F68: 127.0.0.1:6019 | G68: 127.0.0.1:6010
A69: =IF(COUNTA(E69:AN69)>0, COUNTA(E69:AN69), "") -> 4 | B69: Node(20) | C69: 17 | D69: 127.0.0.1:6000 - 127.0.0.1:6011 | E69: 127.0.0.1:6000 | F69: 127.0.0.1:6019 | G69: 127.0.0.1:6010 | H69: 127.0.0.1:6011
A70: =IF(COUNTA(E70:AN70)>0, COUNTA(E70:AN70), "") -> 2 | B70: Node(20) | C70: 18 | D70: 127.0.0.1:6000 - 127.0.0.1:6003 | E70: 127.0.0.1:6000 | F70: 127.0.0.1:6003
A71: =IF(COUNTA(E71:AN71)>0, COUNTA(E71:AN71), "") -> 3 | B71: Node(20) | C71: 19 | D71: 127.0.0.1:6000 - 127.0.0.1:6017 | E71: 127.0.0.1:6000 | F71: 127.0.0.1:6003 | G71: 127.0.0.1:6017
A72: =IF(COUNTA(E72:AN72)>0, COUNTA(E72:AN72), "")
A73: =IF(COUNTA(E73:AN73)>0, COUNTA(E73:AN73), "") -> 3 | B73: Node(32) | C73: 0 | D73: 127.0.0.1:6000 - 127.0.0.1:6019 | E73: 127.0.0.1:6000 | F73: 127.0.0.1:6017 | G73: 127.0.0.1:6019
A74: =IF(COUNTA(E74:AN74)>0, COUNTA(E74:AN74), "") -> 4 | B74: Node(32) | C74: 1 | D74: 127.0.0.1:6000 - 127.0.0.1:6029 | E74: 127.0.0.1:6000 | F74: 127.0.0.1:6017 | G74: 127.0.0.1:6019 | H74: 127.0.0.1:6029
A75: =IF(COUNTA(E75:AN75)>0, COUNTA(E75:AN75), "") -> 4 | B75: Node(32) | C75: 2 | D75: 127.0.0.1:6000 - 127.0.0.1:6018 | E75: 127.0.0.1:6000 | F75: 127.0.0.1:6017 | G75: 127.0.0.1:6019 | H75: 127.0.0.1:6018
A76: =IF(COUNTA(E76:AN76)>0, COUNTA(E76:AN76), "") -> 3 | B76: Node(32) | C76: 3 | D76: 127.0.0.1:6000 - 127.0.0.1:6020 | E76: 127.0.0.1:6000 | F76: 127.0.0.1:6017 | G76: 127.0.0.1:6020
A77: =IF(COUNTA(E77:AN77)>0, COUNTA(E77:AN77), "") -> 4 | B77: Node(32) | C77: 4 | D77: 127.0.0.1:6000 - 127.0.0.1:6030 | E77: 127.0.0.1:6000 | F77: 127.0.0.1:6017 | G77: 127.0.0.1:6020 | H77: 127.0.0.1:6030
A78: =IF(COUNTA(E78:AN78)>0, COUNTA(E78:AN78), "") -> 5 | B78: Node(32) | C78: 5 | D78: 127.0.0.1:6000 - 127.0.0.1:6011 | E78: 127.0.0.1:6000 | F78: 127.0.0.1:6017 | G78: 127.0.0.1:6020 | H78: 127.0.0.1:6030 | I78: 127.0.0.1:6011
A79: =IF(COUNTA(E79:AN79)>0, COUNTA(E79:AN79), "") -> 4 | B79: Node(32) | C79: 6 | D79: 127.0.0.1:6000 - 127.0.0.1:6010 | E79: 127.0.0.1:6000 | F79: 127.0.0.1:6017 | G79: 127.0.0.1:6020 | H79: 127.0.0.1:6010
A80: =IF(COUNTA(E80:AN80)>0, COUNTA(E80:AN80), "") -> 1 | B80: Node(32) | C80: 7 | D80: 127.0.0.1:6000 - 127.0.0.1:6000 | E80: 127.0.0.1:6000
A81: =IF(COUNTA(E81:AN81)>0, COUNTA(E81:AN81), "") -> 2 | B81: Node(32) | C81: 8 | D81: 127.0.0.1:6000 - 127.0.0.1:6027 | E81: 127.0.0.1:6000 | F81: 127.0.0.1:6027
A82: =IF(COUNTA(E82:AN82)>0, COUNTA(E82:AN82), "") -> 2 | B82: Node(32) | C82: 9 | D82: 127.0.0.1:6000 - 127.0.0.1:6023 | E82: 127.0.0.1:6000 | F82: 127.0.0.1:6023
A83: =IF(COUNTA(E83:AN83)>0, COUNTA(E83:AN83), "") -> 3 | B83: Node(32) | C83: 10 | D83: 127.0.0.1:6000 - 127.0.0.1:6008 | E83: 127.0.0.1:6000 | F83: 127.0.0.1:6023 | G83: 127.0.0.1:6008
A84: =IF(COUNTA(E84:AN84)>0, COUNTA(E84:AN84), "") -> 2 | B84: Node(32) | C84: 11 | D84: 127.0.0.1:6000 - 127.0.0.1:6026 | E84: 127.0.0.1:6000 | F84: 127.0.0.1:6026
A85: =IF(COUNTA(E85:AN85)>0, COUNTA(E85:AN85), "") -> 2 | B85: Node(32) | C85: 12 | D85: 127.0.0.1:6000 - 127.0.0.1:6022 | E85: 127.0.0.1:6000 | F85: 127.0.0.1:6022
A86: =IF(COUNTA(E86:AN86)>0, COUNTA(E86:AN86), "") -> 2 | B86: Node(32) | C86: 13 | D86: 127.0.0.1:6000 - 127.0.0.1:6015 | E86: 127.0.0.1:6000 | F86: 127.0.0.1:6015
A87: =IF(COUNTA(E87:AN87)>0, COUNTA(E87:AN87), "") -> 3 | B87: Node(32) | C87: 14 | D87: 127.0.0.1:6000 - 127.0.0.1:6003 | E87: 127.0.0.1:6000 | F87: 127.0.0.1:6015 | G87: 127.0.0.1:6003
A88: =IF(COUNTA(E88:AN88)>0, COUNTA(E88:AN88), "") -> 3 | B88: Node(32) | C88: 15 | D88: 127.0.0.1:6000 - 127.0.0.1:6024 | E88: 127.0.0.1:6000 | F88: 127.0.0.1:6015 | G88: 127.0.0.1:6024
A89: =IF(COUNTA(E89:AN89)>0, COUNTA(E89:AN89), "") -> 4 | B89: Node(32) | C89: 16 | D89: 127.0.0.1:6000 - 127.0.0.1:6031 | E89: 127.0.0.1:6000 | F89: 127.0.0.1:6015 | G89: 127.0.0.1:6024 | H89: 127.0.0.1:6031
A90: =IF(COUNTA(E90:AN90)>0, COUNTA(E90:AN90), "") -> 5 | B90: Node(32) | C90: 17 | D90: 127.0.0.1:6000 - 127.0.0.1:6002 | E90: 127.0.0.1:6000 | F90: 127.0.0.1:6015 | G90: 127.0.0.1:6024 | H90: 127.0.0.1:6031 | I90: 127.0.0.1:6002
A91: =IF(COUNTA(E91:AN91)>0, COUNTA(E91:AN91), "") -> 2 | B91: Node(32) | C91: 18 | D91: 127.0.0.1:6000 - 127.0.0.1:6004 | E91: 127.0.0.1:6000 | F91: 127.0.0.1:6004
A92: =IF(COUNTA(E92:AN92)>0, COUNTA(E92:AN92), "") -> 3 | B92: Node(32) | C92: 19 | D92: 127.0.0.1:6000 - 127.0.0.1:6025 | E92: 127.0.0.1:6000 | F92: 127.0.0.1:6004 | G92: 127.0.0.1:6025
A93: =IF(COUNTA(E93:AN93)>0, COUNTA(E93:AN93), "") -> 3 | B93: Node(32) | C93: 20 | D93: 127.0.0.1:6000 - 127.0.0.1:6007 | E93: 127.0.0.1:6000 | F93: 127.0.0.1:6004 | G93: 127.0.0.1:6007
A94: =IF(COUNTA(E94:AN94)>0, COUNTA(E94:AN94), "") -> 3 | B94: Node(32) | C94: 21 | D94: 127.0.0.1:6000 - 127.0.0.1:6009 | E94: 127.0.0.1:6000 | F94: 127.0.0.1:6004 | G94: 127.0.0.1:6009
A95: =IF(COUNTA(E95:AN95)>0, COUNTA(E95:AN95), "") -> 4 | B95: Node(32) | C95: 22 | D95: 127.0.0.1:6000 - 127.0.0.1:6006 | E95: 127.0.0.1:6000 | F95: 127.0.0.1:6004 | G95: 127.0.0.1:6009 | H95: 127.0.0.1:6006
A96: =IF(COUNTA(E96:AN96)>0, COUNTA(E96:AN96), "") -> 3 | B96: Node(32) | C96: 23 | D96: 127.0.0.1:6000 - 127.0.0.1:6001 | E96: 127.0.0.1:6000 | F96: 127.0.0.1:6004 | G96: 127.0.0.1:6001
A97: =IF(COUNTA(E97:AN97)>0, COUNTA(E97:AN97), "") -> 3 | B97: Node(32) | C97: 24 | D97: 127.0.0.1:6000 - 127.0.0.1:6013 | E97: 127.0.0.1:6000 | F97: 127.0.0.1:6004 | G97: 127.0.0.1:6013
A98: =IF(COUNTA(E98:AN98)>0, COUNTA(E98:AN98), "") -> 4 | B98: Node(32) | C98: 25 | D98: 127.0.0.1:6000 - 127.0.0.1:6012 | E98: 127.0.0.1:6000 | F98: 127.0.0.1:6004 | G98: 127.0.0.1:6013 | H98: 127.0.0.1:6012
A99: =IF(COUNTA(E99:AN99)>0, COUNTA(E99:AN99), "") -> 4 | B99: Node(32) | C99: 26 | D99: 127.0.0.1:6000 - 127.0.0.1:6005 | E99: 127.0.0.1:6000 | F99: 127.0.0.1:6004 | G99: 127.0.0.1:6013 | H99: 127.0.0.1:6005
A100: =IF(COUNTA(E100:AN100)>0, COUNTA(E100:AN100), "") -> 5 | B100: Node(32) | C100: 27 | D100: 127.0.0.1:6000 - 127.0.0.1:6028 | E100: 127.0.0.1:6000 | F100: 127.0.0.1:6004 | G100: 127.0.0.1:6013 | H100: 127.0.0.1:6005 | I100: 127.0.0.1:6028
A101: =IF(COUNTA(E101:AN101)>0, COUNTA(E101:AN101), "") -> 2 | B101: Node(32) | C101: 28 | D101: 127.0.0.1:6000 - 127.0.0.1:6017 | E101: 127.0.0.1:6000 | F101: 127.0.0.1:6017
...

Sheet 260212_PACKETCNT 테스트(10개노드)
A1: Node(10) | B1: 0 | C1: 127.0.0.1:6000 -127.0.0.1:6003 | D1: 127.0.0.1:6000 | E1: 127.0.0.1:6003
A2: Node(10) | B2: 1 | C2: 127.0.0.1:6000 -127.0.0.1:6003 | D2: 127.0.0.1:6000 | E2: 127.0.0.1:6004 | F2: 127.0.0.1:6002 | G2: 127.0.0.1:6003
A3: Node(10) | B3: 2 | C3: 127.0.0.1:6000 -127.0.0.1:6003 | D3: 127.0.0.1:6000 | E3: 127.0.0.1:6005 | F3: 127.0.0.1:6009 | G3: 127.0.0.1:6003
A4: Node(10) | B4: 3 | C4: 127.0.0.1:6000 -127.0.0.1:6003 | D4: 127.0.0.1:6000 | E4: 127.0.0.1:6007 | F4: 127.0.0.1:6003
A5: Node(10) | B5: 4 | C5: 127.0.0.1:6000 -127.0.0.1:6003 | D5: 127.0.0.1:6000 | E5: 127.0.0.1:6003
A6: Node(10) | B6: 5 | C6: 127.0.0.1:6000 -127.0.0.1:6003 | D6: 127.0.0.1:6000 | E6: 127.0.0.1:6004 | F6: 127.0.0.1:6005 | G6: 127.0.0.1:6007 | H6: 127.0.0.1:6006 | I6: 127.0.0.1:6009 | J6: 127.0.0.1:6004 | K6: 127.0.0.1:6007 | L6: 127.0.0.1:6002 | M6: 127.0.0.1:6005 | N6: 127.0.0.1:6009 | O6: 127.0.0.1:6007 | P6: 127.0.0.1:6009 | Q6: 127.0.0.1:6008 | R6: 127.0.0.1:6003
A7: Node(10) | B7: 6 | C7: 127.0.0.1:6000 -127.0.0.1:6003 | D7: 127.0.0.1:6000 | E7: 127.0.0.1:6005 | F7: 127.0.0.1:6007 | G7: 127.0.0.1:6003
A8: Node(10) | B8: 7 | C8: 127.0.0.1:6000 -127.0.0.1:6003 | D8: 127.0.0.1:6000 | E8: 127.0.0.1:6007 | F8: 127.0.0.1:6006 | G8: 127.0.0.1:6004 | H8: 127.0.0.1:6002 | I8: 127.0.0.1:6009 | J8: 127.0.0.1:6003
A9: Node(10) | B9: 8 | C9: 127.0.0.1:6000 -127.0.0.1:6003 | D9: 127.0.0.1:6000 | E9: 127.0.0.1:6003
A10: Node(10) | B10: 9 | C10: 127.0.0.1:6000 -127.0.0.1:6003 | D10: 127.0.0.1:6000 | E10: 127.0.0.1:6004 | F10: 127.0.0.1:6005 | G10: 127.0.0.1:6009 | H10: 127.0.0.1:6004 | I10: 127.0.0.1:6007 | J10: 127.0.0.1:6002 | K10: 127.0.0.1:6003
A11: Node(10) | B11: 10 | C11: 127.0.0.1:6000 -127.0.0.1:6003 | D11: 127.0.0.1:6000 | E11: 127.0.0.1:6005 | F11: 127.0.0.1:6007 | G11: 127.0.0.1:6009 | H11: 127.0.0.1:6007 | I11: 127.0.0.1:6003
A12: Node(10) | B12: 11 | C12: 127.0.0.1:6000 -127.0.0.1:6003 | D12: 127.0.0.1:6000 | E12: 127.0.0.1:6007 | F12: 127.0.0.1:6006 | G12: 127.0.0.1:6001 | H12: 127.0.0.1:6009 | I12: 127.0.0.1:6008 | J12: 127.0.0.1:6004 | K12: 127.0.0.1:6002 | L12: 127.0.0.1:6005 | M12: 127.0.0.1:6009 | N12: 127.0.0.1:6003
A13: Node(10) | B13: 12 | C13: 127.0.0.1:6000 -127.0.0.1:6003 | D13: 127.0.0.1:6000 | E13: 127.0.0.1:6003
A14: Node(10) | B14: 13 | C14: 127.0.0.1:6000 -127.0.0.1:6003 | D14: 127.0.0.1:6000 | E14: 127.0.0.1:6004 | F14: 127.0.0.1:6005 | G14: 127.0.0.1:6007 | H14: 127.0.0.1:6002 | I14: 127.0.0.1:6009 | J14: 127.0.0.1:6004 | K14: 127.0.0.1:6007 | L14: 127.0.0.1:6009 | M14: 127.0.0.1:6007 | N14: 127.0.0.1:6003
A15: Node(10) | B15: 14 | C15: 127.0.0.1:6000 -127.0.0.1:6003 | D15: 127.0.0.1:6000 | E15: 127.0.0.1:6005 | F15: 127.0.0.1:6009 | G15: 127.0.0.1:6008 | H15: 127.0.0.1:6005 | I15: 127.0.0.1:6007 | J15: 127.0.0.1:6006 | K15: 127.0.0.1:6002 | L15: 127.0.0.1:6003
A16: Node(10) | B16: 15 | C16: 127.0.0.1:6000 -127.0.0.1:6003 | D16: 127.0.0.1:6000 | E16: 127.0.0.1:6007 | F16: 127.0.0.1:6002 | G16: 127.0.0.1:6005 | H16: 127.0.0.1:6009 | I16: 127.0.0.1:6003
A17: Node(10) | B17: 16 | C17: 127.0.0.1:6000 -127.0.0.1:6003 | D17: 127.0.0.1:6000 | E17: 127.0.0.1:6003
A18: Node(10) | B18: 17 | C18: 127.0.0.1:6000 -127.0.0.1:6003 | D18: 127.0.0.1:6000 | E18: 127.0.0.1:6004 | F18: 127.0.0.1:6002 | G18: 127.0.0.1:6009 | H18: 127.0.0.1:6004 | I18: 127.0.0.1:6005 | J18: 127.0.0.1:6007 | K18: 127.0.0.1:6009 | L18: 127.0.0.1:6007 | M18: 127.0.0.1:6003
A19: Node(10) | B19: 18 | C19: 127.0.0.1:6000 -127.0.0.1:6003 | D19: 127.0.0.1:6000 | E19: 127.0.0.1:6005 | F19: 127.0.0.1:6009 | G19: 127.0.0.1:6008 | H19: 127.0.0.1:6007 | I19: 127.0.0.1:6006 | J19: 127.0.0.1:6009 | K19: 127.0.0.1:6003
A20: Node(10) | B20: 19 | C20: 127.0.0.1:6000 -127.0.0.1:6003 | D20: 127.0.0.1:6000 | E20: 127.0.0.1:6007 | F20: 127.0.0.1:6002 | G20: 127.0.0.1:6003
A21: Node(10) | B21: 20 | C21: 127.0.0.1:6000 -127.0.0.1:6003 | D21: 127.0.0.1:6000 | E21: 127.0.0.1:6003
A22: Node(10) | B22: 21 | C22: 127.0.0.1:6000 -127.0.0.1:6003 | D22: 127.0.0.1:6000 | E22: 127.0.0.1:6004 | F22: 127.0.0.1:6007 | G22: 127.0.0.1:6009 | H22: 127.0.0.1:6004 | I22: 127.0.0.1:6002 | J22: 127.0.0.1:6005 | K22: 127.0.0.1:6007 | L22: 127.0.0.1:6003
A23: Node(10) | B23: 22 | C23: 127.0.0.1:6000 -127.0.0.1:6003 | D23: 127.0.0.1:6000 | E23: 127.0.0.1:6005 | F23: 127.0.0.1:6009 | G23: 127.0.0.1:6007 | H23: 127.0.0.1:6006 | I23: 127.0.0.1:6004 | J23: 127.0.0.1:6005 | K23: 127.0.0.1:6007 | L23: 127.0.0.1:6002 | M23: 127.0.0.1:6009 | N23: 127.0.0.1:6008 | O23: 127.0.0.1:6000 | P23: 127.0.0.1:6007 | Q23: 127.0.0.1:6009 | R23: 127.0.0.1:6003
A24: Node(10) | B24: 23 | C24: 127.0.0.1:6000 -127.0.0.1:6003 | D24: 127.0.0.1:6000 | E24: 127.0.0.1:6003
A25: Node(10) | B25: 24 | C25: 127.0.0.1:6000 -127.0.0.1:6003 | D25: 127.0.0.1:6000 | E25: 127.0.0.1:6004 | F25: 127.0.0.1:6007 | G25: 127.0.0.1:6003
A26: Node(10) | B26: 25 | C26: 127.0.0.1:6000 -127.0.0.1:6003 | D26: 127.0.0.1:6000 | E26: 127.0.0.1:6005 | F26: 127.0.0.1:6009 | G26: 127.0.0.1:6004 | H26: 127.0.0.1:6002 | I26: 127.0.0.1:6003
A27: Node(10) | B27: 26 | C27: 127.0.0.1:6000 -127.0.0.1:6003 | D27: 127.0.0.1:6000 | E27: 127.0.0.1:6007 | F27: 127.0.0.1:6006 | G27: 127.0.0.1:6001 | H27: 127.0.0.1:6004 | I27: 127.0.0.1:6005 | J27: 127.0.0.1:6007 | K27: 127.0.0.1:6002 | L27: 127.0.0.1:6005 | M27: 127.0.0.1:6009 | N27: 127.0.0.1:6007 | O27: 127.0.0.1:6009 | P27: 127.0.0.1:6008 | Q27: 127.0.0.1:6003
A28: Node(10) | B28: 27 | C28: 127.0.0.1:6000 -127.0.0.1:6003 | D28: 127.0.0.1:6000 | E28: 127.0.0.1:6003
A29: Node(10) | B29: 28 | C29: 127.0.0.1:6000 -127.0.0.1:6003 | D29: 127.0.0.1:6000 | E29: 127.0.0.1:6004 | F29: 127.0.0.1:6007 | G29: 127.0.0.1:6003
A30: Node(10) | B30: 29 | C30: 127.0.0.1:6000 -127.0.0.1:6003 | D30: 127.0.0.1:6000 | E30: 127.0.0.1:6005 | F30: 127.0.0.1:6007 | G30: 127.0.0.1:6006 | H30: 127.0.0.1:6002 | I30: 127.0.0.1:6009 | J30: 127.0.0.1:6003
A31: Node(10) | B31: 30 | C31: 127.0.0.1:6000 -127.0.0.1:6003 | D31: 127.0.0.1:6000 | E31: 127.0.0.1:6007 | F31: 127.0.0.1:6002 | G31: 127.0.0.1:6003
A32: Node(10) | B32: 31 | C32: 127.0.0.1:6000 -127.0.0.1:6003 | D32: 127.0.0.1:6000 | E32: 127.0.0.1:6003
A33: Node(10) | B33: 32 | C33: 127.0.0.1:6000 -127.0.0.1:6003 | D33: 127.0.0.1:6000 | E33: 127.0.0.1:6004 | F33: 127.0.0.1:6002 | G33: 127.0.0.1:6005 | H33: 127.0.0.1:6009 | I33: 127.0.0.1:6004 | J33: 127.0.0.1:6005 | K33: 127.0.0.1:6007 | L33: 127.0.0.1:6009 | M33: 127.0.0.1:6007 | N33: 127.0.0.1:6003
A34: Node(10) | B34: 33 | C34: 127.0.0.1:6000 -127.0.0.1:6003 | D34: 127.0.0.1:6000 | E34: 127.0.0.1:6005 | F34: 127.0.0.1:6009 | G34: 127.0.0.1:6008 | H34: 127.0.0.1:6004 | I34: 127.0.0.1:6007 | J34: 127.0.0.1:6006 | K34: 127.0.0.1:6009 | L34: 127.0.0.1:6003
A35: Node(10) | B35: 34 | C35: 127.0.0.1:6000 -127.0.0.1:6003 | D35: 127.0.0.1:6000 | E35: 127.0.0.1:6007 | F35: 127.0.0.1:6002 | G35: 127.0.0.1:6009 | H35: 127.0.0.1:6004 | I35: 127.0.0.1:6002 | J35: 127.0.0.1:6003
A36: Node(10) | B36: 35 | C36: 127.0.0.1:6000 -127.0.0.1:6003 | D36: 127.0.0.1:6000 | E36: 127.0.0.1:6003
A37: Node(10) | B37: 36 | C37: 127.0.0.1:6000 -127.0.0.1:6003 | D37: 127.0.0.1:6000 | E37: 127.0.0.1:6004 | F37: 127.0.0.1:6005 | G37: 127.0.0.1:6007 | H37: 127.0.0.1:6009 | I37: 127.0.0.1:6007 | J37: 127.0.0.1:6003
A38: Node(10) | B38: 37 | C38: 127.0.0.1:6000 -127.0.0.1:6003 | D38: 127.0.0.1:6000 | E38: 127.0.0.1:6005 | F38: 127.0.0.1:6009 | G38: 127.0.0.1:6008 | H38: 127.0.0.1:6005 | I38: 127.0.0.1:6007 | J38: 127.0.0.1:6006 | K38: 127.0.0.1:6004 | L38: 127.0.0.1:6007 | M38: 127.0.0.1:6002 | N38: 127.0.0.1:6005 | O38: 127.0.0.1:6009 | P38: 127.0.0.1:6003
A39: Node(10) | B39: 38 | C39: 127.0.0.1:6000 -127.0.0.1:6003 | D39: 127.0.0.1:6000 | E39: 127.0.0.1:6007 | F39: 127.0.0.1:6009 | G39: 127.0.0.1:6004 | H39: 127.0.0.1:6002 | I39: 127.0.0.1:6009 | J39: 127.0.0.1:6007 | K39: 127.0.0.1:6003
A40: Node(10) | B40: 39 | C40: 127.0.0.1:6000 -127.0.0.1:6003 | D40: 127.0.0.1:6000 | E40: 127.0.0.1:6003
A41: Node(10) | B41: 40 | C41: 127.0.0.1:6000 -127.0.0.1:6003 | D41: 127.0.0.1:6000 | E41: 127.0.0.1:6004 | F41: 127.0.0.1:6005 | G41: 127.0.0.1:6007 | H41: 127.0.0.1:6006 | I41: 127.0.0.1:6001 | J41: 127.0.0.1:6002 | K41: 127.0.0.1:6003
A42: Node(10) | B42: 41 | C42: 127.0.0.1:6000 -127.0.0.1:6003 | D42: 127.0.0.1:6000 | E42: 127.0.0.1:6005 | F42: 127.0.0.1:6009 | G42: 127.0.0.1:6008 | H42: 127.0.0.1:6007 | I42: 127.0.0.1:6002 | J42: 127.0.0.1:6005 | K42: 127.0.0.1:6007 | L42: 127.0.0.1:6009 | M42: 127.0.0.1:6003
A43: Node(10) | B43: 42 | C43: 127.0.0.1:6000 -127.0.0.1:6003 | D43: 127.0.0.1:6000 | E43: 127.0.0.1:6007 | F43: 127.0.0.1:6003
A44: Node(10) | B44: 43 | C44: 127.0.0.1:6000 -127.0.0.1:6003 | D44: 127.0.0.1:6000 | E44: 127.0.0.1:6003
A45: Node(10) | B45: 44 | C45: 127.0.0.1:6000 -127.0.0.1:6003 | D45: 127.0.0.1:6000 | E45: 127.0.0.1:6004 | F45: 127.0.0.1:6007 | G45: 127.0.0.1:6006 | H45: 127.0.0.1:6002 | I45: 127.0.0.1:6009 | J45: 127.0.0.1:6004 | K45: 127.0.0.1:6002 | L45: 127.0.0.1:6003
A46: Node(10) | B46: 45 | C46: 127.0.0.1:6000 -127.0.0.1:6003 | D46: 127.0.0.1:6000 | E46: 127.0.0.1:6005 | F46: 127.0.0.1:6009 | G46: 127.0.0.1:6007 | H46: 127.0.0.1:6002 | I46: 127.0.0.1:6005 | J46: 127.0.0.1:6007 | K46: 127.0.0.1:6009 | L46: 127.0.0.1:6008 | M46: 127.0.0.1:6000 | N46: 127.0.0.1:6007 | O46: 127.0.0.1:6003
A47: Node(10) | B47: 46 | C47: 127.0.0.1:6000 -127.0.0.1:6003 | D47: 127.0.0.1:6000 | E47: 127.0.0.1:6003
A48: Node(10) | B48: 47 | C48: 127.0.0.1:6000 -127.0.0.1:6003 | D48: 127.0.0.1:6000 | E48: 127.0.0.1:6004 | F48: 127.0.0.1:6005 | G48: 127.0.0.1:6009 | H48: 127.0.0.1:6003
A49: Node(10) | B49: 48 | C49: 127.0.0.1:6000 -127.0.0.1:6003 | D49: 127.0.0.1:6000 | E49: 127.0.0.1:6005 | F49: 127.0.0.1:6007 | G49: 127.0.0.1:6006 | H49: 127.0.0.1:6009 | I49: 127.0.0.1:6004 | J49: 127.0.0.1:6007 | K49: 127.0.0.1:6002 | L49: 127.0.0.1:6009 | M49: 127.0.0.1:6007 | N49: 127.0.0.1:6009 | O49: 127.0.0.1:6008 | P49: 127.0.0.1:6003
A50: Node(10) | B50: 49 | C50: 127.0.0.1:6000 -127.0.0.1:6003 | D50: 127.0.0.1:6000 | E50: 127.0.0.1:6007 | F50: 127.0.0.1:6003
A51: Node(10) | B51: 50 | C51: 127.0.0.1:6000 -127.0.0.1:6003 | D51: 127.0.0.1:6000 | E51: 127.0.0.1:6003
A52: Node(10) | B52: 51 | C52: 127.0.0.1:6000 -127.0.0.1:6003 | D52: 127.0.0.1:6000 | E52: 127.0.0.1:6004 | F52: 127.0.0.1:6002 | G52: 127.0.0.1:6003
A53: Node(10) | B53: 52 | C53: 127.0.0.1:6000 -127.0.0.1:6003 | D53: 127.0.0.1:6000 | E53: 127.0.0.1:6005 | F53: 127.0.0.1:6009 | G53: 127.0.0.1:6003
A54: Node(10) | B54: 53 | C54: 127.0.0.1:6000 -127.0.0.1:6003 | D54: 127.0.0.1:6000 | E54: 127.0.0.1:6007 | F54: 127.0.0.1:6006 | G54: 127.0.0.1:6004 | H54: 127.0.0.1:6005 | I54: 127.0.0.1:6007 | J54: 127.0.0.1:6002 | K54: 127.0.0.1:6005 | L54: 127.0.0.1:6009 | M54: 127.0.0.1:6004 | N54: 127.0.0.1:6007 | O54: 127.0.0.1:6009 | P54: 127.0.0.1:6007 | Q54: 127.0.0.1:6003
A55: Node(10) | B55: 54 | C55: 127.0.0.1:6000 -127.0.0.1:6003 | D55: 127.0.0.1:6000 | E55: 127.0.0.1:6003
A56: Node(10) | B56: 55 | C56: 127.0.0.1:6000 -127.0.0.1:6003 | D56: 127.0.0.1:6000 | E56: 127.0.0.1:6004 | F56: 127.0.0.1:6002 | G56: 127.0.0.1:6009 | H56: 127.0.0.1:6008 | I56: 127.0.0.1:6004 | J56: 127.0.0.1:6005 | K56: 127.0.0.1:6007 | L56: 127.0.0.1:6006 | M56: 127.0.0.1:6001 | N56: 127.0.0.1:6009 | O56: 127.0.0.1:6003
A57: Node(10) | B57: 56 | C57: 127.0.0.1:6000 -127.0.0.1:6003 | D57: 127.0.0.1:6000 | E57: 127.0.0.1:6005 | F57: 127.0.0.1:6009 | G57: 127.0.0.1:6004 | H57: 127.0.0.1:6007 | I57: 127.0.0.1:6002 | J57: 127.0.0.1:6003
A58: Node(10) | B58: 57 | C58: 127.0.0.1:6000 -127.0.0.1:6003 | D58: 127.0.0.1:6000 | E58: 127.0.0.1:6007 | F58: 127.0.0.1:6009 | G58: 127.0.0.1:6007 | H58: 127.0.0.1:6003
A59: Node(10) | B59: 58 | C59: 127.0.0.1:6000 -127.0.0.1:6003 | D59: 127.0.0.1:6000 | E59: 127.0.0.1:6003
A60: Node(10) | B60: 59 | C60: 127.0.0.1:6000 -127.0.0.1:6003 | D60: 127.0.0.1:6000 | E60: 127.0.0.1:6004 | F60: 127.0.0.1:6002 | G60: 127.0.0.1:6005 | H60: 127.0.0.1:6007 | I60: 127.0.0.1:6006 | J60: 127.0.0.1:6002 | K60: 127.0.0.1:6009 | L60: 127.0.0.1:6008 | M60: 127.0.0.1:6005 | N60: 127.0.0.1:6009 | O60: 127.0.0.1:6003
A61: Node(10) | B61: 60 | C61: 127.0.0.1:6000 -127.0.0.1:6003 | D61: 127.0.0.1:6000 | E61: 127.0.0.1:6005 | F61: 127.0.0.1:6007 | G61: 127.0.0.1:6002 | H61: 127.0.0.1:6003
A62: Node(10) | B62: 61 | C62: 127.0.0.1:6000 -127.0.0.1:6003 | D62: 127.0.0.1:6000 | E62: 127.0.0.1:6007 | F62: 127.0.0.1:6009 | G62: 127.0.0.1:6004 | H62: 127.0.0.1:6005 | I62: 127.0.0.1:6009 | J62: 127.0.0.1:6007 | K62: 127.0.0.1:6003
A63: Node(10) | B63: 62 | C63: 127.0.0.1:6000 -127.0.0.1:6003 | D63: 127.0.0.1:6000 | E63: 127.0.0.1:6003
A64: Node(10) | B64: 63 | C64: 127.0.0.1:6000 -127.0.0.1:6003 | D64: 127.0.0.1:6000 | E64: 127.0.0.1:6004 | F64: 127.0.0.1:6007 | G64: 127.0.0.1:6006 | H64: 127.0.0.1:6009 | I64: 127.0.0.1:6008 | J64: 127.0.0.1:6007 | K64: 127.0.0.1:6002 | L64: 127.0.0.1:6005 | M64: 127.0.0.1:6007 | N64: 127.0.0.1:6009 | O64: 127.0.0.1:6003
A65: Node(10) | B65: 64 | C65: 127.0.0.1:6000 -127.0.0.1:6003 | D65: 127.0.0.1:6000 | E65: 127.0.0.1:6005 | F65: 127.0.0.1:6009 | G65: 127.0.0.1:6004 | H65: 127.0.0.1:6002 | I65: 127.0.0.1:6009 | J65: 127.0.0.1:6007 | K65: 127.0.0.1:6003
A66: Node(10) | B66: 65 | C66: 127.0.0.1:6000 -127.0.0.1:6003 | D66: 127.0.0.1:6000 | E66: 127.0.0.1:6007 | F66: 127.0.0.1:6006 | G66: 127.0.0.1:6004 | H66: 127.0.0.1:6005 | I66: 127.0.0.1:6007 | J66: 127.0.0.1:6002 | K66: 127.0.0.1:6003
A67: Node(10) | B67: 66 | C67: 127.0.0.1:6000 -127.0.0.1:6003 | D67: 127.0.0.1:6000 | E67: 127.0.0.1:6003
A68: Node(10) | B68: 67 | C68: 127.0.0.1:6000 -127.0.0.1:6003 | D68: 127.0.0.1:6000 | E68: 127.0.0.1:6004 | F68: 127.0.0.1:6007 | G68: 127.0.0.1:6009 | H68: 127.0.0.1:6008 | I68: 127.0.0.1:6000 | J68: 127.0.0.1:6005 | K68: 127.0.0.1:6009 | L68: 127.0.0.1:6003
A69: Node(10) | B69: 68 | C69: 127.0.0.1:6000 -127.0.0.1:6003 | D69: 127.0.0.1:6000 | E69: 127.0.0.1:6007 | F69: 127.0.0.1:6003
A70: Node(10) | B70: 69 | C70: 127.0.0.1:6000 -127.0.0.1:6003 | D70: 127.0.0.1:6000 | E70: 127.0.0.1:6003
A71: Node(10) | B71: 70 | C71: 127.0.0.1:6000 -127.0.0.1:6003 | D71: 127.0.0.1:6000 | E71: 127.0.0.1:6004 | F71: 127.0.0.1:6002 | G71: 127.0.0.1:6005 | H71: 127.0.0.1:6007 | I71: 127.0.0.1:6006 | J71: 127.0.0.1:6001 | K71: 127.0.0.1:6004 | L71: 127.0.0.1:6005 | M71: 127.0.0.1:6009 | N71: 127.0.0.1:6004 | O71: 127.0.0.1:6007 | P71: 127.0.0.1:6002 | Q71: 127.0.0.1:6009 | R71: 127.0.0.1:6007 | S71: 127.0.0.1:6009 | T71: 127.0.0.1:6008 | U71: 127.0.0.1:6003
A72: Node(10) | B72: 71 | C72: 127.0.0.1:6000 -127.0.0.1:6003 | D72: 127.0.0.1:6000 | E72: 127.0.0.1:6005 | F72: 127.0.0.1:6007 | G72: 127.0.0.1:6003
A73: Node(10) | B73: 72 | C73: 127.0.0.1:6000 -127.0.0.1:6003 | D73: 127.0.0.1:6000 | E73: 127.0.0.1:6007 | F73: 127.0.0.1:6006 | G73: 127.0.0.1:6002 | H73: 127.0.0.1:6003
A74: Node(10) | B74: 73 | C74: 127.0.0.1:6000 -127.0.0.1:6003 | D74: 127.0.0.1:6000 | E74: 127.0.0.1:6003
A75: Node(10) | B75: 74 | C75: 127.0.0.1:6000 -127.0.0.1:6003 | D75: 127.0.0.1:6000 | E75: 127.0.0.1:6004 | F75: 127.0.0.1:6002 | G75: 127.0.0.1:6005 | H75: 127.0.0.1:6009 | I75: 127.0.0.1:6003
A76: Node(10) | B76: 75 | C76: 127.0.0.1:6000 -127.0.0.1:6003 | D76: 127.0.0.1:6000 | E76: 127.0.0.1:6005 | F76: 127.0.0.1:6007 | G76: 127.0.0.1:6002 | H76: 127.0.0.1:6009 | I76: 127.0.0.1:6004 | J76: 127.0.0.1:6005 | K76: 127.0.0.1:6009 | L76: 127.0.0.1:6007 | M76: 127.0.0.1:6009 | N76: 127.0.0.1:6008 | O76: 127.0.0.1:6004 | P76: 127.0.0.1:6007 | Q76: 127.0.0.1:6003
A77: Node(10) | B77: 76 | C77: 127.0.0.1:6000 -127.0.0.1:6003 | D77: 127.0.0.1:6000 | E77: 127.0.0.1:6007 | F77: 127.0.0.1:6006 | G77: 127.0.0.1:6009 | H77: 127.0.0.1:6003
A78: Node(10) | B78: 77 | C78: 127.0.0.1:6000 -127.0.0.1:6003 | D78: 127.0.0.1:6000 | E78: 127.0.0.1:6003
A79: Node(10) | B79: 78 | C79: 127.0.0.1:6000 -127.0.0.1:6003 | D79: 127.0.0.1:6000 | E79: 127.0.0.1:6004 | F79: 127.0.0.1:6002 | G79: 127.0.0.1:6003
A80: Node(10) | B80: 79 | C80: 127.0.0.1:6000 -127.0.0.1:6003 | D80: 127.0.0.1:6000 | E80: 127.0.0.1:6005 | F80: 127.0.0.1:6007 | G80: 127.0.0.1:6002 | H80: 127.0.0.1:6005 | I80: 127.0.0.1:6009 | J80: 127.0.0.1:6004 | K80: 127.0.0.1:6005 | L80: 127.0.0.1:6007 | M80: 127.0.0.1:6009 | N80: 127.0.0.1:6007 | O80: 127.0.0.1:6003
A81: Node(10) | B81: 80 | C81: 127.0.0.1:6000 -127.0.0.1:6003 | D81: 127.0.0.1:6000 | E81: 127.0.0.1:6007 | F81: 127.0.0.1:6006 | G81: 127.0.0.1:6004 | H81: 127.0.0.1:6007 | I81: 127.0.0.1:6002 | J81: 127.0.0.1:6009 | K81: 127.0.0.1:6008 | L81: 127.0.0.1:6005 | M81: 127.0.0.1:6009 | N81: 127.0.0.1:6003
A82: Node(10) | B82: 81 | C82: 127.0.0.1:6000 -127.0.0.1:6003 | D82: 127.0.0.1:6000 | E82: 127.0.0.1:6003
A83: Node(10) | B83: 82 | C83: 127.0.0.1:6000 -127.0.0.1:6003 | D83: 127.0.0.1:6000 | E83: 127.0.0.1:6004 | F83: 127.0.0.1:6002 | G83: 127.0.0.1:6003
A84: Node(10) | B84: 83 | C84: 127.0.0.1:6000 -127.0.0.1:6003 | D84: 127.0.0.1:6000 | E84: 127.0.0.1:6005 | F84: 127.0.0.1:6007 | G84: 127.0.0.1:6009 | H84: 127.0.0.1:6004 | I84: 127.0.0.1:6005 | J84: 127.0.0.1:6009 | K84: 127.0.0.1:6007 | L84: 127.0.0.1:6003
A85: Node(10) | B85: 84 | C85: 127.0.0.1:6000 -127.0.0.1:6003 | D85: 127.0.0.1:6000 | E85: 127.0.0.1:6007 | F85: 127.0.0.1:6006 | G85: 127.0.0.1:6001 | H85: 127.0.0.1:6002 | I85: 127.0.0.1:6005 | J85: 127.0.0.1:6007 | K85: 127.0.0.1:6002 | L85: 127.0.0.1:6009 | M85: 127.0.0.1:6008 | N85: 127.0.0.1:6007 | O85: 127.0.0.1:6009 | P85: 127.0.0.1:6003
A86: Node(10) | B86: 85 | C86: 127.0.0.1:6000 -127.0.0.1:6003 | D86: 127.0.0.1:6000 | E86: 127.0.0.1:6003
A87: Node(10) | B87: 86 | C87: 127.0.0.1:6000 -127.0.0.1:6003 | D87: 127.0.0.1:6000 | E87: 127.0.0.1:6004 | F87: 127.0.0.1:6007 | G87: 127.0.0.1:6003
A88: Node(10) | B88: 87 | C88: 127.0.0.1:6000 -127.0.0.1:6003 | D88: 127.0.0.1:6000 | E88: 127.0.0.1:6005 | F88: 127.0.0.1:6009 | G88: 127.0.0.1:6004 | H88: 127.0.0.1:6002 | I88: 127.0.0.1:6003
A89: Node(10) | B89: 88 | C89: 127.0.0.1:6000 -127.0.0.1:6003 | D89: 127.0.0.1:6000 | E89: 127.0.0.1:6007 | F89: 127.0.0.1:6006 | G89: 127.0.0.1:6002 | H89: 127.0.0.1:6005 | I89: 127.0.0.1:6007 | J89: 127.0.0.1:6002 | K89: 127.0.0.1:6009 | L89: 127.0.0.1:6007 | M89: 127.0.0.1:6009 | N89: 127.0.0.1:6008 | O89: 127.0.0.1:6000 | P89: 127.0.0.1:6003
A90: Node(10) | B90: 89 | C90: 127.0.0.1:6000 -127.0.0.1:6003 | D90: 127.0.0.1:6000 | E90: 127.0.0.1:6004 | F90: 127.0.0.1:6005 | G90: 127.0.0.1:6009 | H90: 127.0.0.1:6003
A91: Node(10) | B91: 90 | C91: 127.0.0.1:6000 -127.0.0.1:6003 | D91: 127.0.0.1:6000 | E91: 127.0.0.1:6005 | F91: 127.0.0.1:6007 | G91: 127.0.0.1:6003
A92: Node(10) | B92: 91 | C92: 127.0.0.1:6000 -127.0.0.1:6003 | D92: 127.0.0.1:6000 | E92: 127.0.0.1:6007 | F92: 127.0.0.1:6006 | G92: 127.0.0.1:6009 | H92: 127.0.0.1:6004 | I92: 127.0.0.1:6007 | J92: 127.0.0.1:6002 | K92: 127.0.0.1:6003
A93: Node(10) | B93: 92 | C93: 127.0.0.1:6000 -127.0.0.1:6003 | D93: 127.0.0.1:6000 | E93: 127.0.0.1:6003
A94: Node(10) | B94: 93 | C94: 127.0.0.1:6000 -127.0.0.1:6003 | D94: 127.0.0.1:6000 | E94: 127.0.0.1:6004 | F94: 127.0.0.1:6002 | G94: 127.0.0.1:6005 | H94: 127.0.0.1:6009 | I94: 127.0.0.1:6007 | J94: 127.0.0.1:6009 | K94: 127.0.0.1:6008 | L94: 127.0.0.1:6003
A95: Node(10) | B95: 94 | C95: 127.0.0.1:6000 -127.0.0.1:6003 | D95: 127.0.0.1:6000 | E95: 127.0.0.1:6005 | F95: 127.0.0.1:6007 | G95: 127.0.0.1:6003
A96: Node(10) | B96: 95 | C96: 127.0.0.1:6000 -127.0.0.1:6003 | D96: 127.0.0.1:6000 | E96: 127.0.0.1:6007 | F96: 127.0.0.1:6006 | G96: 127.0.0.1:6004 | H96: 127.0.0.1:6005 | I96: 127.0.0.1:6009 | J96: 127.0.0.1:6003
A97: Node(10) | B97: 96 | C97: 127.0.0.1:6000 -127.0.0.1:6003 | D97: 127.0.0.1:6000 | E97: 127.0.0.1:6003
A98: Node(10) | B98: 97 | C98: 127.0.0.1:6000 -127.0.0.1:6003 | D98: 127.0.0.1:6000 | E98: 127.0.0.1:6004 | F98: 127.0.0.1:6007 | G98: 127.0.0.1:6002 | H98: 127.0.0.1:6009 | I98: 127.0.0.1:6004 | J98: 127.0.0.1:6002 | K98: 127.0.0.1:6003
A99: Node(10) | B99: 98 | C99: 127.0.0.1:6000 -127.0.0.1:6003 | D99: 127.0.0.1:6000 | E99: 127.0.0.1:6005 | F99: 127.0.0.1:6007 | G99: 127.0.0.1:6009 | H99: 127.0.0.1:6007 | I99: 127.0.0.1:6003
A100: Node(10) | B100: 99 | C100: 127.0.0.1:6000 -127.0.0.1:6003 | D100: 127.0.0.1:6000 | E100: 127.0.0.1:6007 | F100: 127.0.0.1:6006 | G100: 127.0.0.1:6001 | H100: 127.0.0.1:6009 | I100: 127.0.0.1:6008 | J100: 127.0.0.1:6004 | K100: 127.0.0.1:6005 | L100: 127.0.0.1:6009 | M100: 127.0.0.1:6003

Sheet 이미지

Sheet 3. 테슽 (128)
