Workbook
Name _Hlk145398200: '3. 경로 탐색'!$D$16

Sheet 1. 기본 정보
A1: 1. Moduler | E1: 8
A3: 2. Peer 기본 정보
B4: ADDR | C4: crc32 | D4: HEX To INT
A5: PEER 1 | B5: x.x.x.10 | C5: 3a206a07 | D5: =HEX2DEC(C5) -> 975202823 | E5: =MOD(D5,$E$1) -> 7
A6: PEER 2 | B6: x.x.x.11 | C6: 8d3dab03 | D6: =HEX2DEC(C6) -> 2369628931 | E6: =MOD(D6,$E$1) -> 3
A7: PEER 3 | B7: x.x.x.12 | C7: 541be80e | D7: =HEX2DEC(C7) -> 1411115022 | E7: =MOD(D7,$E$1) -> 6
A8: PEER 4 | B8: x.x.x.13 | C8: e306290a | D8: =HEX2DEC(C8) -> 3808831754 | E8: =MOD(D8,$E$1) -> 2
A9: PEER 5 | B9: x.x.x.14 | C9: e6566e14 | D9: =HEX2DEC(C9) -> 3864423956 | E9: =MOD(D9,$E$1) -> 4
A10: PEER 6 | B10: x.x.x.15 | C10: 514baf10 | D10: =HEX2DEC(C10) -> 1363914512 | E10: =MOD(D10,$E$1) -> 0
A11: PEER 7 | B11: x.x.x.16 | C11: 886dec1d | D11: =HEX2DEC(C11) -> 2288905245 | E11: =MOD(D11,$E$1) -> 5
A12: PEER 8 | B12: x.x.x.17 | C12: 3f702d19 | D12: =HEX2DEC(C12) -> 1064316185 | E12: =MOD(D12,$E$1) -> 1
B14: 리소스 | C14: crc32 | D14: HEX To INT
A15: PEER 1 | B15: Data-Text | C15: eed9ae79 | D15: =HEX2DEC(C15) -> 4007243385 | E15: =MOD(D15,$E$1) -> 1
A16: PEER 2 | B16: AI-LLM | C16: 2c397047 | D16: =HEX2DEC(C16) -> 741961799 | E16: =MOD(D16,$E$1) -> 7
A17: PEER 3 | B17: Infra-Memory | C17: 7c98c82d | D17: =HEX2DEC(C17) -> 2090387501 | E17: =MOD(D17,$E$1) -> 5
A18: PEER 4 | B18: Data-Picture | C18: b34da9ae | D18: =HEX2DEC(C18) -> 3008211374 | E18: =MOD(D18,$E$1) -> 6
A19: PEER 5 | B19: AI-GAN | C19: 632dea5b | D19: =HEX2DEC(C19) -> 1663953499 | E19: =MOD(D19,$E$1) -> 3
A20: PEER 6 | B20: Infra-STORAGE | C20: 8eaffaaa | D20: =HEX2DEC(C20) -> 2393897642 | E20: =MOD(D20,$E$1) -> 2
A21: PEER 7 | B21: AI-DNN | C21: c2e504e4 | D21: =HEX2DEC(C21) -> 3269788900 | E21: =MOD(D21,$E$1) -> 4
A22: PEER 8 | B22: Data-Doc | C22: f5f174c0 | D22: =HEX2DEC(C22) -> 4126241984 | E22: =MOD(D22,$E$1) -> 0
A24: 3 동작 시간 (https://www.epochconverter.com/)
B25: 동작시간 | D25: UTC to INT | E25: SALT
A26: PEER 1 | B26: 15 Sep 2023 08:48:33 GMT | D26: 1694767713 | E26: =MOD(D26,$E$1) -> 1
A27: PEER 2 | B27: 18 Sep 2023 08:56:44 GMT | D27: 1695027404 | E27: =MOD(D27,$E$1) -> 4
A28: PEER 3 | B28: 18 Sep 2023 08:56:47 GMT | D28: 1695027407 | E28: =MOD(D28,$E$1) -> 7
A29: PEER 4 | B29: 18 Sep 2023 08:50:46 GMT | D29: 1695027046 | E29: =MOD(D29,$E$1) -> 6
A30: PEER 5 | B30: 17 Sep 2023 13:20:42 GMT | D30: 1694956842 | E30: =MOD(D30,$E$1) -> 2
A31: PEER 6 | B31: 16 Sep 2023 13:20:35 GMT | D31: 1694870435 | E31: =MOD(D31,$E$1) -> 3
A32: PEER 7 | B32: 16 Sep 2023 12:19:36 GMT | D32: 1694866776 | E32: =MOD(D32,$E$1) -> 0
A33: PEER 8 | B33: 15 Sep 2023 12:19:41 GMT | D33: 1694780381 | E33: =MOD(D33,$E$1) -> 5

Sheet 2. Finger Table(Addr, Resource)
A1: Peer 1 | B1: SALT | C1: ='1. 기본 정보'!E26 -> 1 | E1: Moduler | F1: ='1. 기본 정보'!$E$1 -> 8 | I1: Peer 1
C2: Address | D2: crc32 | E2: Hex to int | F2: ADD(Time + SLAT) | G2: Space(Mod) | J2: Resource | K2: crc32 | L2: Hex to int | M2: ADD(Time + SLAT) | N2: Space(Mod)
B3: 1 | C3: ='1. 기본 정보'!B5 -> x.x.x.10 | D3: ='1. 기본 정보'!C5 -> 3a206a07 | E3: ='1. 기본 정보'!D5 -> 975202823 | F3: =E3+$C$1 -> 975202824 | G3: =MOD(F3,$F$1) -> 0 | J3: ='1. 기본 정보'!B15 -> Data-Text | K3: ='1. 기본 정보'!C15 -> eed9ae79 | L3: ='1. 기본 정보'!D15 -> 4007243385 | M3: =L3+$C$1 -> 4007243386 | N3: =MOD(M3,$F$1) -> 2
B4: 2 | C4: ='1. 기본 정보'!B6 -> x.x.x.11 | D4: ='1. 기본 정보'!C6 -> 8d3dab03 | E4: ='1. 기본 정보'!D6 -> 2369628931 | F4: =E4+$C$1 -> 2369628932 | G4: =MOD(F4,$F$1) -> 4 | J4: ='1. 기본 정보'!B16 -> AI-LLM | K4: ='1. 기본 정보'!C16 -> 2c397047 | L4: ='1. 기본 정보'!D16 -> 741961799 | M4: =L4+$C$1 -> 741961800 | N4: =MOD(M4,$F$1) -> 0
B5: 3 | C5: ='1. 기본 정보'!B7 -> x.x.x.12 | D5: ='1. 기본 정보'!C7 -> 541be80e | E5: ='1. 기본 정보'!D7 -> 1411115022 | F5: =E5+$C$1 -> 1411115023 | G5: =MOD(F5,$F$1) -> 7 | J5: ='1. 기본 정보'!B17 -> Infra-Memory | K5: ='1. 기본 정보'!C17 -> 7c98c82d | L5: ='1. 기본 정보'!D17 -> 2090387501 | M5: =L5+$C$1 -> 2090387502 | N5: =MOD(M5,$F$1) -> 6
B6: 4 | C6: ='1. 기본 정보'!B8 -> x.x.x.13 | D6: ='1. 기본 정보'!C8 -> e306290a | E6: ='1. 기본 정보'!D8 -> 3808831754 | F6: =E6+$C$1 -> 3808831755 | G6: =MOD(F6,$F$1) -> 3 | J6: ='1. 기본 정보'!B18 -> Data-Picture | K6: ='1. 기본 정보'!C18 -> b34da9ae | L6: ='1. 기본 정보'!D18 -> 3008211374 | M6: =L6+$C$1 -> 3008211375 | N6: =MOD(M6,$F$1) -> 7
B7: 5 | C7: ='1. 기본 정보'!B9 -> x.x.x.14 | D7: ='1. 기본 정보'!C9 -> e6566e14 | E7: ='1. 기본 정보'!D9 -> 3864423956 | F7: =E7+$C$1 -> 3864423957 | G7: =MOD(F7,$F$1) -> 5 | J7: ='1. 기본 정보'!B19 -> AI-GAN | K7: ='1. 기본 정보'!C19 -> 632dea5b | L7: ='1. 기본 정보'!D19 -> 1663953499 | M7: =L7+$C$1 -> 1663953500 | N7: =MOD(M7,$F$1) -> 4
B8: 6 | C8: ='1. 기본 정보'!B10 -> x.x.x.15 | D8: ='1. 기본 정보'!C10 -> 514baf10 | E8: ='1. 기본 정보'!D10 -> 1363914512 | F8: =E8+$C$1 -> 1363914513 | G8: =MOD(F8,$F$1) -> 1 | J8: ='1. 기본 정보'!B20 -> Infra-STORAGE | K8: ='1. 기본 정보'!C20 -> 8eaffaaa | L8: ='1. 기본 정보'!D20 -> 2393897642 | M8: =L8+$C$1 -> 2393897643 | N8: =MOD(M8,$F$1) -> 3
B9: 7 | C9: ='1. 기본 정보'!B11 -> x.x.x.16 | D9: ='1. 기본 정보'!C11 -> 886dec1d | E9: ='1. 기본 정보'!D11 -> 2288905245 | F9: =E9+$C$1 -> 2288905246 | G9: =MOD(F9,$F$1) -> 6 | J9: ='1. 기본 정보'!B21 -> AI-DNN | K9: ='1. 기본 정보'!C21 -> c2e504e4 | L9: ='1. 기본 정보'!D21 -> 3269788900 | M9: =L9+$C$1 -> 3269788901 | N9: =MOD(M9,$F$1) -> 5
B10: 8 | C10: ='1. 기본 정보'!B12 -> x.x.x.17 | D10: ='1. 기본 정보'!C12 -> 3f702d19 | E10: ='1. 기본 정보'!D12 -> 1064316185 | F10: =E10+$C$1 -> 1064316186 | G10: =MOD(F10,$F$1) -> 2 | J10: ='1. 기본 정보'!B22 -> Data-Doc | K10: ='1. 기본 정보'!C22 -> f5f174c0 | L10: ='1. 기본 정보'!D22 -> 4126241984 | M10: =L10+$C$1 -> 4126241985 | N10: =MOD(M10,$F$1) -> 1
A12: Peer 2 | B12: SALT | C12: ='1. 기본 정보'!E27 -> 4 | E12: Moduler | F12: ='1. 기본 정보'!$E$1 -> 8 | I12: Peer 2
C13: Address | D13: crc32 | E13: Hex to int | F13: ADD(Time + SLAT) | G13: Space(Mod) | J13: Resource | K13: crc32 | L13: Hex to int | M13: ADD(Time + SLAT) | N13: Space(Mod)
B14: 1 | C14: =C3 -> x.x.x.10 | D14: =D3 -> 3a206a07 | E14: =HEX2DEC(D14) -> 975202823 | F14: =E14+$C$12 -> 975202827 | G14: =MOD(F14,$F$12) -> 3 | J14: =J3 -> Data-Text | K14: =K3 -> eed9ae79 | L14: =L3 -> 4007243385 | M14: =L14+$C$12 -> 4007243389 | N14: =MOD(M14,$F$12) -> 5
B15: 2 | C15: =C4 -> x.x.x.11 | D15: =D4 -> 8d3dab03 | E15: =HEX2DEC(D15) -> 2369628931 | F15: =E15+$C$12 -> 2369628935 | G15: =MOD(F15,$F$12) -> 7 | J15: =J4 -> AI-LLM | K15: =K4 -> 2c397047 | L15: =L4 -> 741961799 | M15: =L15+$C$12 -> 741961803 | N15: =MOD(M15,$F$12) -> 3
B16: 3 | C16: =C5 -> x.x.x.12 | D16: =D5 -> 541be80e | E16: =HEX2DEC(D16) -> 1411115022 | F16: =E16+$C$12 -> 1411115026 | G16: =MOD(F16,$F$12) -> 2 | J16: =J5 -> Infra-Memory | K16: =K5 -> 7c98c82d | L16: =L5 -> 2090387501 | M16: =L16+$C$12 -> 2090387505 | N16: =MOD(M16,$F$12) -> 1
B17: 4 | C17: =C6 -> x.x.x.13 | D17: =D6 -> e306290a | E17: =HEX2DEC(D17) -> 3808831754 | F17: =E17+$C$12 -> 3808831758 | G17: =MOD(F17,$F$12) -> 6 | J17: =J6 -> Data-Picture | K17: =K6 -> b34da9ae | L17: =L6 -> 3008211374 | M17: =L17+$C$12 -> 3008211378 | N17: =MOD(M17,$F$12) -> 2
B18: 5 | C18: =C7 -> x.x.x.14 | D18: =D7 -> e6566e14 | E18: =HEX2DEC(D18) -> 3864423956 | F18: =E18+$C$12 -> 3864423960 | G18: =MOD(F18,$F$12) -> 0 | J18: =J7 -> AI-GAN | K18: =K7 -> 632dea5b | L18: =L7 -> 1663953499 | M18: =L18+$C$12 -> 1663953503 | N18: =MOD(M18,$F$12) -> 7
B19: 6 | C19: =C8 -> x.x.x.15 | D19: =D8 -> 514baf10 | E19: =HEX2DEC(D19) -> 1363914512 | F19: =E19+$C$12 -> 1363914516 | G19: =MOD(F19,$F$12) -> 4 | J19: =J8 -> Infra-STORAGE | K19: =K8 -> 8eaffaaa | L19: =L8 -> 2393897642 | M19: =L19+$C$12 -> 2393897646 | N19: =MOD(M19,$F$12) -> 6
B20: 7 | C20: =C9 -> x.x.x.16 | D20: =D9 -> 886dec1d | E20: =HEX2DEC(D20) -> 2288905245 | F20: =E20+$C$12 -> 2288905249 | G20: =MOD(F20,$F$12) -> 1 | J20: =J9 -> AI-DNN | K20: =K9 -> c2e504e4 | L20: =L9 -> 3269788900 | M20: =L20+$C$12 -> 3269788904 | N20: =MOD(M20,$F$12) -> 0
B21: 8 | C21: =C10 -> x.x.x.17 | D21: =D10 -> 3f702d19 | E21: =HEX2DEC(D21) -> 1064316185 | F21: =E21+$C$12 -> 1064316189 | G21: =MOD(F21,$F$12) -> 5 | J21: =J10 -> Data-Doc | K21: =K10 -> f5f174c0 | L21: =L10 -> 4126241984 | M21: =L21+$C$12 -> 4126241988 | N21: =MOD(M21,$F$12) -> 4
A23: Peer 3 | B23: SALT | C23: ='1. 기본 정보'!E28 -> 7 | E23: Moduler | F23: ='1. 기본 정보'!$E$1 -> 8 | I23: Peer 3
C24: Address | D24: crc32 | E24: Hex to int | F24: ADD(Time + SLAT) | G24: Space(Mod) | J24: Resource | K24: crc32 | L24: Hex to int | M24: ADD(Time + SLAT) | N24: Space(Mod)
B25: 1 | C25: =C14 -> x.x.x.10 | D25: =D14 -> 3a206a07 | E25: =HEX2DEC(D25) -> 975202823 | F25: =E25+$C$23 -> 975202830 | G25: =MOD(F25,$F$23) -> 6 | J25: =J14 -> Data-Text | K25: =K14 -> eed9ae79 | L25: =L14 -> 4007243385 | M25: =L25+$C$23 -> 4007243392 | N25: =MOD(M25,$F$23) -> 0
B26: 2 | C26: =C15 -> x.x.x.11 | D26: =D15 -> 8d3dab03 | E26: =HEX2DEC(D26) -> 2369628931 | F26: =E26+$C$23 -> 2369628938 | G26: =MOD(F26,$F$23) -> 2 | J26: =J15 -> AI-LLM | K26: =K15 -> 2c397047 | L26: =L15 -> 741961799 | M26: =L26+$C$23 -> 741961806 | N26: =MOD(M26,$F$23) -> 6
B27: 3 | C27: =C16 -> x.x.x.12 | D27: =D16 -> 541be80e | E27: =HEX2DEC(D27) -> 1411115022 | F27: =E27+$C$23 -> 1411115029 | G27: =MOD(F27,$F$23) -> 5 | J27: =J16 -> Infra-Memory | K27: =K16 -> 7c98c82d | L27: =L16 -> 2090387501 | M27: =L27+$C$23 -> 2090387508 | N27: =MOD(M27,$F$23) -> 4
B28: 4 | C28: =C17 -> x.x.x.13 | D28: =D17 -> e306290a | E28: =HEX2DEC(D28) -> 3808831754 | F28: =E28+$C$23 -> 3808831761 | G28: =MOD(F28,$F$23) -> 1 | J28: =J17 -> Data-Picture | K28: =K17 -> b34da9ae | L28: =L17 -> 3008211374 | M28: =L28+$C$23 -> 3008211381 | N28: =MOD(M28,$F$23) -> 5
B29: 5 | C29: =C18 -> x.x.x.14 | D29: =D18 -> e6566e14 | E29: =HEX2DEC(D29) -> 3864423956 | F29: =E29+$C$23 -> 3864423963 | G29: =MOD(F29,$F$23) -> 3 | J29: =J18 -> AI-GAN | K29: =K18 -> 632dea5b | L29: =L18 -> 1663953499 | M29: =L29+$C$23 -> 1663953506 | N29: =MOD(M29,$F$23) -> 2
B30: 6 | C30: =C19 -> x.x.x.15 | D30: =D19 -> 514baf10 | E30: =HEX2DEC(D30) -> 1363914512 | F30: =E30+$C$23 -> 1363914519 | G30: =MOD(F30,$F$23) -> 7 | J30: =J19 -> Infra-STORAGE | K30: =K19 -> 8eaffaaa | L30: =L19 -> 2393897642 | M30: =L30+$C$23 -> 2393897649 | N30: =MOD(M30,$F$23) -> 1
B31: 7 | C31: =C20 -> x.x.x.16 | D31: =D20 -> 886dec1d | E31: =HEX2DEC(D31) -> 2288905245 | F31: =E31+$C$23 -> 2288905252 | G31: =MOD(F31,$F$23) -> 4 | J31: =J20 -> AI-DNN | K31: =K20 -> c2e504e4 | L31: =L20 -> 3269788900 | M31: =L31+$C$23 -> 3269788907 | N31: =MOD(M31,$F$23) -> 3
B32: 8 | C32: =C21 -> x.x.x.17 | D32: =D21 -> 3f702d19 | E32: =HEX2DEC(D32) -> 1064316185 | F32: =E32+$C$23 -> 1064316192 | G32: =MOD(F32,$F$23) -> 0 | J32: =J21 -> Data-Doc | K32: =K21 -> f5f174c0 | L32: =L21 -> 4126241984 | M32: =L32+$C$23 -> 4126241991 | N32: =MOD(M32,$F$23) -> 7
A34: Peer 4 | B34: SALT | C34: ='1. 기본 정보'!E29 -> 6 | E34: Moduler | F34: ='1. 기본 정보'!$E$1 -> 8 | I34: Peer 4
C35: Address | D35: crc32 | E35: Hex to int | F35: ADD(Time + SLAT) | G35: Space(Mod) | J35: Resource | K35: crc32 | L35: Hex to int | M35: ADD(Time + SLAT) | N35: Space(Mod)
B36: 1 | C36: =C25 -> x.x.x.10 | D36: =D25 -> 3a206a07 | E36: =HEX2DEC(D36) -> 975202823 | F36: =E36+$C$34 -> 975202829 | G36: =MOD(F36,$F$34) -> 5 | J36: =J25 -> Data-Text | K36: =K25 -> eed9ae79 | L36: =L25 -> 4007243385 | M36: =L36+$C$34 -> 4007243391 | N36: =MOD(M36,$F$34) -> 7
B37: 2 | C37: =C26 -> x.x.x.11 | D37: =D26 -> 8d3dab03 | E37: =HEX2DEC(D37) -> 2369628931 | F37: =E37+$C$34 -> 2369628937 | G37: =MOD(F37,$F$34) -> 1 | J37: =J26 -> AI-LLM | K37: =K26 -> 2c397047 | L37: =L26 -> 741961799 | M37: =L37+$C$34 -> 741961805 | N37: =MOD(M37,$F$34) -> 5
B38: 3 | C38: =C27 -> x.x.x.12 | D38: =D27 -> 541be80e | E38: =HEX2DEC(D38) -> 1411115022 | F38: =E38+$C$34 -> 1411115028 | G38: =MOD(F38,$F$34) -> 4 | J38: =J27 -> Infra-Memory | K38: =K27 -> 7c98c82d | L38: =L27 -> 2090387501 | M38: =L38+$C$34 -> 2090387507 | N38: =MOD(M38,$F$34) -> 3
B39: 4 | C39: =C28 -> x.x.x.13 | D39: =D28 -> e306290a | E39: =HEX2DEC(D39) -> 3808831754 | F39: =E39+$C$34 -> 3808831760 | G39: =MOD(F39,$F$34) -> 0 | J39: =J28 -> Data-Picture | K39: =K28 -> b34da9ae | L39: =L28 -> 3008211374 | M39: =L39+$C$34 -> 3008211380 | N39: =MOD(M39,$F$34) -> 4
B40: 5 | C40: =C29 -> x.x.x.14 | D40: =D29 -> e6566e14 | E40: =HEX2DEC(D40) -> 3864423956 | F40: =E40+$C$34 -> 3864423962 | G40: =MOD(F40,$F$34) -> 2 | J40: =J29 -> AI-GAN | K40: =K29 -> 632dea5b | L40: =L29 -> 1663953499 | M40: =L40+$C$34 -> 1663953505 | N40: =MOD(M40,$F$34) -> 1
B41: 6 | C41: =C30 -> x.x.x.15 | D41: =D30 -> 514baf10 | E41: =HEX2DEC(D41) -> 1363914512 | F41: =E41+$C$34 -> 1363914518 | G41: =MOD(F41,$F$34) -> 6 | J41: =J30 -> Infra-STORAGE | K41: =K30 -> 8eaffaaa | L41: =L30 -> 2393897642 | M41: =L41+$C$34 -> 2393897648 | N41: =MOD(M41,$F$34) -> 0
B42: 7 | C42: =C31 -> x.x.x.16 | D42: =D31 -> 886dec1d | E42: =HEX2DEC(D42) -> 2288905245 | F42: =E42+$C$34 -> 2288905251 | G42: =MOD(F42,$F$34) -> 3 | J42: =J31 -> AI-DNN | K42: =K31 -> c2e504e4 | L42: =L31 -> 3269788900 | M42: =L42+$C$34 -> 3269788906 | N42: =MOD(M42,$F$34) -> 2
B43: 8 | C43: =C32 -> x.x.x.17 | D43: =D32 -> 3f702d19 | E43: =HEX2DEC(D43) -> 1064316185 | F43: =E43+$C$34 -> 1064316191 | G43: =MOD(F43,$F$34) -> 7 | J43: =J32 -> Data-Doc | K43: =K32 -> f5f174c0 | L43: =L32 -> 4126241984 | M43: =L43+$C$34 -> 4126241990 | N43: =MOD(M43,$F$34) -> 6
A45: Peer 5 | B45: SALT | C45: ='1. 기본 정보'!E30 -> 2 | E45: Moduler | F45: ='1. 기본 정보'!$E$1 -> 8 | I45: Peer 5
C46: Address | D46: crc32 | E46: Hex to int | F46: ADD(Time + SLAT) | G46: Space(Mod) | J46: Resource | K46: crc32 | L46: Hex to int | M46: ADD(Time + SLAT) | N46: Space(Mod)
B47: 1 | C47: =C36 -> x.x.x.10 | D47: =D36 -> 3a206a07 | E47: =HEX2DEC(D47) -> 975202823 | F47: =E47+$C$45 -> 975202825 | G47: =MOD(F47,$F$45) -> 1 | J47: =J36 -> Data-Text | K47: =K36 -> eed9ae79 | L47: =L36 -> 4007243385 | M47: =L47+$C$45 -> 4007243387 | N47: =MOD(M47,$F$45) -> 3
B48: 2 | C48: =C37 -> x.x.x.11 | D48: =D37 -> 8d3dab03 | E48: =HEX2DEC(D48) -> 2369628931 | F48: =E48+$C$45 -> 2369628933 | G48: =MOD(F48,$F$45) -> 5 | J48: =J37 -> AI-LLM | K48: =K37 -> 2c397047 | L48: =L37 -> 741961799 | M48: =L48+$C$45 -> 741961801 | N48: =MOD(M48,$F$45) -> 1
B49: 3 | C49: =C38 -> x.x.x.12 | D49: =D38 -> 541be80e | E49: =HEX2DEC(D49) -> 1411115022 | F49: =E49+$C$45 -> 1411115024 | G49: =MOD(F49,$F$45) -> 0 | J49: =J38 -> Infra-Memory | K49: =K38 -> 7c98c82d | L49: =L38 -> 2090387501 | M49: =L49+$C$45 -> 2090387503 | N49: =MOD(M49,$F$45) -> 7
B50: 4 | C50: =C39 -> x.x.x.13 | D50: =D39 -> e306290a | E50: =HEX2DEC(D50) -> 3808831754 | F50: =E50+$C$45 -> 3808831756 | G50: =MOD(F50,$F$45) -> 4 | J50: =J39 -> Data-Picture | K50: =K39 -> b34da9ae | L50: =L39 -> 3008211374 | M50: =L50+$C$45 -> 3008211376 | N50: =MOD(M50,$F$45) -> 0
B51: 5 | C51: =C40 -> x.x.x.14 | D51: =D40 -> e6566e14 | E51: =HEX2DEC(D51) -> 3864423956 | F51: =E51+$C$45 -> 3864423958 | G51: =MOD(F51,$F$45) -> 6 | J51: =J40 -> AI-GAN | K51: =K40 -> 632dea5b | L51: =L40 -> 1663953499 | M51: =L51+$C$45 -> 1663953501 | N51: =MOD(M51,$F$45) -> 5
B52: 6 | C52: =C41 -> x.x.x.15 | D52: =D41 -> 514baf10 | E52: =HEX2DEC(D52) -> 1363914512 | F52: =E52+$C$45 -> 1363914514 | G52: =MOD(F52,$F$45) -> 2 | J52: =J41 -> Infra-STORAGE | K52: =K41 -> 8eaffaaa | L52: =L41 -> 2393897642 | M52: =L52+$C$45 -> 2393897644 | N52: =MOD(M52,$F$45) -> 4
B53: 7 | C53: =C42 -> x.x.x.16 | D53: =D42 -> 886dec1d | E53: =HEX2DEC(D53) -> 2288905245 | F53: =E53+$C$45 -> 2288905247 | G53: =MOD(F53,$F$45) -> 7 | J53: =J42 -> AI-DNN | K53: =K42 -> c2e504e4 | L53: =L42 -> 3269788900 | M53: =L53+$C$45 -> 3269788902 | N53: =MOD(M53,$F$45) -> 6
B54: 8 | C54: =C43 -> x.x.x.17 | D54: =D43 -> 3f702d19 | E54: =HEX2DEC(D54) -> 1064316185 | F54: =E54+$C$45 -> 1064316187 | G54: =MOD(F54,$F$45) -> 3 | J54: =J43 -> Data-Doc | K54: =K43 -> f5f174c0 | L54: =L43 -> 4126241984 | M54: =L54+$C$45 -> 4126241986 | N54: =MOD(M54,$F$45) -> 2
A56: Peer 6 | B56: SALT | C56: ='1. 기본 정보'!E31 -> 3 | E56: Moduler | F56: ='1. 기본 정보'!$E$1 -> 8 | I56: Peer 6
C57: Address | D57: crc32 | E57: Hex to int | F57: ADD(Time + SLAT) | G57: Space(Mod) | J57: Resource | K57: crc32 | L57: Hex to int | M57: ADD(Time + SLAT) | N57: Space(Mod)
B58: 1 | C58: =C47 -> x.x.x.10 | D58: =D47 -> 3a206a07 | E58: =HEX2DEC(D58) -> 975202823 | F58: =E58+$C$56 -> 975202826 | G58: =MOD(F58,$F$56) -> 2 | J58: =J47 -> Data-Text | K58: =K47 -> eed9ae79 | L58: =L47 -> 4007243385 | M58: =L58+$C$56 -> 4007243388 | N58: =MOD(M58,$F$56) -> 4
B59: 2 | C59: =C48 -> x.x.x.11 | D59: =D48 -> 8d3dab03 | E59: =HEX2DEC(D59) -> 2369628931 | F59: =E59+$C$56 -> 2369628934 | G59: =MOD(F59,$F$56) -> 6 | J59: =J48 -> AI-LLM | K59: =K48 -> 2c397047 | L59: =L48 -> 741961799 | M59: =L59+$C$56 -> 741961802 | N59: =MOD(M59,$F$56) -> 2
B60: 3 | C60: =C49 -> x.x.x.12 | D60: =D49 -> 541be80e | E60: =HEX2DEC(D60) -> 1411115022 | F60: =E60+$C$56 -> 1411115025 | G60: =MOD(F60,$F$56) -> 1 | J60: =J49 -> Infra-Memory | K60: =K49 -> 7c98c82d | L60: =L49 -> 2090387501 | M60: =L60+$C$56 -> 2090387504 | N60: =MOD(M60,$F$56) -> 0
B61: 4 | C61: =C50 -> x.x.x.13 | D61: =D50 -> e306290a | E61: =HEX2DEC(D61) -> 3808831754 | F61: =E61+$C$56 -> 3808831757 | G61: =MOD(F61,$F$56) -> 5 | J61: =J50 -> Data-Picture | K61: =K50 -> b34da9ae | L61: =L50 -> 3008211374 | M61: =L61+$C$56 -> 3008211377 | N61: =MOD(M61,$F$56) -> 1
B62: 5 | C62: =C51 -> x.x.x.14 | D62: =D51 -> e6566e14 | E62: =HEX2DEC(D62) -> 3864423956 | F62: =E62+$C$56 -> 3864423959 | G62: =MOD(F62,$F$56) -> 7 | J62: =J51 -> AI-GAN | K62: =K51 -> 632dea5b | L62: =L51 -> 1663953499 | M62: =L62+$C$56 -> 1663953502 | N62: =MOD(M62,$F$56) -> 6
B63: 6 | C63: =C52 -> x.x.x.15 | D63: =D52 -> 514baf10 | E63: =HEX2DEC(D63) -> 1363914512 | F63: =E63+$C$56 -> 1363914515 | G63: =MOD(F63,$F$56) -> 3 | J63: =J52 -> Infra-STORAGE | K63: =K52 -> 8eaffaaa | L63: =L52 -> 2393897642 | M63: =L63+$C$56 -> 2393897645 | N63: =MOD(M63,$F$56) -> 5
B64: 7 | C64: =C53 -> x.x.x.16 | D64: =D53 -> 886dec1d | E64: =HEX2DEC(D64) -> 2288905245 | F64: =E64+$C$56 -> 2288905248 | G64: =MOD(F64,$F$56) -> 0 | J64: =J53 -> AI-DNN | K64: =K53 -> c2e504e4 | L64: =L53 -> 3269788900 | M64: =L64+$C$56 -> 3269788903 | N64: =MOD(M64,$F$56) -> 7
B65: 8 | C65: =C54 -> x.x.x.17 | D65: =D54 -> 3f702d19 | E65: =HEX2DEC(D65) -> 1064316185 | F65: =E65+$C$56 -> 1064316188 | G65: =MOD(F65,$F$56) -> 4 | J65: =J54 -> Data-Doc | K65: =K54 -> f5f174c0 | L65: =L54 -> 4126241984 | M65: =L65+$C$56 -> 4126241987 | N65: =MOD(M65,$F$56) -> 3
A67: Peer 7 | B67: SALT | C67: ='1. 기본 정보'!E32 -> 0 | E67: Moduler | F67: ='1. 기본 정보'!$E$1 -> 8 | I67: Peer 7
D68: crc32 | E68: Hex to int | F68: ADD(Time + SLAT) | G68: Space(Mod) | K68: crc32 | L68: Hex to int | M68: ADD(Time + SLAT) | N68: Space(Mod)
B69: 1 | C69: =C58 -> x.x.x.10 | D69: =D58 -> 3a206a07 | E69: =HEX2DEC(D69) -> 975202823 | F69: =E69+$C$67 -> 975202823 | G69: =MOD(F69,$F$67) -> 7 | J69: =J58 -> Data-Text | K69: =K58 -> eed9ae79 | L69: =L58 -> 4007243385 | M69: =L69+$C$67 -> 4007243385 | N69: =MOD(M69,$F$67) -> 1
B70: 2 | C70: =C59 -> x.x.x.11 | D70: =D59 -> 8d3dab03 | E70: =HEX2DEC(D70) -> 2369628931 | F70: =E70+$C$67 -> 2369628931 | G70: =MOD(F70,$F$67) -> 3 | J70: =J59 -> AI-LLM | K70: =K59 -> 2c397047 | L70: =L59 -> 741961799 | M70: =L70+$C$67 -> 741961799 | N70: =MOD(M70,$F$67) -> 7
B71: 3 | C71: =C60 -> x.x.x.12 | D71: =D60 -> 541be80e | E71: =HEX2DEC(D71) -> 1411115022 | F71: =E71+$C$67 -> 1411115022 | G71: =MOD(F71,$F$67) -> 6 | J71: =J60 -> Infra-Memory | K71: =K60 -> 7c98c82d | L71: =L60 -> 2090387501 | M71: =L71+$C$67 -> 2090387501 | N71: =MOD(M71,$F$67) -> 5
B72: 4 | C72: =C61 -> x.x.x.13 | D72: =D61 -> e306290a | E72: =HEX2DEC(D72) -> 3808831754 | F72: =E72+$C$67 -> 3808831754 | G72: =MOD(F72,$F$67) -> 2 | J72: =J61 -> Data-Picture | K72: =K61 -> b34da9ae | L72: =L61 -> 3008211374 | M72: =L72+$C$67 -> 3008211374 | N72: =MOD(M72,$F$67) -> 6
B73: 5 | C73: =C62 -> x.x.x.14 | D73: =D62 -> e6566e14 | E73: =HEX2DEC(D73) -> 3864423956 | F73: =E73+$C$67 -> 3864423956 | G73: =MOD(F73,$F$67) -> 4 | J73: =J62 -> AI-GAN | K73: =K62 -> 632dea5b | L73: =L62 -> 1663953499 | M73: =L73+$C$67 -> 1663953499 | N73: =MOD(M73,$F$67) -> 3
B74: 6 | C74: =C63 -> x.x.x.15 | D74: =D63 -> 514baf10 | E74: =HEX2DEC(D74) -> 1363914512 | F74: =E74+$C$67 -> 1363914512 | G74: =MOD(F74,$F$67) -> 0 | J74: =J63 -> Infra-STORAGE | K74: =K63 -> 8eaffaaa | L74: =L63 -> 2393897642 | M74: =L74+$C$67 -> 2393897642 | N74: =MOD(M74,$F$67) -> 2
B75: 7 | C75: =C64 -> x.x.x.16 | D75: =D64 -> 886dec1d | E75: =HEX2DEC(D75) -> 2288905245 | F75: =E75+$C$67 -> 2288905245 | G75: =MOD(F75,$F$67) -> 5 | J75: =J64 -> AI-DNN | K75: =K64 -> c2e504e4 | L75: =L64 -> 3269788900 | M75: =L75+$C$67 -> 3269788900 | N75: =MOD(M75,$F$67) -> 4
B76: 8 | C76: =C65 -> x.x.x.17 | D76: =D65 -> 3f702d19 | E76: =HEX2DEC(D76) -> 1064316185 | F76: =E76+$C$67 -> 1064316185 | G76: =MOD(F76,$F$67) -> 1 | J76: =J65 -> Data-Doc | K76: =K65 -> f5f174c0 | L76: =L65 -> 4126241984 | M76: =L76+$C$67 -> 4126241984 | N76: =MOD(M76,$F$67) -> 0
A78: Peer 8 | B78: SALT | C78: ='1. 기본 정보'!E33 -> 5 | E78: Moduler | F78: ='1. 기본 정보'!$E$1 -> 8 | I78: Peer 8
C79: Address | D79: crc32 | E79: Hex to int | F79: ADD(Time + SLAT) | G79: Space(Mod) | J79: Resource | K79: crc32 | L79: Hex to int | M79: ADD(Time + SLAT) | N79: Space(Mod)
B80: 1 | C80: =C69 -> x.x.x.10 | D80: =D69 -> 3a206a07 | E80: =HEX2DEC(D80) -> 975202823 | F80: =E80+$C$78 -> 975202828 | G80: =MOD(F80,$F$78) -> 4 | J80: =J69 -> Data-Text | K80: =K69 -> eed9ae79 | L80: =L69 -> 4007243385 | M80: =L80+$C$78 -> 4007243390 | N80: =MOD(M80,$F$78) -> 6
B81: 2 | C81: =C70 -> x.x.x.11 | D81: =D70 -> 8d3dab03 | E81: =HEX2DEC(D81) -> 2369628931 | F81: =E81+$C$78 -> 2369628936 | G81: =MOD(F81,$F$78) -> 0 | J81: =J70 -> AI-LLM | K81: =K70 -> 2c397047 | L81: =L70 -> 741961799 | M81: =L81+$C$78 -> 741961804 | N81: =MOD(M81,$F$78) -> 4
B82: 3 | C82: =C71 -> x.x.x.12 | D82: =D71 -> 541be80e | E82: =HEX2DEC(D82) -> 1411115022 | F82: =E82+$C$78 -> 1411115027 | G82: =MOD(F82,$F$78) -> 3 | J82: =J71 -> Infra-Memory | K82: =K71 -> 7c98c82d | L82: =L71 -> 2090387501 | M82: =L82+$C$78 -> 2090387506 | N82: =MOD(M82,$F$78) -> 2
B83: 4 | C83: =C72 -> x.x.x.13 | D83: =D72 -> e306290a | E83: =HEX2DEC(D83) -> 3808831754 | F83: =E83+$C$78 -> 3808831759 | G83: =MOD(F83,$F$78) -> 7 | J83: =J72 -> Data-Picture | K83: =K72 -> b34da9ae | L83: =L72 -> 3008211374 | M83: =L83+$C$78 -> 3008211379 | N83: =MOD(M83,$F$78) -> 3
B84: 5 | C84: =C73 -> x.x.x.14 | D84: =D73 -> e6566e14 | E84: =HEX2DEC(D84) -> 3864423956 | F84: =E84+$C$78 -> 3864423961 | G84: =MOD(F84,$F$78) -> 1 | J84: =J73 -> AI-GAN | K84: =K73 -> 632dea5b | L84: =L73 -> 1663953499 | M84: =L84+$C$78 -> 1663953504 | N84: =MOD(M84,$F$78) -> 0
B85: 6 | C85: =C74 -> x.x.x.15 | D85: =D74 -> 514baf10 | E85: =HEX2DEC(D85) -> 1363914512 | F85: =E85+$C$78 -> 1363914517 | G85: =MOD(F85,$F$78) -> 5 | J85: =J74 -> Infra-STORAGE | K85: =K74 -> 8eaffaaa | L85: =L74 -> 2393897642 | M85: =L85+$C$78 -> 2393897647 | N85: =MOD(M85,$F$78) -> 7
B86: 7 | C86: =C75 -> x.x.x.16 | D86: =D75 -> 886dec1d | E86: =HEX2DEC(D86) -> 2288905245 | F86: =E86+$C$78 -> 2288905250 | G86: =MOD(F86,$F$78) -> 2 | J86: =J75 -> AI-DNN | K86: =K75 -> c2e504e4 | L86: =L75 -> 3269788900 | M86: =L86+$C$78 -> 3269788905 | N86: =MOD(M86,$F$78) -> 1
B87: 8 | C87: =C76 -> x.x.x.17 | D87: =D76 -> 3f702d19 | E87: =HEX2DEC(D87) -> 1064316185 | F87: =E87+$C$78 -> 1064316190 | G87: =MOD(F87,$F$78) -> 6 | J87: =J76 -> Data-Doc | K87: =K76 -> f5f174c0 | L87: =L76 -> 4126241984 | M87: =L87+$C$78 -> 4126241989 | N87: =MOD(M87,$F$78) -> 5

Sheet 3. 경로 탐색
A1: 1. Moduler | E1: ='1. 기본 정보'!E1 -> 8
E3: H(x)=x mod 8
A5: PEER 1 | B5: 15 Sep 2023 08:48:33 GMT | D5: 1694767713 | E5: =MOD(D5,'1. 기본 정보'!$E$1) -> 1
B6: 15 Sep 2023 08:48:43 GMT | D6: 1694767723 | E6: =MOD(D6,'1. 기본 정보'!$E$1) -> 3
B7: 15 Sep 2023 08:48:53 GMT | D7: 1694767733 | E7: =MOD(D7,'1. 기본 정보'!$E$1) -> 5

Sheet 4. 암복호화
A1: RSA | B1: https://www.devglan.com/online-tools/rsa-encryption-decryption
A2: XOR | B2: https://xor.pw/#
A4: 1. 암호 알고리즘 | B4: Key Size | C4: 1024 bit
B5: Ciper type | C5: RSA/ECB/PKCS1Padding
B6: Key Pair | C6: Public Key | D6: Private Key
C7: MIGfMA0GCSqGSIb3DQEBAQUAA4GNADCBiQKBgQCrtLBLeThHU9mIXXTCYdyjJgkODfQGcRKglNrAZZxud1es1Da81AqJZjV1VdAEn0bN4+Ft4ExsCDHz8hM5mxnk75GnJCM5naffR6yovsO6rno6EXfiN9rAfYe2qXFXuso3yZV+3MIi3Rq9m2JQ0e7NSex4UV1KvRfnnvP5xlGcuwIDAQAB | D7: MIICdgIBADANBgkqhkiG9w0BAQEFAASCAmAwggJcAgEAAoGBAKu0sEt5OEdT2YhddMJh3KMmCQ4N9AZxEqCU2sBlnG53V6zUNrzUColmNXVV0ASfRs3j4W3gTGwIMfPyEzmbGeTvkackIzmdp99HrKi+w7quejoRd+I32sB9h7apcVe6yjfJlX7cwiLdGr2bYlDR7s1J7HhRXUq9F+ee8/nGUZy7AgMBAAECgYBZ/RGkDHzFTRml0Sz/LuC+lJGMTx3EPoB/rmPTD63jayKFDpc9cXewOOPtgbLKqVsnTrX3quUCfW0Ip6cRusrfhpz4Hj1V/yPy2wsk8nx+8mPrpQhNErn+wMifn9OHCjItTcXE8N0o0XQna+PhAl4zCszRJ6vZSYXmhdzc2V0SoQJBAOyU5+e/PpHsu3ACPozx2/qtW6FE9EofwFxLvnnvjesOdQqV6t4aNnJP0+FnqoYY89xPU2CKo7V1hFafAT8MMKsCQQC5zJm07hqwbY7lFtLjFFIact6YW6OHdm8B5ciOK7fWB6eG38bd1o+68jNT8rKXqBrn4xJodsKvuIJOHOL07OQxAkBQflFw/hax25PihkD1/4xS/AzDEAz181uli3fhUOo+YYrc8SkaLFz+A78ZYAYa3f6KpMq/fCw7HyLJvgvUgbdFAkB+tW+lmjQNWcn3pccQIc2UR/5R/TzapwQxURmjC2GFzxaKvpWKuEaxAXfLqlntXzFqLstg/ozq9XO3/a8xxVQhAkEA3QAxpu6SZdwTYaSiO23zT5UJ9VqZHt8NgcLi71Z2Qv81NrFZxyq1Hre3uyoWShBuAW942Jb4dFw7fPtesSdxXQ==
C9: 데이터(ASCII) | D9: 암호화(BASE64)
A10: 2. 평문 | C10: EncryptTest XOR CTR | D10: lCG70lhhpO5JH9vPWYMJq+9pBCHqZ0MTyCsyLQbriAI98Iai0Gsi//5HfTnRu36gEuLQwTdg0Czewv2tFlxMuNo6VWkfbtxR/1R31bF9x/H1/sHBPXs/drFzMBV3gyGnKLmmDhbllJA8dLqkGH8m1FET0+AXzdGyaf/cnNOpRfM=
B11: CTR | C11: 데이터(ASCII) | D11: XOR(HEX) | E11: 암호화(BASE64)
A12: 3. XOR 테스트 | B12: 1 | C12: EncryptTest XOR CTR | D12: 456e63727970745465737420584f5220435453 | E12: qvbbjHjUaOtHLj1dlS6Ble1rNrzZaKxyFUuoHaxMWkgI9mkNh3cv/R3oEH4xuYrsvKVVEA6k16K8zW8H27C8Hx2jC3IV1wNBmAXw+MGttKpfOYVrDvVucVpV2UHIhFcxIMV3WdwhRUk5mHy+FSJkYio8RrSyzfexdvW0vrI5wrA=
B13: 2 | C13: EncryptTest XOR CTR | D13: 456e63727970745465737420584f5220435450 | E13: QHOk3250m8nE3w/Yr3tvApoG+MQrOWCVyFNWKD16hhVT+HoCT3e2wjEqCKai3arA9O9SDMOjYzEgeAyfkWZklC5A5CCvdEr7nEzbrOqTwYwPublSNv2ghStH0pKu+22L7nV71jU/goqsNfUNzH5fHtXeAlGsANTOpAU/R9jkTNs=
B14: 3 | C14: EncryptTest XOR CTR | D14: 456e63727970745465737420584f5220435451 | E14: qi56kCNaqb4ubrq6LXFdTzRvTHzd+KWMcd/CTGqIiRlx6vbSF7IDwIajJuzpm4tg1su2s5Q4khqYy53iKxn1RiW/iKsaZfffpM7Qlc9pN5iDMHWJ/n5u8cjZwLRdcMerHi7WTdHG4BWtro9B0LX1v2KHR7lv/fx7InvtQQZqE/8=
B15: 4 | C15: EncryptTest XOR CTR | D15: 456e63727970745465737420584f5220435456 | E15: jH9IgijW1XOTlh4ZMbMW1wMwoGS0lJcKepC+nemu2L0abZC++7CM5TbjWjjm/gvE3z+LgBm6wBu45hYoF9RAwaYGabb0o9i75vb+nfsr4GJvbtWHve79WjZBkkP35VH4uoIivgVvJRVO61TI+97wqZ0iwScAZ9NcmAAUPBQ0174=
B16: 5 | C16: EncryptTest XOR CTR | D16: 456e63727970745465737420584f5220435457 | E16: f9MUZW24NPGBxCJC4bYk839hXSWDKLgFjjjzGUigV+3BqUIu0Xh3HMv38QwhnjTzLADUfdnEaXqJsblcIfv/oultju9cmN3ej45ssB9Kw+4aSdVsNHGmX4+DkdA1VwlvTP78x4tjHNUtNiomWM4SskZJ872Esj64bnmsWsKKCYc=
B19: CTR | C19: 암호화(BASE64) | D19: 복호화(HEX) | E19: XOR(ASCII)
B20: 1 | C20: =E12 -> qvbbjHjUaOtHLj1dlS6Ble1rNrzZaKxyFUuoHaxMWkgI9mkNh3cv/R3oEH4xuYrsvKVVEA6k16K8zW8H27C8Hx2jC3IV1wNBmAXw+MGttKpfOYVrDvVucVpV2UHIhFcxIMV3WdwhRUk5mHy+FSJkYio8RrSyzfexdvW0vrI5wrA= | D20: 456e63727970745465737420584f5220435453 | E20: EncryptTest XOR CTR
B21: 2 | C21: =E13 -> QHOk3250m8nE3w/Yr3tvApoG+MQrOWCVyFNWKD16hhVT+HoCT3e2wjEqCKai3arA9O9SDMOjYzEgeAyfkWZklC5A5CCvdEr7nEzbrOqTwYwPublSNv2ghStH0pKu+22L7nV71jU/goqsNfUNzH5fHtXeAlGsANTOpAU/R9jkTNs= | D21: 456e63727970745465737420584f5220435450 | E21: EncryptTest XOR CTR
B22: 3 | C22: =E14 -> qi56kCNaqb4ubrq6LXFdTzRvTHzd+KWMcd/CTGqIiRlx6vbSF7IDwIajJuzpm4tg1su2s5Q4khqYy53iKxn1RiW/iKsaZfffpM7Qlc9pN5iDMHWJ/n5u8cjZwLRdcMerHi7WTdHG4BWtro9B0LX1v2KHR7lv/fx7InvtQQZqE/8= | D22: 456e63727970745465737420584f5220435451 | E22: EncryptTest XOR CTR
B23: 4 | C23: =E15 -> jH9IgijW1XOTlh4ZMbMW1wMwoGS0lJcKepC+nemu2L0abZC++7CM5TbjWjjm/gvE3z+LgBm6wBu45hYoF9RAwaYGabb0o9i75vb+nfsr4GJvbtWHve79WjZBkkP35VH4uoIivgVvJRVO61TI+97wqZ0iwScAZ9NcmAAUPBQ0174= | D23: 456e63727970745465737420584f5220435456 | E23: EncryptTest XOR CTR
B24: 5 | C24: =E16 -> f9MUZW24NPGBxCJC4bYk839hXSWDKLgFjjjzGUigV+3BqUIu0Xh3HMv38QwhnjTzLADUfdnEaXqJsblcIfv/oultju9cmN3ej45ssB9Kw+4aSdVsNHGmX4+DkdA1VwlvTP78x4tjHNUtNiomWM4SskZJ872Esj64bnmsWsKKCYc= | D24: 456e63727970745465737420584f5220435457 | E24: EncryptTest XOR CTR

Sheet 5-1. Peer 경로(3개) 
B1: 1. Moduler | F1: 8
B3: 2. Peer 기본 정보
C4: ADDR | D4: crc32 | E4: HEX To INT
B5: PEER 1 | C5: x.x.x.10 | D5: 3a206a07 | E5: =HEX2DEC(D5) -> 975202823 | F5: =MOD(E5,$F$1) -> 7
B6: PEER 2 | C6: x.x.x.11 | D6: 8d3dab03 | E6: =HEX2DEC(D6) -> 2369628931 | F6: =MOD(E6,$F$1) -> 3
B7: PEER 3 | C7: x.x.x.12 | D7: 541be80e | E7: =HEX2DEC(D7) -> 1411115022 | F7: =MOD(E7,$F$1) -> 6
C9: 리소스 | D9: crc32 | E9: HEX To INT
B10: PEER 1 | C10: Data-Text | D10: eed9ae79 | E10: =HEX2DEC(D10) -> 4007243385 | F10: =MOD(E10,$F$1) -> 1
B11: PEER 2 | C11: AI-LLM | D11: 2c397047 | E11: =HEX2DEC(D11) -> 741961799 | F11: =MOD(E11,$F$1) -> 7
B12: PEER 3 | C12: Infra-Memory | D12: 7c98c82d | E12: =HEX2DEC(D12) -> 2090387501 | F12: =MOD(E12,$F$1) -> 5
B14: 3. 동작 시간 ()
C15: 동작시간 | E15: UTC to INT | F15: SALT
B16: PEER 1 | C16: 15 Sep 2023 08:48:33 GMT | E16: 1694767713 | F16: =MOD(E16,$F$1) -> 1
B17: PEER 2 | C17: 18 Sep 2023 08:56:44 GMT | E17: 1695027404 | F17: =MOD(E17,$F$1) -> 4
B18: PEER 3 | C18: 18 Sep 2023 08:56:47 GMT | E18: 1695027407 | F18: =MOD(E18,$F$1) -> 7
B19: PEER 1 | C19: 16 Sep 2023 12:19:36 GMT | E19: 1694866776 | F19: =MOD(E19,$F$1) -> 0
B20: PEER 2 | C20: 15 Sep 2023 12:12:41 GMT | E20: 1694779961 | F20: =MOD(E20,$F$1) -> 1
B21: PEER 3 | C21: 15 Sep 2023 12:19:41 GMT | E21: 1694780381 | F21: =MOD(E21,$F$1) -> 5
B22: PEER 1 | C22: 18 Sep 2023 08:50:46 GMT | E22: 1695027046 | F22: =MOD(E22,$F$1) -> 6
B23: PEER 2 | C23: 17 Sep 2023 13:20:42 GMT | E23: 1694956842 | F23: =MOD(E23,$F$1) -> 2
B24: PEER 3 | C24: 16 Sep 2023 13:20:35 GMT | E24: 1694870435 | F24: =MOD(E24,$F$1) -> 3
B26: 4. 갱신
B27: 1 | D27: SALT | E27: =F16 -> 1 | G27: Moduler | H27: =$F$1 -> 8
E28: Address | F28: crc32 | G28: ADD(Time+SLAT) | H28: Space(Mod) | J28: Resource | K28: Hex to int | L28: ADD(Time+SLAT) | M28: Space(Mod)
C29: Peer 1 | D29: 1 | E29: =$C$5 -> x.x.x.10 | F29: =$E$5 -> 975202823 | G29: =F29+$E$27 -> 975202824 | H29: =MOD(G29,$H$27) -> 0 | J29: =$C$10 -> Data-Text | K29: =$E$10 -> 4007243385 | L29: =K29+$E$27 -> 4007243386 | M29: =MOD(L29,$H$27) -> 2
D30: 2 | E30: =$C$6 -> x.x.x.11 | F30: =$E$6 -> 2369628931 | G30: =F30+$E$27 -> 2369628932 | H30: =MOD(G30,$H$27) -> 4 | J30: =$C$11 -> AI-LLM | K30: =$E$11 -> 741961799 | L30: =K30+$E$27 -> 741961800 | M30: =MOD(L30,$H$27) -> 0
D31: 3 | E31: =$C$7 -> x.x.x.12 | F31: =$E$7 -> 1411115022 | G31: =F31+$E$27 -> 1411115023 | H31: =MOD(G31,$H$27) -> 7 | J31: =$C$12 -> Infra-Memory | K31: =$E$12 -> 2090387501 | L31: =K31+$E$27 -> 2090387502 | M31: =MOD(L31,$H$27) -> 6
C33: Peer 2 | D33: SALT | E33: =F17 -> 4 | G33: Moduler | H33: =$F$1 -> 8
E34: Address | F34: crc32 | G34: ADD(Time+SLAT) | H34: Space(Mod) | J34: Resource | K34: Hex to int | L34: ADD(Time+SLAT) | M34: Space(Mod)
D35: 1 | E35: =E29 -> x.x.x.10 | F35: =F29 -> 975202823 | G35: =F35+$E$33 -> 975202827 | H35: =MOD(G35,$H$33) -> 3 | J35: =J29 -> Data-Text | K35: =K29 -> 4007243385 | L35: =K35+$E$33 -> 4007243389 | M35: =MOD(L35,$H$33) -> 5
D36: 2 | E36: =E30 -> x.x.x.11 | F36: =F30 -> 2369628931 | G36: =F36+$E$33 -> 2369628935 | H36: =MOD(G36,$H$33) -> 7 | J36: =J30 -> AI-LLM | K36: =K30 -> 741961799 | L36: =K36+$E$33 -> 741961803 | M36: =MOD(L36,$H$33) -> 3
D37: 3 | E37: =E31 -> x.x.x.12 | F37: =F31 -> 1411115022 | G37: =F37+$E$33 -> 1411115026 | H37: =MOD(G37,$H$33) -> 2 | J37: =J31 -> Infra-Memory | K37: =K31 -> 2090387501 | L37: =K37+$E$33 -> 2090387505 | M37: =MOD(L37,$H$33) -> 1
C39: Peer 3 | D39: SALT | E39: =F18 -> 7 | G39: Moduler | H39: =$F$1 -> 8
E40: Address | F40: crc32 | G40: ADD(Time+SLAT) | H40: Space(Mod) | J40: Resource | K40: Hex to int | L40: ADD(Time+SLAT) | M40: Space(Mod)
D41: 1 | E41: =E35 -> x.x.x.10 | F41: =F35 -> 975202823 | G41: =F41+$E$39 -> 975202830 | H41: =MOD(G41,$H$39) -> 6 | J41: =J35 -> Data-Text | K41: =K35 -> 4007243385 | L41: =K41+$E$39 -> 4007243392 | M41: =MOD(L41,$H$39) -> 0
D42: 2 | E42: =E36 -> x.x.x.11 | F42: =F36 -> 2369628931 | G42: =F42+$E$39 -> 2369628938 | H42: =MOD(G42,$H$39) -> 2 | J42: =J36 -> AI-LLM | K42: =K36 -> 741961799 | L42: =K42+$E$39 -> 741961806 | M42: =MOD(L42,$H$39) -> 6
D43: 3 | E43: =E37 -> x.x.x.12 | F43: =F37 -> 1411115022 | G43: =F43+$E$39 -> 1411115029 | H43: =MOD(G43,$H$39) -> 5 | J43: =J37 -> Infra-Memory | K43: =K37 -> 2090387501 | L43: =K43+$E$39 -> 2090387508 | M43: =MOD(L43,$H$39) -> 4
B45: 2 | D45: SALT | E45: =F19 -> 0 | G45: Moduler | H45: =$F$1 -> 8
E46: Address | F46: crc32 | G46: ADD(Time+SLAT) | H46: Space(Mod) | J46: Resource | K46: Hex to int | L46: ADD(Time+SLAT) | M46: Space(Mod)
C47: Peer 1 | D47: 1 | E47: =$C$5 -> x.x.x.10 | F47: =$E$5 -> 975202823 | G47: =F47+$E$45 -> 975202823 | H47: =MOD(G47,$H$45) -> 7 | J47: =$C$10 -> Data-Text | K47: =$E$10 -> 4007243385 | L47: =K47+$E$45 -> 4007243385 | M47: =MOD(L47,$H$45) -> 1
D48: 2 | E48: =$C$6 -> x.x.x.11 | F48: =$E$6 -> 2369628931 | G48: =F48+$E$45 -> 2369628931 | H48: =MOD(G48,$H$45) -> 3 | J48: =$C$11 -> AI-LLM | K48: =$E$11 -> 741961799 | L48: =K48+$E$45 -> 741961799 | M48: =MOD(L48,$H$45) -> 7
D49: 3 | E49: =$C$7 -> x.x.x.12 | F49: =$E$7 -> 1411115022 | G49: =F49+$E$45 -> 1411115022 | H49: =MOD(G49,$H$45) -> 6 | J49: =$C$12 -> Infra-Memory | K49: =$E$12 -> 2090387501 | L49: =K49+$E$45 -> 2090387501 | M49: =MOD(L49,$H$45) -> 5
C51: Peer 2 | D51: SALT | E51: =F20 -> 1 | G51: Moduler | H51: =$F$1 -> 8
E52: Address | F52: crc32 | G52: ADD(Time+SLAT) | H52: Space(Mod) | J52: Resource | K52: Hex to int | L52: ADD(Time+SLAT) | M52: Space(Mod)
D53: 1 | E53: =E47 -> x.x.x.10 | F53: =F47 -> 975202823 | G53: =F53+$E$51 -> 975202824 | H53: =MOD(G53,$H$51) -> 0 | J53: =J47 -> Data-Text | K53: =K47 -> 4007243385 | L53: =K53+$E$51 -> 4007243386 | M53: =MOD(L53,$H$51) -> 2
D54: 2 | E54: =E48 -> x.x.x.11 | F54: =F48 -> 2369628931 | G54: =F54+$E$51 -> 2369628932 | H54: =MOD(G54,$H$51) -> 4 | J54: =J48 -> AI-LLM | K54: =K48 -> 741961799 | L54: =K54+$E$51 -> 741961800 | M54: =MOD(L54,$H$51) -> 0
D55: 3 | E55: =E49 -> x.x.x.12 | F55: =F49 -> 1411115022 | G55: =F55+$E$51 -> 1411115023 | H55: =MOD(G55,$H$51) -> 7 | J55: =J49 -> Infra-Memory | K55: =K49 -> 2090387501 | L55: =K55+$E$51 -> 2090387502 | M55: =MOD(L55,$H$51) -> 6
C57: Peer 3 | D57: SALT | E57: =F21 -> 5 | G57: Moduler | H57: =$F$1 -> 8
E58: Address | F58: crc32 | G58: ADD(Time+SLAT) | H58: Space(Mod) | J58: Resource | K58: Hex to int | L58: ADD(Time+SLAT) | M58: Space(Mod)
D59: 1 | E59: =E53 -> x.x.x.10 | F59: =F53 -> 975202823 | G59: =F59+$E$57 -> 975202828 | H59: =MOD(G59,$H$57) -> 4 | J59: =J53 -> Data-Text | K59: =K53 -> 4007243385 | L59: =K59+$E$57 -> 4007243390 | M59: =MOD(L59,$H$57) -> 6
D60: 2 | E60: =E54 -> x.x.x.11 | F60: =F54 -> 2369628931 | G60: =F60+$E$57 -> 2369628936 | H60: =MOD(G60,$H$57) -> 0 | J60: =J54 -> AI-LLM | K60: =K54 -> 741961799 | L60: =K60+$E$57 -> 741961804 | M60: =MOD(L60,$H$57) -> 4
D61: 3 | E61: =E55 -> x.x.x.12 | F61: =F55 -> 1411115022 | G61: =F61+$E$57 -> 1411115027 | H61: =MOD(G61,$H$57) -> 3 | J61: =J55 -> Infra-Memory | K61: =K55 -> 2090387501 | L61: =K61+$E$57 -> 2090387506 | M61: =MOD(L61,$H$57) -> 2
B64: 3 | D64: SALT | E64: =F22 -> 6 | G64: Moduler | H64: =$F$1 -> 8
E65: Address | F65: crc32 | G65: ADD(Time+SLAT) | H65: Space(Mod) | J65: Resource | K65: Hex to int | L65: ADD(Time+SLAT) | M65: Space(Mod)
C66: Peer 1 | D66: 1 | E66: =$C$5 -> x.x.x.10 | F66: =$E$5 -> 975202823 | G66: =F66+$E$64 -> 975202829 | H66: =MOD(G66,$H$64) -> 5 | J66: =$C$10 -> Data-Text | K66: =$E$10 -> 4007243385 | L66: =K66+$E$64 -> 4007243391 | M66: =MOD(L66,$H$64) -> 7
D67: 2 | E67: =$C$6 -> x.x.x.11 | F67: =$E$6 -> 2369628931 | G67: =F67+$E$64 -> 2369628937 | H67: =MOD(G67,$H$64) -> 1 | J67: =$C$11 -> AI-LLM | K67: =$E$11 -> 741961799 | L67: =K67+$E$64 -> 741961805 | M67: =MOD(L67,$H$64) -> 5
D68: 3 | E68: =$C$7 -> x.x.x.12 | F68: =$E$7 -> 1411115022 | G68: =F68+$E$64 -> 1411115028 | H68: =MOD(G68,$H$64) -> 4 | J68: =$C$12 -> Infra-Memory | K68: =$E$12 -> 2090387501 | L68: =K68+$E$64 -> 2090387507 | M68: =MOD(L68,$H$64) -> 3
C70: Peer 2 | D70: SALT | E70: =F23 -> 2 | G70: Moduler | H70: =$F$1 -> 8
E71: Address | F71: crc32 | G71: ADD(Time+SLAT) | H71: Space(Mod) | J71: Resource | K71: Hex to int | L71: ADD(Time+SLAT) | M71: Space(Mod)
D72: 1 | E72: =E66 -> x.x.x.10 | F72: =F66 -> 975202823 | G72: =F72+$E$70 -> 975202825 | H72: =MOD(G72,$H$70) -> 1 | J72: =J66 -> Data-Text | K72: =K66 -> 4007243385 | L72: =K72+$E$70 -> 4007243387 | M72: =MOD(L72,$H$70) -> 3
D73: 2 | E73: =E67 -> x.x.x.11 | F73: =F67 -> 2369628931 | G73: =F73+$E$70 -> 2369628933 | H73: =MOD(G73,$H$70) -> 5 | J73: =J67 -> AI-LLM | K73: =K67 -> 741961799 | L73: =K73+$E$70 -> 741961801 | M73: =MOD(L73,$H$70) -> 1
D74: 3 | E74: =E68 -> x.x.x.12 | F74: =F68 -> 1411115022 | G74: =F74+$E$70 -> 1411115024 | H74: =MOD(G74,$H$70) -> 0 | J74: =J68 -> Infra-Memory | K74: =K68 -> 2090387501 | L74: =K74+$E$70 -> 2090387503 | M74: =MOD(L74,$H$70) -> 7
C76: Peer 3 | D76: SALT | E76: =F24 -> 3 | G76: Moduler | H76: =$F$1 -> 8
E77: Address | F77: crc32 | G77: ADD(Time+SLAT) | H77: Space(Mod) | J77: Resource | K77: Hex to int | L77: ADD(Time+SLAT) | M77: Space(Mod)
D78: 1 | E78: =E72 -> x.x.x.10 | F78: =F72 -> 975202823 | G78: =F78+$E$76 -> 975202826 | H78: =MOD(G78,$H$76) -> 2 | J78: =J72 -> Data-Text | K78: =K72 -> 4007243385 | L78: =K78+$E$76 -> 4007243388 | M78: =MOD(L78,$H$76) -> 4
D79: 2 | E79: =E73 -> x.x.x.11 | F79: =F73 -> 2369628931 | G79: =F79+$E$76 -> 2369628934 | H79: =MOD(G79,$H$76) -> 6 | J79: =J73 -> AI-LLM | K79: =K73 -> 741961799 | L79: =K79+$E$76 -> 741961802 | M79: =MOD(L79,$H$76) -> 2
D80: 3 | E80: =E74 -> x.x.x.12 | F80: =F74 -> 1411115022 | G80: =F80+$E$76 -> 1411115025 | H80: =MOD(G80,$H$76) -> 1 | J80: =J74 -> Infra-Memory | K80: =K74 -> 2090387501 | L80: =K80+$E$76 -> 2090387504 | M80: =MOD(L80,$H$76) -> 0

Sheet 5-2. Peer 경로(8개) 
A1: 1. Moduler | E1: 8
A3: 2. Peer 기본 정보
C4: ADDR | D4: crc32 | E4: HEX To INT | I4: 동작시간 | K4: UTC to INT | L4: SALT
B5: PEER 1 | C5: x.x.x.10 | D5: 3a206a07 | E5: =HEX2DEC(D5) -> 975202823 | F5: =MOD(E5,$E$1) -> 7 | H5: PEER 1 | I5: 15 Sep 2023 08:48:33 GMT | K5: 1694767713 | L5: =MOD(K5,$E$1) -> 1
B6: PEER 2 | C6: x.x.x.11 | D6: 8d3dab03 | E6: =HEX2DEC(D6) -> 2369628931 | F6: =MOD(E6,$E$1) -> 3 | H6: PEER 2 | I6: 18 Sep 2023 08:56:44 GMT | K6: 1695027404 | L6: =MOD(K6,$E$1) -> 4
B7: PEER 3 | C7: x.x.x.12 | D7: 541be80e | E7: =HEX2DEC(D7) -> 1411115022 | F7: =MOD(E7,$E$1) -> 6 | H7: PEER 3 | I7: 18 Sep 2023 08:56:47 GMT | K7: 1695027407 | L7: =MOD(K7,$E$1) -> 7
B8: PEER 4 | C8: x.x.x.13 | D8: e306290a | E8: =HEX2DEC(D8) -> 3808831754 | F8: =MOD(E8,$E$1) -> 2 | H8: PEER 4 | I8: 18 Sep 2023 08:50:46 GMT | K8: 1695027046 | L8: =MOD(K8,$E$1) -> 6
B9: PEER 5 | C9: x.x.x.14 | D9: e6566e14 | E9: =HEX2DEC(D9) -> 3864423956 | F9: =MOD(E9,$E$1) -> 4 | H9: PEER 5 | I9: 17 Sep 2023 13:20:42 GMT | K9: 1694956842 | L9: =MOD(K9,$E$1) -> 2
B10: PEER 6 | C10: x.x.x.15 | D10: 514baf10 | E10: =HEX2DEC(D10) -> 1363914512 | F10: =MOD(E10,$E$1) -> 0 | H10: PEER 6 | I10: 16 Sep 2023 13:20:35 GMT | K10: 1694870435 | L10: =MOD(K10,$E$1) -> 3
B11: PEER 7 | C11: x.x.x.16 | D11: 886dec1d | E11: =HEX2DEC(D11) -> 2288905245 | F11: =MOD(E11,$E$1) -> 5 | H11: PEER 7 | I11: 16 Sep 2023 12:19:36 GMT | K11: 1694866776 | L11: =MOD(K11,$E$1) -> 0
B12: PEER 8 | C12: x.x.x.17 | D12: 3f702d19 | E12: =HEX2DEC(D12) -> 1064316185 | F12: =MOD(E12,$E$1) -> 1 | H12: PEER 8 | I12: 15 Sep 2023 12:19:41 GMT | K12: 1694780381 | L12: =MOD(K12,$E$1) -> 5
C14: 리소스 | D14: crc32 | E14: HEX To INT | H14: 1회 | I14: 15 Sep 2023 08:48:33 GMT | K14: 1694767713 | L14: =MOD(K14,$E$1) -> 1
B15: PEER 1 | C15: Data-Text | D15: eed9ae79 | E15: =HEX2DEC(D15) -> 4007243385 | F15: =MOD(E15,$E$1) -> 1 | H15: 2회 | I15: 15 Sep 2023 12:19:41 GMT | K15: 1694780381 | L15: =MOD(K15,$E$1) -> 5
B16: PEER 2 | C16: AI-LLM | D16: 2c397047 | E16: =HEX2DEC(D16) -> 741961799 | F16: =MOD(E16,$E$1) -> 7 | H16: 3회 | I16: 16 Sep 2023 12:19:36 GMT | K16: 1694866776 | L16: =MOD(K16,$E$1) -> 0
B17: PEER 3 | C17: Infra-Memory | D17: 7c98c82d | E17: =HEX2DEC(D17) -> 2090387501 | F17: =MOD(E17,$E$1) -> 5 | H17: 4회 | I17: 16 Sep 2023 13:20:35 GMT | K17: 1694870435 | L17: =MOD(K17,$E$1) -> 3
B18: PEER 4 | C18: Data-Picture | D18: b34da9ae | E18: =HEX2DEC(D18) -> 3008211374 | F18: =MOD(E18,$E$1) -> 6 | H18: 5회 | I18: 17 Sep 2023 13:20:42 GMT | K18: 1694956842 | L18: =MOD(K18,$E$1) -> 2
B19: PEER 5 | C19: AI-GAN | D19: 632dea5b | E19: =HEX2DEC(D19) -> 1663953499 | F19: =MOD(E19,$E$1) -> 3 | H19: 6회 | I19: 18 Sep 2023 08:56:44 GMT | K19: 1695027404 | L19: =MOD(K19,$E$1) -> 4
B20: PEER 6 | C20: Infra-STORAGE | D20: 8eaffaaa | E20: =HEX2DEC(D20) -> 2393897642 | F20: =MOD(E20,$E$1) -> 2 | H20: 7회 | I20: 18 Sep 2023 08:56:47 GMT | K20: 1695027407 | L20: =MOD(K20,$E$1) -> 7
B21: PEER 7 | C21: AI-DNN | D21: c2e504e4 | E21: =HEX2DEC(D21) -> 3269788900 | F21: =MOD(E21,$E$1) -> 4 | H21: 8회 | I21: 18 Sep 2023 08:50:46 GMT | K21: 1695027046 | L21: =MOD(K21,$E$1) -> 6
B22: PEER 8 | C22: Data-Doc | D22: f5f174c0 | E22: =HEX2DEC(D22) -> 4126241984 | F22: =MOD(E22,$E$1) -> 0
B24: 3 동작 시간 (https://www.epochconverter.com/)
C25: 동작시간 | E25: UTC to INT | F25: SALT | H25: 각기 다른 동작 시간으로 인해 Salt 값이 다를때
B26: 1회 | C26: 15 Sep 2023 08:48:33 GMT | E26: 1694767713 | F26: =MOD(E26,$E$1) -> 1
B27: 2회 | C27: 15 Sep 2023 12:19:41 GMT | E27: 1694780381 | F27: =MOD(E27,$E$1) -> 5
B28: 3회 | C28: 16 Sep 2023 12:19:36 GMT | E28: 1694866776 | F28: =MOD(E28,$E$1) -> 0
B29: 4회 | C29: 16 Sep 2023 13:20:35 GMT | E29: 1694870435 | F29: =MOD(E29,$E$1) -> 3 | I29: =RANDBETWEEN(0,7) -> 0
B30: 5회 | C30: 17 Sep 2023 13:20:42 GMT | E30: 1694956842 | F30: =MOD(E30,$E$1) -> 2
B31: 6회 | C31: 18 Sep 2023 08:56:44 GMT | E31: 1695027404 | F31: =MOD(E31,$E$1) -> 4
B32: 7회 | C32: 18 Sep 2023 08:56:47 GMT | E32: 1695027407 | F32: =MOD(E32,$E$1) -> 7
B33: 8회 | C33: 18 Sep 2023 08:50:46 GMT | E33: 1695027046 | F33: =MOD(E33,$E$1) -> 6
C34: SALT 1회 | D34: SALT 2회 | E34: SALT 3회 | F34: SALT 4회 | G34: SALT 5회 | H34: SALT 6회 | I34: SALT 7회 | J34: SALT 8회
A35: 1 | B35: PEER 1 | C35: =RANDBETWEEN(0,7) -> 7 | D35: =RANDBETWEEN(0,7) -> 5 | E35: =RANDBETWEEN(0,7) -> 1 | F35: =RANDBETWEEN(0,7) -> 3 | G35: =RANDBETWEEN(0,7) -> 3 | H35: =RANDBETWEEN(0,7) -> 5 | I35: =RANDBETWEEN(0,7) -> 4 | J35: =RANDBETWEEN(0,7) -> 7
B36: PEER 2 | C36: =RANDBETWEEN(0,7) -> 0 | D36: =RANDBETWEEN(0,7) -> 1 | E36: =RANDBETWEEN(0,7) -> 0 | F36: =RANDBETWEEN(0,7) -> 7 | G36: =RANDBETWEEN(0,7) -> 4 | H36: =RANDBETWEEN(0,7) -> 7 | I36: =RANDBETWEEN(0,7) -> 0 | J36: =RANDBETWEEN(0,7) -> 5
B37: PEER 3 | C37: =RANDBETWEEN(0,7) -> 7 | D37: =RANDBETWEEN(0,7) -> 2 | E37: =RANDBETWEEN(0,7) -> 5 | F37: =RANDBETWEEN(0,7) -> 5 | G37: =RANDBETWEEN(0,7) -> 5 | H37: =RANDBETWEEN(0,7) -> 4 | I37: =RANDBETWEEN(0,7) -> 2 | J37: =RANDBETWEEN(0,7) -> 7
B38: PEER 4 | C38: =RANDBETWEEN(0,7) -> 6 | D38: =RANDBETWEEN(0,7) -> 2 | E38: =RANDBETWEEN(0,7) -> 1 | F38: =RANDBETWEEN(0,7) -> 2 | G38: =RANDBETWEEN(0,7) -> 7 | H38: =RANDBETWEEN(0,7) -> 0 | I38: =RANDBETWEEN(0,7) -> 2 | J38: =RANDBETWEEN(0,7) -> 3
B39: PEER 5 | C39: =RANDBETWEEN(0,7) -> 1 | D39: =RANDBETWEEN(0,7) -> 4 | E39: =RANDBETWEEN(0,7) -> 3 | F39: =RANDBETWEEN(0,7) -> 6 | G39: =RANDBETWEEN(0,7) -> 7 | H39: =RANDBETWEEN(0,7) -> 5 | I39: =RANDBETWEEN(0,7) -> 4 | J39: =RANDBETWEEN(0,7) -> 5
B40: PEER 6 | C40: =RANDBETWEEN(0,7) -> 1 | D40: =RANDBETWEEN(0,7) -> 3 | E40: =RANDBETWEEN(0,7) -> 0 | F40: =RANDBETWEEN(0,7) -> 5 | G40: =RANDBETWEEN(0,7) -> 2 | H40: =RANDBETWEEN(0,7) -> 5 | I40: =RANDBETWEEN(0,7) -> 1 | J40: =RANDBETWEEN(0,7) -> 4
B41: PEER 7 | C41: =RANDBETWEEN(0,7) -> 3 | D41: =RANDBETWEEN(0,7) -> 1 | E41: =RANDBETWEEN(0,7) -> 2 | F41: =RANDBETWEEN(0,7) -> 4 | G41: =RANDBETWEEN(0,7) -> 2 | H41: =RANDBETWEEN(0,7) -> 1 | I41: =RANDBETWEEN(0,7) -> 3 | J41: =RANDBETWEEN(0,7) -> 6
B42: PEER 8 | C42: =RANDBETWEEN(0,7) -> 4 | D42: =RANDBETWEEN(0,7) -> 1 | E42: =RANDBETWEEN(0,7) -> 6 | F42: =RANDBETWEEN(0,7) -> 5 | G42: =RANDBETWEEN(0,7) -> 4 | H42: =RANDBETWEEN(0,7) -> 0 | I42: =RANDBETWEEN(0,7) -> 5 | J42: =RANDBETWEEN(0,7) -> 0
A43: 3. 5개의 랜덤…..
C44: SALT 1회 | D44: SALT 2회 | E44: SALT 3회 | F44: SALT 4회 | G44: SALT 5회 | H44: SALT 6회 | I44: SALT 7회 | J44: SALT 8회
B45: PEER 1 | C45: 5 | D45: 5 | E45: 1 | F45: 7 | G45: 5 | H45: 7 | I45: 6 | J45: 6 | M45: =ABS(D52-D45) -> 1 | N45: =ABS(E52-E45) -> 1 | O45: =ABS(F52-F45) -> 3 | P45: =ABS(G52-G45) -> 5 | Q45: =ABS(H52-H45) -> 1 | R45: =ABS(I52-I45) -> 2
B46: PEER 2 | C46: 2 | D46: 7 | E46: 7 | F46: 1 | G46: 3 | H46: 1 | I46: 7 | J46: 7 | M46: =ABS(D45-D46) -> 2 | N46: =ABS(E45-E46) -> 6 | O46: =ABS(F45-F46) -> 6 | P46: =ABS(G45-G46) -> 2 | Q46: =ABS(H45-H46) -> 6 | R46: =ABS(I45-I46) -> 1
B47: PEER 3 | C47: 6 | D47: 0 | E47: 3 | F47: 3 | G47: 4 | H47: 2 | I47: 1 | J47: 1 | M47: =ABS(D46-D47) -> 7 | N47: =ABS(E46-E47) -> 4 | O47: =ABS(F46-F47) -> 2 | P47: =ABS(G46-G47) -> 1 | Q47: =ABS(H46-H47) -> 1 | R47: =ABS(I46-I47) -> 6
B48: PEER 4 | C48: 1 | D48: 1 | E48: 6 | F48: 0 | G48: 1 | H48: 3 | I48: 2 | J48: 5 | M48: =ABS(D47-D48) -> 1 | N48: =ABS(E47-E48) -> 3 | O48: =ABS(F47-F48) -> 3 | P48: =ABS(G47-G48) -> 3 | Q48: =ABS(H47-H48) -> 1 | R48: =ABS(I47-I48) -> 1
B49: PEER 5 | C49: 0 | D49: 2 | E49: 7 | F49: 6 | G49: 6 | H49: 4 | I49: 5 | J49: 3 | M49: =ABS(D48-D49) -> 1 | N49: =ABS(E48-E49) -> 1 | O49: =ABS(F48-F49) -> 6 | P49: =ABS(G48-G49) -> 5 | Q49: =ABS(H48-H49) -> 1 | R49: =ABS(I48-I49) -> 3
B50: PEER 6 | C50: 3 | D50: 6 | E50: 4 | F50: 2 | G50: 5 | H50: 5 | I50: 0 | J50: 4 | M50: =ABS(D49-D50) -> 4 | N50: =ABS(E49-E50) -> 3 | O50: =ABS(F49-F50) -> 4 | P50: =ABS(G49-G50) -> 1 | Q50: =ABS(H49-H50) -> 1 | R50: =ABS(I49-I50) -> 5
B51: PEER 7 | C51: 4 | D51: 3 | E51: 0 | F51: 5 | G51: 7 | H51: 0 | I51: 3 | J51: 2 | M51: =ABS(D50-D51) -> 3 | N51: =ABS(E50-E51) -> 4 | O51: =ABS(F50-F51) -> 3 | P51: =ABS(G50-G51) -> 2 | Q51: =ABS(H50-H51) -> 5 | R51: =ABS(I50-I51) -> 3
B52: PEER 8 | C52: 7 | D52: 4 | E52: 2 | F52: 4 | G52: 0 | H52: 6 | I52: 4 | J52: 0 | M52: =ABS(D51-D52) -> 1 | N52: =ABS(E51-E52) -> 2 | O52: =ABS(F51-F52) -> 1 | P52: =ABS(G51-G52) -> 7 | Q52: =ABS(H51-H52) -> 6 | R52: =ABS(I51-I52) -> 1
C55: 1회 space | D55: 사용 | E55: 2회 s+D55:S100pace | G55: 3회 space | I55: 4회 space | K55: 5회 space | M55: 6회 space | O55: 7회 space | Q55: 8회 space
A56: Peer 1 | B56: SALT PEER | C56: =C45 -> 5 | E56: =D45 -> 5 | G56: =E45 -> 1 | I56: =F45 -> 7 | K56: =G45 -> 5 | M56: =H45 -> 7 | O56: =I45 -> 6 | Q56: =J45 -> 6
B57: 1 | C57: =MOD($E5+C$56,$E$1) -> 4 | D57: 1 | E57: =MOD($E5+E$56,$E$1) -> 4 | G57: =MOD($E5+G$56,$E$1) -> 0 | H57: 1 | I57: =MOD($E5+I$56,$E$1) -> 6 | K57: =MOD($E5+K$56,$E$1) -> 4 | M57: =MOD($E5+M$56,$E$1) -> 6 | O57: =MOD($E5+O$56,$E$1) -> 5 | Q57: =MOD($E5+Q$56,$E$1) -> 5 | S57: =MOD(ABS(C58+8-C57),$E$1) -> 4 | T57: =MOD(ABS(E58+8-E57),$E$1) -> 4 | U57: =MOD(ABS(G58+8-G57),$E$1) -> 4 | V57: =MOD(ABS(I58+8-I57),$E$1) -> 4 | W57: =MOD(ABS(K58+8-K57),$E$1) -> 4 | X57: =MOD(ABS(M58+8-M57),$E$1) -> 4 | Y57: =MOD(ABS(O58+8-O57),$E$1) -> 4 | Z57: =MOD(ABS(Q58+8-Q57),$E$1) -> 4
B58: 2 | C58: =MOD($E6+C$56,$E$1) -> 0 | E58: =MOD($E6+E$56,$E$1) -> 0 | G58: =MOD($E6+G$56,$E$1) -> 4 | I58: =MOD($E6+I$56,$E$1) -> 2 | K58: =MOD($E6+K$56,$E$1) -> 0 | M58: =MOD($E6+M$56,$E$1) -> 2 | O58: =MOD($E6+O$56,$E$1) -> 1 | Q58: =MOD($E6+Q$56,$E$1) -> 1 | S58: =MOD(ABS(C59+8-C58),$E$1) -> 3 | T58: =MOD(ABS(E59+8-E58),$E$1) -> 3 | U58: =MOD(ABS(G59+8-G58),$E$1) -> 3 | V58: =MOD(ABS(I59+8-I58),$E$1) -> 3 | W58: =MOD(ABS(K59+8-K58),$E$1) -> 3 | X58: =MOD(ABS(M59+8-M58),$E$1) -> 3 | Y58: =MOD(ABS(O59+8-O58),$E$1) -> 3 | Z58: =MOD(ABS(Q59+8-Q58),$E$1) -> 3
B59: 3 | C59: =MOD($E7+C$56,$E$1) -> 3 | E59: =MOD($E7+E$56,$E$1) -> 3 | G59: =MOD($E7+G$56,$E$1) -> 7 | I59: =MOD($E7+I$56,$E$1) -> 5 | K59: =MOD($E7+K$56,$E$1) -> 3 | M59: =MOD($E7+M$56,$E$1) -> 5 | O59: =MOD($E7+O$56,$E$1) -> 4 | Q59: =MOD($E7+Q$56,$E$1) -> 4 | S59: =MOD(ABS(C60+8-C59),$E$1) -> 4 | T59: =MOD(ABS(E60+8-E59),$E$1) -> 4 | U59: =MOD(ABS(G60+8-G59),$E$1) -> 4 | V59: =MOD(ABS(I60+8-I59),$E$1) -> 4 | W59: =MOD(ABS(K60+8-K59),$E$1) -> 4 | X59: =MOD(ABS(M60+8-M59),$E$1) -> 4 | Y59: =MOD(ABS(O60+8-O59),$E$1) -> 4 | Z59: =MOD(ABS(Q60+8-Q59),$E$1) -> 4
B60: 4 | C60: =MOD($E8+C$56,$E$1) -> 7 | E60: =MOD($E8+E$56,$E$1) -> 7 | G60: =MOD($E8+G$56,$E$1) -> 3 | I60: =MOD($E8+I$56,$E$1) -> 1 | K60: =MOD($E8+K$56,$E$1) -> 7 | M60: =MOD($E8+M$56,$E$1) -> 1 | O60: =MOD($E8+O$56,$E$1) -> 0 | Q60: =MOD($E8+Q$56,$E$1) -> 0 | S60: =MOD(ABS(C61+8-C60),$E$1) -> 2 | T60: =MOD(ABS(E61+8-E60),$E$1) -> 2 | U60: =MOD(ABS(G61+8-G60),$E$1) -> 2 | V60: =MOD(ABS(I61+8-I60),$E$1) -> 2 | W60: =MOD(ABS(K61+8-K60),$E$1) -> 2 | X60: =MOD(ABS(M61+8-M60),$E$1) -> 2 | Y60: =MOD(ABS(O61+8-O60),$E$1) -> 2 | Z60: =MOD(ABS(Q61+8-Q60),$E$1) -> 2
B61: 5 | C61: =MOD($E9+C$56,$E$1) -> 1 | E61: =MOD($E9+E$56,$E$1) -> 1 | G61: =MOD($E9+G$56,$E$1) -> 5 | I61: =MOD($E9+I$56,$E$1) -> 3 | K61: =MOD($E9+K$56,$E$1) -> 1 | M61: =MOD($E9+M$56,$E$1) -> 3 | O61: =MOD($E9+O$56,$E$1) -> 2 | Q61: =MOD($E9+Q$56,$E$1) -> 2 | S61: =MOD(ABS(C62+8-C61),$E$1) -> 4 | T61: =MOD(ABS(E62+8-E61),$E$1) -> 4 | U61: =MOD(ABS(G62+8-G61),$E$1) -> 4 | V61: =MOD(ABS(I62+8-I61),$E$1) -> 4 | W61: =MOD(ABS(K62+8-K61),$E$1) -> 4 | X61: =MOD(ABS(M62+8-M61),$E$1) -> 4 | Y61: =MOD(ABS(O62+8-O61),$E$1) -> 4 | Z61: =MOD(ABS(Q62+8-Q61),$E$1) -> 4
B62: 6 | C62: =MOD($E10+C$56,$E$1) -> 5 | D62: 2 | E62: =MOD($E10+E$56,$E$1) -> 5 | G62: =MOD($E10+G$56,$E$1) -> 1 | H62: 2 | I62: =MOD($E10+I$56,$E$1) -> 7 | K62: =MOD($E10+K$56,$E$1) -> 5 | M62: =MOD($E10+M$56,$E$1) -> 7 | O62: =MOD($E10+O$56,$E$1) -> 6 | Q62: =MOD($E10+Q$56,$E$1) -> 6 | S62: =MOD(ABS(C63+8-C62),$E$1) -> 5 | T62: =MOD(ABS(E63+8-E62),$E$1) -> 5 | U62: =MOD(ABS(G63+8-G62),$E$1) -> 5 | V62: =MOD(ABS(I63+8-I62),$E$1) -> 5 | W62: =MOD(ABS(K63+8-K62),$E$1) -> 5 | X62: =MOD(ABS(M63+8-M62),$E$1) -> 5 | Y62: =MOD(ABS(O63+8-O62),$E$1) -> 5 | Z62: =MOD(ABS(Q63+8-Q62),$E$1) -> 5
B63: 7 | C63: =MOD($E11+C$56,$E$1) -> 2 | E63: =MOD($E11+E$56,$E$1) -> 2 | G63: =MOD($E11+G$56,$E$1) -> 6 | I63: =MOD($E11+I$56,$E$1) -> 4 | K63: =MOD($E11+K$56,$E$1) -> 2 | M63: =MOD($E11+M$56,$E$1) -> 4 | O63: =MOD($E11+O$56,$E$1) -> 3 | Q63: =MOD($E11+Q$56,$E$1) -> 3 | S63: =MOD(ABS(C64+8-C63),$E$1) -> 4 | T63: =MOD(ABS(E64+8-E63),$E$1) -> 4 | U63: =MOD(ABS(G64+8-G63),$E$1) -> 4 | V63: =MOD(ABS(I64+8-I63),$E$1) -> 4 | W63: =MOD(ABS(K64+8-K63),$E$1) -> 4 | X63: =MOD(ABS(M64+8-M63),$E$1) -> 4 | Y63: =MOD(ABS(O64+8-O63),$E$1) -> 4 | Z63: =MOD(ABS(Q64+8-Q63),$E$1) -> 4
B64: 8 | C64: =MOD($E12+C$56,$E$1) -> 6 | E64: =MOD($E12+E$56,$E$1) -> 6 | G64: =MOD($E12+G$56,$E$1) -> 2 | I64: =MOD($E12+I$56,$E$1) -> 0 | K64: =MOD($E12+K$56,$E$1) -> 6 | M64: =MOD($E12+M$56,$E$1) -> 0 | O64: =MOD($E12+O$56,$E$1) -> 7 | Q64: =MOD($E12+Q$56,$E$1) -> 7 | S64: =MOD(ABS(C57+8-C64), $E$1) -> 6 | T64: =MOD(ABS(E57+8-E64), $E$1) -> 6 | U64: =MOD(ABS(G57+8-G64), $E$1) -> 6 | V64: =MOD(ABS(I57+8-I64), $E$1) -> 6 | W64: =MOD(ABS(K57+8-K64), $E$1) -> 6 | X64: =MOD(ABS(M57+8-M64), $E$1) -> 6 | Y64: =MOD(ABS(O57+8-O64), $E$1) -> 6 | Z64: =MOD(ABS(Q57+8-Q64), $E$1) -> 6
A65: Peer 2 | B65: SALT PEER | C65: =C46 -> 2 | E65: =D46 -> 7 | G65: =E46 -> 7 | I65: =F46 -> 1 | K65: =G46 -> 3 | M65: =H46 -> 1 | O65: =I46 -> 7 | Q65: =J46 -> 7
B66: 1 | C66: =MOD($E5+C$65,$E$1) -> 1 | E66: =MOD($E5+E$65,$E$1) -> 6 | G66: =MOD($E5+G$65,$E$1) -> 6 | I66: =MOD($E5+I$65,$E$1) -> 0 | K66: =MOD($E5+K$65,$E$1) -> 2 | M66: =MOD($E5+M$65,$E$1) -> 0 | O66: =MOD($E5+O$65,$E$1) -> 6 | Q66: =MOD($E5+Q$65,$E$1) -> 6 | S66: =MOD(ABS(C67+8-C66),$E$1) -> 4 | T66: =MOD(ABS(E67+8-E66),$E$1) -> 4 | U66: =MOD(ABS(G67+8-G66),$E$1) -> 4 | V66: =MOD(ABS(I67+8-I66),$E$1) -> 4 | W66: =MOD(ABS(K67+8-K66),$E$1) -> 4 | X66: =MOD(ABS(M67+8-M66),$E$1) -> 4 | Y66: =MOD(ABS(O67+8-O66),$E$1) -> 4 | Z66: =MOD(ABS(Q67+8-Q66),$E$1) -> 4
B67: 2 | C67: =MOD($E6+C$65,$E$1) -> 5 | D67: 5 | E67: =MOD($E6+E$65,$E$1) -> 2 | G67: =MOD($E6+G$65,$E$1) -> 2 | I67: =MOD($E6+I$65,$E$1) -> 4 | K67: =MOD($E6+K$65,$E$1) -> 6 | M67: =MOD($E6+M$65,$E$1) -> 4 | O67: =MOD($E6+O$65,$E$1) -> 2 | Q67: =MOD($E6+Q$65,$E$1) -> 2 | S67: =MOD(ABS(C68+8-C67),$E$1) -> 3 | T67: =MOD(ABS(E68+8-E67),$E$1) -> 3 | U67: =MOD(ABS(G68+8-G67),$E$1) -> 3 | V67: =MOD(ABS(I68+8-I67),$E$1) -> 3 | W67: =MOD(ABS(K68+8-K67),$E$1) -> 3 | X67: =MOD(ABS(M68+8-M67),$E$1) -> 3 | Y67: =MOD(ABS(O68+8-O67),$E$1) -> 3 | Z67: =MOD(ABS(Q68+8-Q67),$E$1) -> 3
B68: 3 | C68: =MOD($E7+C$65,$E$1) -> 0 | E68: =MOD($E7+E$65,$E$1) -> 5 | G68: =MOD($E7+G$65,$E$1) -> 5 | I68: =MOD($E7+I$65,$E$1) -> 7 | K68: =MOD($E7+K$65,$E$1) -> 1 | M68: =MOD($E7+M$65,$E$1) -> 7 | O68: =MOD($E7+O$65,$E$1) -> 5 | Q68: =MOD($E7+Q$65,$E$1) -> 5 | S68: =MOD(ABS(C69+8-C68),$E$1) -> 4 | T68: =MOD(ABS(E69+8-E68),$E$1) -> 4 | U68: =MOD(ABS(G69+8-G68),$E$1) -> 4 | V68: =MOD(ABS(I69+8-I68),$E$1) -> 4 | W68: =MOD(ABS(K69+8-K68),$E$1) -> 4 | X68: =MOD(ABS(M69+8-M68),$E$1) -> 4 | Y68: =MOD(ABS(O69+8-O68),$E$1) -> 4 | Z68: =MOD(ABS(Q69+8-Q68),$E$1) -> 4
B69: 4 | C69: =MOD($E8+C$65,$E$1) -> 4 | E69: =MOD($E8+E$65,$E$1) -> 1 | G69: =MOD($E8+G$65,$E$1) -> 1 | I69: =MOD($E8+I$65,$E$1) -> 3 | K69: =MOD($E8+K$65,$E$1) -> 5 | M69: =MOD($E8+M$65,$E$1) -> 3 | O69: =MOD($E8+O$65,$E$1) -> 1 | Q69: =MOD($E8+Q$65,$E$1) -> 1 | S69: =MOD(ABS(C70+8-C69),$E$1) -> 2 | T69: =MOD(ABS(E70+8-E69),$E$1) -> 2 | U69: =MOD(ABS(G70+8-G69),$E$1) -> 2 | V69: =MOD(ABS(I70+8-I69),$E$1) -> 2 | W69: =MOD(ABS(K70+8-K69),$E$1) -> 2 | X69: =MOD(ABS(M70+8-M69),$E$1) -> 2 | Y69: =MOD(ABS(O70+8-O69),$E$1) -> 2 | Z69: =MOD(ABS(Q70+8-Q69),$E$1) -> 2
B70: 5 | C70: =MOD($E9+C$65,$E$1) -> 6 | D70: 6 | E70: =MOD($E9+E$65,$E$1) -> 3 | G70: =MOD($E9+G$65,$E$1) -> 3 | I70: =MOD($E9+I$65,$E$1) -> 5 | K70: =MOD($E9+K$65,$E$1) -> 7 | M70: =MOD($E9+M$65,$E$1) -> 5 | O70: =MOD($E9+O$65,$E$1) -> 3 | Q70: =MOD($E9+Q$65,$E$1) -> 3 | S70: =MOD(ABS(C71+8-C70),$E$1) -> 4 | T70: =MOD(ABS(E71+8-E70),$E$1) -> 4 | U70: =MOD(ABS(G71+8-G70),$E$1) -> 4 | V70: =MOD(ABS(I71+8-I70),$E$1) -> 4 | W70: =MOD(ABS(K71+8-K70),$E$1) -> 4 | X70: =MOD(ABS(M71+8-M70),$E$1) -> 4 | Y70: =MOD(ABS(O71+8-O70),$E$1) -> 4 | Z70: =MOD(ABS(Q71+8-Q70),$E$1) -> 4
B71: 6 | C71: =MOD($E10+C$65,$E$1) -> 2 | E71: =MOD($E10+E$65,$E$1) -> 7 | G71: =MOD($E10+G$65,$E$1) -> 7 | I71: =MOD($E10+I$65,$E$1) -> 1 | K71: =MOD($E10+K$65,$E$1) -> 3 | M71: =MOD($E10+M$65,$E$1) -> 1 | O71: =MOD($E10+O$65,$E$1) -> 7 | Q71: =MOD($E10+Q$65,$E$1) -> 7 | S71: =MOD(ABS(C72+8-C71),$E$1) -> 5 | T71: =MOD(ABS(E72+8-E71),$E$1) -> 5 | U71: =MOD(ABS(G72+8-G71),$E$1) -> 5 | V71: =MOD(ABS(I72+8-I71),$E$1) -> 5 | W71: =MOD(ABS(K72+8-K71),$E$1) -> 5 | X71: =MOD(ABS(M72+8-M71),$E$1) -> 5 | Y71: =MOD(ABS(O72+8-O71),$E$1) -> 5 | Z71: =MOD(ABS(Q72+8-Q71),$E$1) -> 5
B72: 7 | C72: =MOD($E11+C$65,$E$1) -> 7 | E72: =MOD($E11+E$65,$E$1) -> 4 | G72: =MOD($E11+G$65,$E$1) -> 4 | I72: =MOD($E11+I$65,$E$1) -> 6 | K72: =MOD($E11+K$65,$E$1) -> 0 | M72: =MOD($E11+M$65,$E$1) -> 6 | O72: =MOD($E11+O$65,$E$1) -> 4 | Q72: =MOD($E11+Q$65,$E$1) -> 4 | S72: =MOD(ABS(C73+8-C72),$E$1) -> 4 | T72: =MOD(ABS(E73+8-E72),$E$1) -> 4 | U72: =MOD(ABS(G73+8-G72),$E$1) -> 4 | V72: =MOD(ABS(I73+8-I72),$E$1) -> 4 | W72: =MOD(ABS(K73+8-K72),$E$1) -> 4 | X72: =MOD(ABS(M73+8-M72),$E$1) -> 4 | Y72: =MOD(ABS(O73+8-O72),$E$1) -> 4 | Z72: =MOD(ABS(Q73+8-Q72),$E$1) -> 4
B73: 8 | C73: =MOD($E12+C$65,$E$1) -> 3 | E73: =MOD($E12+E$65,$E$1) -> 0 | G73: =MOD($E12+G$65,$E$1) -> 0 | I73: =MOD($E12+I$65,$E$1) -> 2 | K73: =MOD($E12+K$65,$E$1) -> 4 | M73: =MOD($E12+M$65,$E$1) -> 2 | O73: =MOD($E12+O$65,$E$1) -> 0 | Q73: =MOD($E12+Q$65,$E$1) -> 0 | S73: =MOD(ABS(C66+8-C73), $E$1) -> 6 | T73: =MOD(ABS(E66+8-E73), $E$1) -> 6 | U73: =MOD(ABS(G66+8-G73), $E$1) -> 6 | V73: =MOD(ABS(I66+8-I73), $E$1) -> 6 | W73: =MOD(ABS(K66+8-K73), $E$1) -> 6 | X73: =MOD(ABS(M66+8-M73), $E$1) -> 6 | Y73: =MOD(ABS(O66+8-O73), $E$1) -> 6 | Z73: =MOD(ABS(Q66+8-Q73), $E$1) -> 6
A74: Peer 3 | B74: SALT PEER | C74: =C47 -> 6 | E74: =D47 -> 0 | G74: =E47 -> 3 | I74: =F47 -> 3 | K74: =G47 -> 4 | M74: =H47 -> 2 | O74: =I47 -> 1 | Q74: =J47 -> 1
B75: 1 | C75: =MOD($E5+C$74,$E$1) -> 5 | E75: =MOD($E5+E$74,$E$1) -> 7 | G75: =MOD($E5+G$74,$E$1) -> 2 | I75: =MOD($E5+I$74,$E$1) -> 2 | K75: =MOD($E5+K$74,$E$1) -> 3 | M75: =MOD($E5+M$74,$E$1) -> 1 | O75: =MOD($E5+O$65,$E$1) -> 6 | Q75: =MOD($E5+Q$74,$E$1) -> 0 | S75: =MOD(ABS(C76+8-C75),$E$1) -> 4 | T75: =MOD(ABS(E76+8-E75),$E$1) -> 4 | U75: =MOD(ABS(G76+8-G75),$E$1) -> 4 | V75: =MOD(ABS(I76+8-I75),$E$1) -> 4 | W75: =MOD(ABS(K76+8-K75),$E$1) -> 4 | X75: =MOD(ABS(M76+8-M75),$E$1) -> 4 | Y75: =MOD(ABS(O76+8-O75),$E$1) -> 4 | Z75: =MOD(ABS(Q76+8-Q75),$E$1) -> 4
B76: 2 | C76: =MOD($E6+C$74,$E$1) -> 1 | E76: =MOD($E6+E$74,$E$1) -> 3 | G76: =MOD($E6+G$74,$E$1) -> 6 | I76: =MOD($E6+I$74,$E$1) -> 6 | K76: =MOD($E6+K$74,$E$1) -> 7 | M76: =MOD($E6+M$74,$E$1) -> 5 | O76: =MOD($E6+O$65,$E$1) -> 2 | Q76: =MOD($E6+Q$74,$E$1) -> 4 | S76: =MOD(ABS(C77+8-C76),$E$1) -> 3 | T76: =MOD(ABS(E77+8-E76),$E$1) -> 3 | U76: =MOD(ABS(G77+8-G76),$E$1) -> 3 | V76: =MOD(ABS(I77+8-I76),$E$1) -> 3 | W76: =MOD(ABS(K77+8-K76),$E$1) -> 3 | X76: =MOD(ABS(M77+8-M76),$E$1) -> 3 | Y76: =MOD(ABS(O77+8-O76),$E$1) -> 3 | Z76: =MOD(ABS(Q77+8-Q76),$E$1) -> 3
B77: 3 | C77: =MOD($E7+C$74,$E$1) -> 4 | E77: =MOD($E7+E$74,$E$1) -> 6 | G77: =MOD($E7+G$74,$E$1) -> 1 | I77: =MOD($E7+I$74,$E$1) -> 1 | K77: =MOD($E7+K$74,$E$1) -> 2 | M77: =MOD($E7+M$74,$E$1) -> 0 | O77: =MOD($E7+O$65,$E$1) -> 5 | Q77: =MOD($E7+Q$74,$E$1) -> 7 | S77: =MOD(ABS(C78+8-C77),$E$1) -> 4 | T77: =MOD(ABS(E78+8-E77),$E$1) -> 4 | U77: =MOD(ABS(G78+8-G77),$E$1) -> 4 | V77: =MOD(ABS(I78+8-I77),$E$1) -> 4 | W77: =MOD(ABS(K78+8-K77),$E$1) -> 4 | X77: =MOD(ABS(M78+8-M77),$E$1) -> 4 | Y77: =MOD(ABS(O78+8-O77),$E$1) -> 4 | Z77: =MOD(ABS(Q78+8-Q77),$E$1) -> 4
B78: 4 | C78: =MOD($E8+C$74,$E$1) -> 0 | E78: =MOD($E8+E$74,$E$1) -> 2 | G78: =MOD($E8+G$74,$E$1) -> 5 | I78: =MOD($E8+I$74,$E$1) -> 5 | K78: =MOD($E8+K$74,$E$1) -> 6 | M78: =MOD($E8+M$74,$E$1) -> 4 | O78: =MOD($E8+O$65,$E$1) -> 1 | Q78: =MOD($E8+Q$74,$E$1) -> 3 | S78: =MOD(ABS(C79+8-C78),$E$1) -> 2 | T78: =MOD(ABS(E79+8-E78),$E$1) -> 2 | U78: =MOD(ABS(G79+8-G78),$E$1) -> 2 | V78: =MOD(ABS(I79+8-I78),$E$1) -> 2 | W78: =MOD(ABS(K79+8-K78),$E$1) -> 2 | X78: =MOD(ABS(M79+8-M78),$E$1) -> 2 | Y78: =MOD(ABS(O79+8-O78),$E$1) -> 2 | Z78: =MOD(ABS(Q79+8-Q78),$E$1) -> 2
B79: 5 | C79: =MOD($E9+C$74,$E$1) -> 2 | E79: =MOD($E9+E$74,$E$1) -> 4 | G79: =MOD($E9+G$74,$E$1) -> 7 | I79: =MOD($E9+I$74,$E$1) -> 7 | K79: =MOD($E9+K$74,$E$1) -> 0 | M79: =MOD($E9+M$74,$E$1) -> 6 | O79: =MOD($E9+O$65,$E$1) -> 3 | Q79: =MOD($E9+Q$74,$E$1) -> 5 | S79: =MOD(ABS(C80+8-C79),$E$1) -> 4 | T79: =MOD(ABS(E80+8-E79),$E$1) -> 4 | U79: =MOD(ABS(G80+8-G79),$E$1) -> 4 | V79: =MOD(ABS(I80+8-I79),$E$1) -> 4 | W79: =MOD(ABS(K80+8-K79),$E$1) -> 4 | X79: =MOD(ABS(M80+8-M79),$E$1) -> 4 | Y79: =MOD(ABS(O80+8-O79),$E$1) -> 4 | Z79: =MOD(ABS(Q80+8-Q79),$E$1) -> 4
B80: 6 | C80: =MOD($E10+C$74,$E$1) -> 6 | E80: =MOD($E10+E$74,$E$1) -> 0 | G80: =MOD($E10+G$74,$E$1) -> 3 | I80: =MOD($E10+I$74,$E$1) -> 3 | K80: =MOD($E10+K$74,$E$1) -> 4 | M80: =MOD($E10+M$74,$E$1) -> 2 | O80: =MOD($E10+O$65,$E$1) -> 7 | Q80: =MOD($E10+Q$74,$E$1) -> 1 | S80: =MOD(ABS(C81+8-C80),$E$1) -> 5 | T80: =MOD(ABS(E81+8-E80),$E$1) -> 5 | U80: =MOD(ABS(G81+8-G80),$E$1) -> 5 | V80: =MOD(ABS(I81+8-I80),$E$1) -> 5 | W80: =MOD(ABS(K81+8-K80),$E$1) -> 5 | X80: =MOD(ABS(M81+8-M80),$E$1) -> 5 | Y80: =MOD(ABS(O81+8-O80),$E$1) -> 5 | Z80: =MOD(ABS(Q81+8-Q80),$E$1) -> 5
B81: 7 | C81: =MOD($E11+C$74,$E$1) -> 3 | E81: =MOD($E11+E$74,$E$1) -> 5 | G81: =MOD($E11+G$74,$E$1) -> 0 | I81: =MOD($E11+I$74,$E$1) -> 0 | K81: =MOD($E11+K$74,$E$1) -> 1 | M81: =MOD($E11+M$74,$E$1) -> 7 | O81: =MOD($E11+O$65,$E$1) -> 4 | Q81: =MOD($E11+Q$74,$E$1) -> 6 | S81: =MOD(ABS(C82+8-C81),$E$1) -> 4 | T81: =MOD(ABS(E82+8-E81),$E$1) -> 4 | U81: =MOD(ABS(G82+8-G81),$E$1) -> 4 | V81: =MOD(ABS(I82+8-I81),$E$1) -> 4 | W81: =MOD(ABS(K82+8-K81),$E$1) -> 4 | X81: =MOD(ABS(M82+8-M81),$E$1) -> 4 | Y81: =MOD(ABS(O82+8-O81),$E$1) -> 4 | Z81: =MOD(ABS(Q82+8-Q81),$E$1) -> 4
B82: 8 | C82: =MOD($E12+C$74,$E$1) -> 7 | D82: 8 | E82: =MOD($E12+E$74,$E$1) -> 1 | G82: =MOD($E12+G$74,$E$1) -> 4 | I82: =MOD($E12+I$74,$E$1) -> 4 | K82: =MOD($E12+K$74,$E$1) -> 5 | M82: =MOD($E12+M$74,$E$1) -> 3 | O82: =MOD($E12+O$65,$E$1) -> 0 | Q82: =MOD($E12+Q$74,$E$1) -> 2 | S82: =MOD(ABS(C75+8-C82), $E$1) -> 6 | T82: =MOD(ABS(E75+8-E82), $E$1) -> 6 | U82: =MOD(ABS(G75+8-G82), $E$1) -> 6 | V82: =MOD(ABS(I75+8-I82), $E$1) -> 6 | W82: =MOD(ABS(K75+8-K82), $E$1) -> 6 | X82: =MOD(ABS(M75+8-M82), $E$1) -> 6 | Y82: =MOD(ABS(O75+8-O82), $E$1) -> 6 | Z82: =MOD(ABS(Q75+8-Q82), $E$1) -> 6
A83: Peer 4 | B83: SALT PEER | C83: =C48 -> 1 | E83: =D48 -> 1 | G83: =E48 -> 6 | I83: =F48 -> 0 | K83: =G48 -> 1 | M83: =H48 -> 3 | O83: =I48 -> 2 | Q83: =J48 -> 5
B84: 1 | C84: =MOD($E5+C$83,$E$1) -> 0 | E84: =MOD($E5+E$83,$E$1) -> 0 | G84: =MOD($E5+G$83,$E$1) -> 5 | I84: =MOD($E5+I$83,$E$1) -> 7 | K84: =MOD($E5+K$83,$E$1) -> 0 | M84: =MOD($E5+M$83,$E$1) -> 2 | O84: =MOD($E5+O$83,$E$1) -> 1 | Q84: =MOD($E5+Q$83,$E$1) -> 4 | S84: =MOD(ABS(C85+8-C84),$E$1) -> 4 | T84: =MOD(ABS(E85+8-E84),$E$1) -> 4 | U84: =MOD(ABS(G85+8-G84),$E$1) -> 4 | V84: =MOD(ABS(I85+8-I84),$E$1) -> 4 | W84: =MOD(ABS(K85+8-K84),$E$1) -> 4 | X84: =MOD(ABS(M85+8-M84),$E$1) -> 4 | Y84: =MOD(ABS(O85+8-O84),$E$1) -> 4 | Z84: =MOD(ABS(Q85+8-Q84),$E$1) -> 4
B85: 2 | C85: =MOD($E6+C$83,$E$1) -> 4 | D85: 5 | E85: =MOD($E6+E$83,$E$1) -> 4 | G85: =MOD($E6+G$83,$E$1) -> 1 | I85: =MOD($E6+I$83,$E$1) -> 3 | K85: =MOD($E6+K$83,$E$1) -> 4 | M85: =MOD($E6+M$83,$E$1) -> 6 | O85: =MOD($E6+O$83,$E$1) -> 5 | Q85: =MOD($E6+Q$83,$E$1) -> 0 | S85: =MOD(ABS(C86+8-C85),$E$1) -> 3 | T85: =MOD(ABS(E86+8-E85),$E$1) -> 3 | U85: =MOD(ABS(G86+8-G85),$E$1) -> 3 | V85: =MOD(ABS(I86+8-I85),$E$1) -> 3 | W85: =MOD(ABS(K86+8-K85),$E$1) -> 3 | X85: =MOD(ABS(M86+8-M85),$E$1) -> 3 | Y85: =MOD(ABS(O86+8-O85),$E$1) -> 3 | Z85: =MOD(ABS(Q86+8-Q85),$E$1) -> 3
B86: 3 | C86: =MOD($E7+C$83,$E$1) -> 7 | E86: =MOD($E7+E$83,$E$1) -> 7 | G86: =MOD($E7+G$83,$E$1) -> 4 | I86: =MOD($E7+I$83,$E$1) -> 6 | K86: =MOD($E7+K$83,$E$1) -> 7 | M86: =MOD($E7+M$83,$E$1) -> 1 | O86: =MOD($E7+O$83,$E$1) -> 0 | Q86: =MOD($E7+Q$83,$E$1) -> 3 | S86: =MOD(ABS(C87+8-C86),$E$1) -> 4 | T86: =MOD(ABS(E87+8-E86),$E$1) -> 4 | U86: =MOD(ABS(G87+8-G86),$E$1) -> 4 | V86: =MOD(ABS(I87+8-I86),$E$1) -> 4 | W86: =MOD(ABS(K87+8-K86),$E$1) -> 4 | X86: =MOD(ABS(M87+8-M86),$E$1) -> 4 | Y86: =MOD(ABS(O87+8-O86),$E$1) -> 4 | Z86: =MOD(ABS(Q87+8-Q86),$E$1) -> 4
B87: 4 | C87: =MOD($E8+C$83,$E$1) -> 3 | D87: 4 | E87: =MOD($E8+E$83,$E$1) -> 3 | G87: =MOD($E8+G$83,$E$1) -> 0 | I87: =MOD($E8+I$83,$E$1) -> 2 | K87: =MOD($E8+K$83,$E$1) -> 3 | M87: =MOD($E8+M$83,$E$1) -> 5 | O87: =MOD($E8+O$83,$E$1) -> 4 | Q87: =MOD($E8+Q$83,$E$1) -> 7 | S87: =MOD(ABS(C88+8-C87),$E$1) -> 2 | T87: =MOD(ABS(E88+8-E87),$E$1) -> 2 | U87: =MOD(ABS(G88+8-G87),$E$1) -> 2 | V87: =MOD(ABS(I88+8-I87),$E$1) -> 2 | W87: =MOD(ABS(K88+8-K87),$E$1) -> 2 | X87: =MOD(ABS(M88+8-M87),$E$1) -> 2 | Y87: =MOD(ABS(O88+8-O87),$E$1) -> 2 | Z87: =MOD(ABS(Q88+8-Q87),$E$1) -> 2
B88: 5 | C88: =MOD($E9+C$83,$E$1) -> 5 | E88: =MOD($E9+E$83,$E$1) -> 5 | G88: =MOD($E9+G$83,$E$1) -> 2 | I88: =MOD($E9+I$83,$E$1) -> 4 | K88: =MOD($E9+K$83,$E$1) -> 5 | M88: =MOD($E9+M$83,$E$1) -> 7 | O88: =MOD($E9+O$83,$E$1) -> 6 | Q88: =MOD($E9+Q$83,$E$1) -> 1 | S88: =MOD(ABS(C89+8-C88),$E$1) -> 4 | T88: =MOD(ABS(E89+8-E88),$E$1) -> 4 | U88: =MOD(ABS(G89+8-G88),$E$1) -> 4 | V88: =MOD(ABS(I89+8-I88),$E$1) -> 4 | W88: =MOD(ABS(K89+8-K88),$E$1) -> 4 | X88: =MOD(ABS(M89+8-M88),$E$1) -> 4 | Y88: =MOD(ABS(O89+8-O88),$E$1) -> 4 | Z88: =MOD(ABS(Q89+8-Q88),$E$1) -> 4
B89: 6 | C89: =MOD($E10+C$83,$E$1) -> 1 | E89: =MOD($E10+E$83,$E$1) -> 1 | G89: =MOD($E10+G$83,$E$1) -> 6 | I89: =MOD($E10+I$83,$E$1) -> 0 | K89: =MOD($E10+K$83,$E$1) -> 1 | M89: =MOD($E10+M$83,$E$1) -> 3 | O89: =MOD($E10+O$83,$E$1) -> 2 | Q89: =MOD($E10+Q$83,$E$1) -> 5 | S89: =MOD(ABS(C90+8-C89),$E$1) -> 5 | T89: =MOD(ABS(E90+8-E89),$E$1) -> 5 | U89: =MOD(ABS(G90+8-G89),$E$1) -> 5 | V89: =MOD(ABS(I90+8-I89),$E$1) -> 5 | W89: =MOD(ABS(K90+8-K89),$E$1) -> 5 | X89: =MOD(ABS(M90+8-M89),$E$1) -> 5 | Y89: =MOD(ABS(O90+8-O89),$E$1) -> 5 | Z89: =MOD(ABS(Q90+8-Q89),$E$1) -> 5
B90: 7 | C90: =MOD($E11+C$83,$E$1) -> 6 | E90: =MOD($E11+E$83,$E$1) -> 6 | G90: =MOD($E11+G$83,$E$1) -> 3 | I90: =MOD($E11+I$83,$E$1) -> 5 | K90: =MOD($E11+K$83,$E$1) -> 6 | M90: =MOD($E11+M$83,$E$1) -> 0 | O90: =MOD($E11+O$83,$E$1) -> 7 | Q90: =MOD($E11+Q$83,$E$1) -> 2 | S90: =MOD(ABS(C91+8-C90),$E$1) -> 4 | T90: =MOD(ABS(E91+8-E90),$E$1) -> 4 | U90: =MOD(ABS(G91+8-G90),$E$1) -> 4 | V90: =MOD(ABS(I91+8-I90),$E$1) -> 4 | W90: =MOD(ABS(K91+8-K90),$E$1) -> 4 | X90: =MOD(ABS(M91+8-M90),$E$1) -> 4 | Y90: =MOD(ABS(O91+8-O90),$E$1) -> 4 | Z90: =MOD(ABS(Q91+8-Q90),$E$1) -> 4
B91: 8 | C91: =MOD($E12+C$83,$E$1) -> 2 | E91: =MOD($E12+E$83,$E$1) -> 2 | G91: =MOD($E12+G$83,$E$1) -> 7 | I91: =MOD($E12+I$83,$E$1) -> 1 | K91: =MOD($E12+K$83,$E$1) -> 2 | M91: =MOD($E12+M$83,$E$1) -> 4 | O91: =MOD($E12+O$83,$E$1) -> 3 | Q91: =MOD($E12+Q$83,$E$1) -> 6 | S91: =MOD(ABS(C84+8-C91), $E$1) -> 6 | T91: =MOD(ABS(E84+8-E91), $E$1) -> 6 | U91: =MOD(ABS(G84+8-G91), $E$1) -> 6 | V91: =MOD(ABS(I84+8-I91), $E$1) -> 6 | W91: =MOD(ABS(K84+8-K91), $E$1) -> 6 | X91: =MOD(ABS(M84+8-M91), $E$1) -> 6 | Y91: =MOD(ABS(O84+8-O91), $E$1) -> 6 | Z91: =MOD(ABS(Q84+8-Q91), $E$1) -> 6
A92: Peer 5 | B92: SALT PEER | C92: =C49 -> 0 | E92: =D49 -> 2 | G92: =E49 -> 7 | I92: =F49 -> 6 | K92: =G49 -> 6 | M92: =H49 -> 4 | O92: =I49 -> 5 | Q92: =J49 -> 3
B93: 1 | C93: =MOD($E5+C$92,$E$1) -> 7 | E93: =MOD($E5+E$92,$E$1) -> 1 | G93: =MOD($E5+G$92,$E$1) -> 6 | I93: =MOD($E5+I$92,$E$1) -> 5 | K93: =MOD($E5+K$92,$E$1) -> 5 | M93: =MOD($E5+M$65,$E$1) -> 0 | O93: =MOD($E5+O$92,$E$1) -> 4 | Q93: =MOD($E5+Q$92,$E$1) -> 2 | S93: =MOD(ABS(C94+8-C93),$E$1) -> 4 | T93: =MOD(ABS(E94+8-E93),$E$1) -> 4 | U93: =MOD(ABS(G94+8-G93),$E$1) -> 4 | V93: =MOD(ABS(I94+8-I93),$E$1) -> 4 | W93: =MOD(ABS(K94+8-K93),$E$1) -> 4 | X93: =MOD(ABS(M94+8-M93),$E$1) -> 4 | Y93: =MOD(ABS(O94+8-O93),$E$1) -> 4 | Z93: =MOD(ABS(Q94+8-Q93),$E$1) -> 4
B94: 2 | C94: =MOD($E6+C$92,$E$1) -> 3 | E94: =MOD($E6+E$92,$E$1) -> 5 | G94: =MOD($E6+G$92,$E$1) -> 2 | I94: =MOD($E6+I$92,$E$1) -> 1 | K94: =MOD($E6+K$92,$E$1) -> 1 | M94: =MOD($E6+M$65,$E$1) -> 4 | O94: =MOD($E6+O$92,$E$1) -> 0 | Q94: =MOD($E6+Q$92,$E$1) -> 6 | S94: =MOD(ABS(C95+8-C94),$E$1) -> 3 | T94: =MOD(ABS(E95+8-E94),$E$1) -> 3 | U94: =MOD(ABS(G95+8-G94),$E$1) -> 3 | V94: =MOD(ABS(I95+8-I94),$E$1) -> 3 | W94: =MOD(ABS(K95+8-K94),$E$1) -> 3 | X94: =MOD(ABS(M95+8-M94),$E$1) -> 3 | Y94: =MOD(ABS(O95+8-O94),$E$1) -> 3 | Z94: =MOD(ABS(Q95+8-Q94),$E$1) -> 3
B95: 3 | C95: =MOD($E7+C$92,$E$1) -> 6 | E95: =MOD($E7+E$92,$E$1) -> 0 | G95: =MOD($E7+G$92,$E$1) -> 5 | I95: =MOD($E7+I$92,$E$1) -> 4 | K95: =MOD($E7+K$92,$E$1) -> 4 | M95: =MOD($E7+M$65,$E$1) -> 7 | O95: =MOD($E7+O$92,$E$1) -> 3 | Q95: =MOD($E7+Q$92,$E$1) -> 1 | S95: =MOD(ABS(C96+8-C95),$E$1) -> 4 | T95: =MOD(ABS(E96+8-E95),$E$1) -> 4 | U95: =MOD(ABS(G96+8-G95),$E$1) -> 4 | V95: =MOD(ABS(I96+8-I95),$E$1) -> 4 | W95: =MOD(ABS(K96+8-K95),$E$1) -> 4 | X95: =MOD(ABS(M96+8-M95),$E$1) -> 4 | Y95: =MOD(ABS(O96+8-O95),$E$1) -> 4 | Z95: =MOD(ABS(Q96+8-Q95),$E$1) -> 4
B96: 4 | C96: =MOD($E8+C$92,$E$1) -> 2 | E96: =MOD($E8+E$92,$E$1) -> 4 | G96: =MOD($E8+G$92,$E$1) -> 1 | I96: =MOD($E8+I$92,$E$1) -> 0 | K96: =MOD($E8+K$92,$E$1) -> 0 | M96: =MOD($E8+M$65,$E$1) -> 3 | O96: =MOD($E8+O$92,$E$1) -> 7 | Q96: =MOD($E8+Q$92,$E$1) -> 5 | S96: =MOD(ABS(C97+8-C96),$E$1) -> 2 | T96: =MOD(ABS(E97+8-E96),$E$1) -> 2 | U96: =MOD(ABS(G97+8-G96),$E$1) -> 2 | V96: =MOD(ABS(I97+8-I96),$E$1) -> 2 | W96: =MOD(ABS(K97+8-K96),$E$1) -> 2 | X96: =MOD(ABS(M97+8-M96),$E$1) -> 2 | Y96: =MOD(ABS(O97+8-O96),$E$1) -> 2 | Z96: =MOD(ABS(Q97+8-Q96),$E$1) -> 2
B97: 5 | C97: =MOD($E9+C$92,$E$1) -> 4 | D97: 6 | E97: =MOD($E9+E$92,$E$1) -> 6 | G97: =MOD($E9+G$92,$E$1) -> 3 | I97: =MOD($E9+I$92,$E$1) -> 2 | K97: =MOD($E9+K$92,$E$1) -> 2 | M97: =MOD($E9+M$65,$E$1) -> 5 | O97: =MOD($E9+O$92,$E$1) -> 1 | Q97: =MOD($E9+Q$92,$E$1) -> 7 | S97: =MOD(ABS(C98+8-C97),$E$1) -> 4 | T97: =MOD(ABS(E98+8-E97),$E$1) -> 4 | U97: =MOD(ABS(G98+8-G97),$E$1) -> 4 | V97: =MOD(ABS(I98+8-I97),$E$1) -> 4 | W97: =MOD(ABS(K98+8-K97),$E$1) -> 4 | X97: =MOD(ABS(M98+8-M97),$E$1) -> 4 | Y97: =MOD(ABS(O98+8-O97),$E$1) -> 4 | Z97: =MOD(ABS(Q98+8-Q97),$E$1) -> 4
B98: 6 | C98: =MOD($E10+C$92,$E$1) -> 0 | E98: =MOD($E10+E$92,$E$1) -> 2 | G98: =MOD($E10+G$92,$E$1) -> 7 | I98: =MOD($E10+I$92,$E$1) -> 6 | K98: =MOD($E10+K$92,$E$1) -> 6 | M98: =MOD($E10+M$65,$E$1) -> 1 | O98: =MOD($E10+O$92,$E$1) -> 5 | Q98: =MOD($E10+Q$92,$E$1) -> 3 | S98: =MOD(ABS(C99+8-C98),$E$1) -> 5 | T98: =MOD(ABS(E99+8-E98),$E$1) -> 5 | U98: =MOD(ABS(G99+8-G98),$E$1) -> 5 | V98: =MOD(ABS(I99+8-I98),$E$1) -> 5 | W98: =MOD(ABS(K99+8-K98),$E$1) -> 5 | X98: =MOD(ABS(M99+8-M98),$E$1) -> 5 | Y98: =MOD(ABS(O99+8-O98),$E$1) -> 5 | Z98: =MOD(ABS(Q99+8-Q98),$E$1) -> 5
B99: 7 | C99: =MOD($E11+C$92,$E$1) -> 5 | D99: 7 | E99: =MOD($E11+E$92,$E$1) -> 7 | G99: =MOD($E11+G$92,$E$1) -> 4 | I99: =MOD($E11+I$92,$E$1) -> 3 | K99: =MOD($E11+K$92,$E$1) -> 3 | M99: =MOD($E11+M$65,$E$1) -> 6 | O99: =MOD($E11+O$92,$E$1) -> 2 | Q99: =MOD($E11+Q$92,$E$1) -> 0 | S99: =MOD(ABS(C100+8-C99),$E$1) -> 4 | T99: =MOD(ABS(E100+8-E99),$E$1) -> 4 | U99: =MOD(ABS(G100+8-G99),$E$1) -> 4 | V99: =MOD(ABS(I100+8-I99),$E$1) -> 4 | W99: =MOD(ABS(K100+8-K99),$E$1) -> 4 | X99: =MOD(ABS(M100+8-M99),$E$1) -> 4 | Y99: =MOD(ABS(O100+8-O99),$E$1) -> 4 | Z99: =MOD(ABS(Q100+8-Q99),$E$1) -> 4
B100: 8 | C100: =MOD($E12+C$92,$E$1) -> 1 | E100: =MOD($E12+E$92,$E$1) -> 3 | G100: =MOD($E12+G$92,$E$1) -> 0 | I100: =MOD($E12+I$92,$E$1) -> 7 | K100: =MOD($E12+K$92,$E$1) -> 7 | M100: =MOD($E12+M$65,$E$1) -> 2 | O100: =MOD($E12+O$92,$E$1) -> 6 | Q100: =MOD($E12+Q$92,$E$1) -> 4 | S100: =MOD(ABS(C93+8-C100), $E$1) -> 6 | T100: =MOD(ABS(E93+8-E100), $E$1) -> 6 | U100: =MOD(ABS(G93+8-G100), $E$1) -> 6 | V100: =MOD(ABS(I93+8-I100), $E$1) -> 6 | W100: =MOD(ABS(K93+8-K100), $E$1) -> 6 | X100: =MOD(ABS(M93+8-M100), $E$1) -> 6 | Y100: =MOD(ABS(O93+8-O100), $E$1) -> 6 | Z100: =MOD(ABS(Q93+8-Q100), $E$1) -> 6
A102: Peer 6 | B102: SALT PEER | C102: =C50 -> 3 | E102: =D50 -> 6 | G102: =E50 -> 4 | I102: =F50 -> 2 | K102: =G50 -> 5 | M102: =H50 -> 5 | O102: =I50 -> 0 | Q102: =J50 -> 4
B103: 1 | C103: =MOD($E5+C$102,$E$1) -> 2 | E103: =MOD($E5+E$102,$E$1) -> 5 | G103: =MOD($E5+G$102,$E$1) -> 3 | I103: =MOD($E5+I$102,$E$1) -> 1 | K103: =MOD($E5+K$102,$E$1) -> 4 | M103: =MOD($E5+M$102,$E$1) -> 4 | O103: =MOD($E5+O$102,$E$1) -> 7 | Q103: =MOD($E5+Q$102,$E$1) -> 3
B104: 2 | C104: =MOD($E6+C$102,$E$1) -> 6 | E104: =MOD($E6+E$102,$E$1) -> 1 | G104: =MOD($E6+G$102,$E$1) -> 7 | I104: =MOD($E6+I$102,$E$1) -> 5 | K104: =MOD($E6+K$102,$E$1) -> 0 | M104: =MOD($E6+M$102,$E$1) -> 0 | O104: =MOD($E6+O$102,$E$1) -> 3 | Q104: =MOD($E6+Q$102,$E$1) -> 7
B105: 3 | C105: =MOD($E7+C$102,$E$1) -> 1 | E105: =MOD($E7+E$102,$E$1) -> 4 | G105: =MOD($E7+G$102,$E$1) -> 2 | I105: =MOD($E7+I$102,$E$1) -> 0 | K105: =MOD($E7+K$102,$E$1) -> 3 | M105: =MOD($E7+M$102,$E$1) -> 3 | O105: =MOD($E7+O$102,$E$1) -> 6 | Q105: =MOD($E7+Q$102,$E$1) -> 2
B106: 4 | C106: =MOD($E8+C$102,$E$1) -> 5 | E106: =MOD($E8+E$102,$E$1) -> 0 | G106: =MOD($E8+G$102,$E$1) -> 6 | I106: =MOD($E8+I$102,$E$1) -> 4 | K106: =MOD($E8+K$102,$E$1) -> 7 | M106: =MOD($E8+M$102,$E$1) -> 7 | O106: =MOD($E8+O$102,$E$1) -> 2 | Q106: =MOD($E8+Q$102,$E$1) -> 6
...

Sheet 5-2. Peer 경로(8개-ctr)  
A1: 1. Space | E1: 16
A2: Peer | E2: 5
A3: 2. Peer 기본 정보
C4: ADDR | D4: crc32 | E4: HEX To INT | I4: 동작시간 | K4: UTC to INT | L4: SALT
B5: PEER 1 | C5: x.x.x.10 | D5: 3a206a07 | E5: =HEX2DEC(D5) -> 975202823 | F5: =MOD(E5,$E$1) -> 7 | H5: PEER 1 | I5: 15 Sep 2023 08:48:33 GMT | K5: 1694767713 | L5: =MOD(K5,$E$1) -> 1
B6: PEER 2 | C6: x.x.x.11 | D6: 8d3dab03 | E6: =HEX2DEC(D6) -> 2369628931 | F6: =MOD(E6,$E$1) -> 3 | H6: PEER 2 | I6: 18 Sep 2023 08:56:44 GMT | K6: 1695027404 | L6: =MOD(K6,$E$1) -> 12
B7: PEER 3 | C7: x.x.x.12 | D7: 541be80e | E7: =HEX2DEC(D7) -> 1411115022 | F7: =MOD(E7,$E$1) -> 14 | H7: PEER 3 | I7: 18 Sep 2023 08:56:47 GMT | K7: 1695027407 | L7: =MOD(K7,$E$1) -> 15
B8: PEER 4 | C8: x.x.x.13 | D8: e306290a | E8: =HEX2DEC(D8) -> 3808831754 | F8: =MOD(E8,$E$1) -> 10 | H8: PEER 4 | I8: 18 Sep 2023 08:50:46 GMT | K8: 1695027046 | L8: =MOD(K8,$E$1) -> 6
B9: PEER 5 | C9: x.x.x.14 | D9: e6566e14 | E9: =HEX2DEC(D9) -> 3864423956 | F9: =MOD(E9,$E$1) -> 4 | H9: PEER 5 | I9: 17 Sep 2023 13:20:42 GMT | K9: 1694956842 | L9: =MOD(K9,$E$1) -> 10
B10: PEER 6 | C10: x.x.x.15 | D10: 514baf10 | E10: =HEX2DEC(D10) -> 1363914512 | F10: =MOD(E10,$E$1) -> 0 | H10: PEER 6 | I10: 16 Sep 2023 13:20:35 GMT | K10: 1694870435 | L10: =MOD(K10,$E$1) -> 3
B11: PEER 7 | C11: x.x.x.16 | D11: 886dec1d | E11: =HEX2DEC(D11) -> 2288905245 | F11: =MOD(E11,$E$1) -> 13 | H11: PEER 7 | I11: 16 Sep 2023 12:19:36 GMT | K11: 1694866776 | L11: =MOD(K11,$E$1) -> 8
B12: PEER 8 | C12: x.x.x.17 | D12: 3f702d19 | E12: =HEX2DEC(D12) -> 1064316185 | F12: =MOD(E12,$E$1) -> 9 | H12: PEER 8 | I12: 15 Sep 2023 12:19:41 GMT | K12: 1694780381 | L12: =MOD(K12,$E$1) -> 13
C14: 리소스 | D14: crc32 | E14: HEX To INT | H14: 1회 | I14: 15 Sep 2023 08:48:33 GMT | K14: 1694767713 | L14: =MOD(K14,$E$1) -> 1
B15: PEER 1 | C15: Data-Text | D15: eed9ae79 | E15: =HEX2DEC(D15) -> 4007243385 | F15: =MOD(E15,$E$1) -> 9 | H15: 2회 | I15: 15 Sep 2023 12:19:41 GMT | K15: 1694780381 | L15: =MOD(K15,$E$1) -> 13
B16: PEER 2 | C16: AI-LLM | D16: 2c397047 | E16: =HEX2DEC(D16) -> 741961799 | F16: =MOD(E16,$E$1) -> 7 | H16: 3회 | I16: 16 Sep 2023 12:19:36 GMT | K16: 1694866776 | L16: =MOD(K16,$E$1) -> 8
B17: PEER 3 | C17: Infra-Memory | D17: 7c98c82d | E17: =HEX2DEC(D17) -> 2090387501 | F17: =MOD(E17,$E$1) -> 13 | H17: 4회 | I17: 16 Sep 2023 13:20:35 GMT | K17: 1694870435 | L17: =MOD(K17,$E$1) -> 3
B18: PEER 4 | C18: Data-Picture | D18: b34da9ae | E18: =HEX2DEC(D18) -> 3008211374 | F18: =MOD(E18,$E$1) -> 14 | H18: 5회 | I18: 17 Sep 2023 13:20:42 GMT | K18: 1694956842 | L18: =MOD(K18,$E$1) -> 10
B19: PEER 5 | C19: AI-GAN | D19: 632dea5b | E19: =HEX2DEC(D19) -> 1663953499 | F19: =MOD(E19,$E$1) -> 11 | H19: 6회 | I19: 18 Sep 2023 08:56:44 GMT | K19: 1695027404 | L19: =MOD(K19,$E$1) -> 12
B20: PEER 6 | C20: Infra-STORAGE | D20: 8eaffaaa | E20: =HEX2DEC(D20) -> 2393897642 | F20: =MOD(E20,$E$1) -> 10 | H20: 7회 | I20: 18 Sep 2023 08:56:47 GMT | K20: 1695027407 | L20: =MOD(K20,$E$1) -> 15
B21: PEER 7 | C21: AI-DNN | D21: c2e504e4 | E21: =HEX2DEC(D21) -> 3269788900 | F21: =MOD(E21,$E$1) -> 4 | H21: 8회 | I21: 18 Sep 2023 08:50:46 GMT | K21: 1695027046 | L21: =MOD(K21,$E$1) -> 6
B22: PEER 8 | C22: Data-Doc | D22: f5f174c0 | E22: =HEX2DEC(D22) -> 4126241984 | F22: =MOD(E22,$E$1) -> 0
B24: 3 동작 시간 (https://www.epochconverter.com/)
C25: 동작시간 | E25: UTC to INT | F25: SALT | H25: 각기 다른 동작 시간으로 인해 Salt 값이 다를때
B26: 1회 | C26: 15 Sep 2023 08:48:33 GMT | E26: 1694767713 | F26: =MOD(E26,$E$1) -> 1
B27: 2회 | C27: 15 Sep 2023 12:19:41 GMT | E27: 1694780381 | F27: =MOD(E27,$E$1) -> 13
B28: 3회 | C28: 16 Sep 2023 12:19:36 GMT | E28: 1694866776 | F28: =MOD(E28,$E$1) -> 8
B29: 4회 | C29: 16 Sep 2023 13:20:35 GMT | E29: 1694870435 | F29: =MOD(E29,$E$1) -> 3 | I29: =RANDBETWEEN(0,7) -> 6
B30: 5회 | C30: 17 Sep 2023 13:20:42 GMT | E30: 1694956842 | F30: =MOD(E30,$E$1) -> 10
B31: 6회 | C31: 18 Sep 2023 08:56:44 GMT | E31: 1695027404 | F31: =MOD(E31,$E$1) -> 12
B32: 7회 | C32: 18 Sep 2023 08:56:47 GMT | E32: 1695027407 | F32: =MOD(E32,$E$1) -> 15
B33: 8회 | C33: 18 Sep 2023 08:50:46 GMT | E33: 1695027046 | F33: =MOD(E33,$E$1) -> 6
C34: SALT 1회 | D34: SALT 2회 | E34: SALT 3회 | F34: SALT 4회 | G34: SALT 5회 | H34: SALT 6회 | I34: SALT 7회 | J34: SALT 8회
A35: 1 | B35: PEER 1 | C35: =RANDBETWEEN(0,7) -> 4 | D35: =RANDBETWEEN(0,7) -> 4 | E35: =RANDBETWEEN(0,7) -> 3 | F35: =RANDBETWEEN(0,7) -> 0 | G35: =RANDBETWEEN(0,7) -> 6 | H35: =RANDBETWEEN(0,7) -> 5 | I35: =RANDBETWEEN(0,7) -> 1 | J35: =RANDBETWEEN(0,7) -> 6
B36: PEER 2 | C36: =RANDBETWEEN(0,7) -> 0 | D36: =RANDBETWEEN(0,7) -> 1 | E36: =RANDBETWEEN(0,7) -> 7 | F36: =RANDBETWEEN(0,7) -> 5 | G36: =RANDBETWEEN(0,7) -> 4 | H36: =RANDBETWEEN(0,7) -> 4 | I36: =RANDBETWEEN(0,7) -> 0 | J36: =RANDBETWEEN(0,7) -> 4
B37: PEER 3 | C37: =RANDBETWEEN(0,7) -> 5 | D37: =RANDBETWEEN(0,7) -> 4 | E37: =RANDBETWEEN(0,7) -> 3 | F37: =RANDBETWEEN(0,7) -> 6 | G37: =RANDBETWEEN(0,7) -> 7 | H37: =RANDBETWEEN(0,7) -> 5 | I37: =RANDBETWEEN(0,7) -> 6 | J37: =RANDBETWEEN(0,7) -> 1
B38: PEER 4 | C38: =RANDBETWEEN(0,7) -> 1 | D38: =RANDBETWEEN(0,7) -> 4 | E38: =RANDBETWEEN(0,7) -> 3 | F38: =RANDBETWEEN(0,7) -> 2 | G38: =RANDBETWEEN(0,7) -> 1 | H38: =RANDBETWEEN(0,7) -> 1 | I38: =RANDBETWEEN(0,7) -> 6 | J38: =RANDBETWEEN(0,7) -> 4
B39: PEER 5 | C39: =RANDBETWEEN(0,7) -> 2 | D39: =RANDBETWEEN(0,7) -> 5 | E39: =RANDBETWEEN(0,7) -> 4 | F39: =RANDBETWEEN(0,7) -> 5 | G39: =RANDBETWEEN(0,7) -> 5 | H39: =RANDBETWEEN(0,7) -> 0 | I39: =RANDBETWEEN(0,7) -> 0 | J39: =RANDBETWEEN(0,7) -> 3
B40: PEER 6 | C40: =RANDBETWEEN(0,7) -> 3 | D40: =RANDBETWEEN(0,7) -> 4 | E40: =RANDBETWEEN(0,7) -> 2 | F40: =RANDBETWEEN(0,7) -> 5 | G40: =RANDBETWEEN(0,7) -> 4 | H40: =RANDBETWEEN(0,7) -> 5 | I40: =RANDBETWEEN(0,7) -> 1 | J40: =RANDBETWEEN(0,7) -> 5
B41: PEER 7 | C41: =RANDBETWEEN(0,7) -> 0 | D41: =RANDBETWEEN(0,7) -> 6 | E41: =RANDBETWEEN(0,7) -> 1 | F41: =RANDBETWEEN(0,7) -> 1 | G41: =RANDBETWEEN(0,7) -> 4 | H41: =RANDBETWEEN(0,7) -> 1 | I41: =RANDBETWEEN(0,7) -> 7 | J41: =RANDBETWEEN(0,7) -> 6
B42: PEER 8 | C42: =RANDBETWEEN(0,7) -> 1 | D42: =RANDBETWEEN(0,7) -> 2 | E42: =RANDBETWEEN(0,7) -> 3 | F42: =RANDBETWEEN(0,7) -> 5 | G42: =RANDBETWEEN(0,7) -> 3 | H42: =RANDBETWEEN(0,7) -> 3 | I42: =RANDBETWEEN(0,7) -> 4 | J42: =RANDBETWEEN(0,7) -> 5
D49: 1회 space | E49: 사용 | F49: 2회 s+D55:S100pace | K49: 3회 space | P49: 4회 space | U49: 5회 space | Z49: 6회 space | AB49: 7회 space | AD49: 8회 space
A50: 1 | B50: SALT PEER | C50: CTR Count | D50: =L5 -> 1 | F50: =D50 -> 1 | G50: CTR Count | H50: 계산 | K50: =F50 -> 1 | L50: CTR Count | M50: 계산 | P50: =K50 -> 1 | Q50: CTR Count | R50: 계산 | U50: =K50 -> 1 | V50: CTR Count | W50: 계산 | Z50: =U50 -> 1 | AB50: =Z50 -> 1 | AD50: =AB50 -> 1
B51: 1 | C51: 0 | D51: =MOD($E5+D$50,$E$1) -> 8 | E51: 1 | F51: =MOD($E5+F$50,$E$1) -> 8 | G51: =IF(E51=MIN(E$51:E$58),1,0) -> 1 | H51: =IF(COUNT(E51)=1,IF(E51=MIN(E$51:E$58),G51*$E$2,0),0) -> 5 | I51: =MOD(F51+H51,$E$1) -> 13 | J51: 1 | K51: =MOD($E5+K$50,$E$1) -> 8 | L51: =IF(J51=MIN(J$51:J$58),G51+1,G51) -> 2 | M51: =IF(COUNT(J51)=1,IF(J51=MIN(J$51:J$58),L51*$E$2,0),0) -> 10 | N51: =MOD(K51+M51,$E$1) -> 2 | P51: =MOD($E5+P$50,$E$1) -> 8 | Q51: =IF(O51=MIN(O$51:O$58),L51+1,L51) -> 3 | R51: =IF(COUNT(O51)=1,IF(O51=MIN(O$51:O$58),Q51*$E$2,0),0) -> 0 | S51: =MOD(P51+R51,$E$1) -> 8 | U51: =MOD($E5+U$50,$E$1) -> 8 | V51: =IF(T51=MIN(T$51:T$58),Q51+1,Q51) -> 4 | W51: =IF(COUNT(T51)=1,IF(T51=MIN(T$51:T$58),V51*$E$2,0),0) -> 0 | X51: =MOD(U51+W51,$E$1) -> 8 | Z51: =MOD($E5+Z$50,$E$1) -> 8 | AB51: =MOD($E5+AB$50,$E$1) -> 8 | AD51: =MOD($E5+AD$50,$E$1) -> 8 | AE51: =MOD(ABS(AB52+8-AB51),$E$1) -> 4 | AF51: =MOD(ABS(AD52+8-AD51),$E$1) -> 4
B52: 2 | C52: =IF(B52=MIN(B$51:B$58),1,0) -> 0 | D52: =MOD($E6+D$50,$E$1) -> 4 | F52: =MOD($E6+F$50,$E$1) -> 4 | G52: =IF(E52=MIN(E$51:E$58),1,0) -> 0 | H52: =IF(COUNT(E52)=1,IF(E52=MIN(E$51:E$58),G52*$E$2,0),0) -> 0 | I52: =MOD(F52+H52,$E$1) -> 4 | K52: =MOD($E6+K$50,$E$1) -> 4 | L52: =IF(J52=MIN(J$51:J$58),G52+1,G52) -> 0 | M52: =IF(COUNT(J52)=1,IF(J52=MIN(J$51:J$58),L52*$E$2,0),0) -> 0 | N52: =MOD(K52+M52,$E$1) -> 4 | P52: =MOD($E6+P$50,$E$1) -> 4 | Q52: =IF(O52=MIN(O$51:O$58),L52+1,L52) -> 1 | R52: =IF(COUNT(O52)=1,IF(O52=MIN(O$51:O$58),Q52*$E$2,0),0) -> 0 | S52: =MOD(P52+R52,$E$1) -> 4 | U52: =MOD($E6+U$50,$E$1) -> 4 | V52: =IF(T52=MIN(T$51:T$58),Q52+1,Q52) -> 2 | W52: =IF(COUNT(T52)=1,IF(T52=MIN(T$51:T$58),V52*$E$2,0),0) -> 0 | X52: =MOD(U52+W52,$E$1) -> 4 | Z52: =MOD($E6+Z$50,$E$1) -> 4 | AB52: =MOD($E6+AB$50,$E$1) -> 4 | AD52: =MOD($E6+AD$50,$E$1) -> 4 | AE52: =MOD(ABS(AB53+8-AB52),$E$1) -> 3 | AF52: =MOD(ABS(AD53+8-AD52),$E$1) -> 3
B53: 3 | C53: =IF(B53=MIN(B$51:B$58),1,0) -> 0 | D53: =MOD($E7+D$50,$E$1) -> 15 | F53: =MOD($E7+F$50,$E$1) -> 15 | G53: =IF(E53=MIN(E$51:E$58),1,0) -> 0 | H53: =IF(COUNT(E53)=1,IF(E53=MIN(E$51:E$58),G53*$E$2,0),0) -> 0 | I53: =MOD(F53+H53,$E$1) -> 15 | J53: 2 | K53: =MOD($E7+K$50,$E$1) -> 15 | L53: =IF(J53=MIN(J$51:J$58),G53+1,G53) -> 0 | M53: =IF(COUNT(J53)=1,IF(J53=MIN(J$51:J$58),L53*$E$2,0),0) -> 0 | N53: =MOD(K53+M53,$E$1) -> 15 | P53: =MOD($E7+P$50,$E$1) -> 15 | Q53: =IF(O53=MIN(O$51:O$58),L53+1,L53) -> 1 | R53: =IF(COUNT(O53)=1,IF(O53=MIN(O$51:O$58),Q53*$E$2,0),0) -> 0 | S53: =MOD(P53+R53,$E$1) -> 15 | U53: =MOD($E7+U$50,$E$1) -> 15 | V53: =IF(T53=MIN(T$51:T$58),Q53+1,Q53) -> 2 | W53: =IF(COUNT(T53)=1,IF(T53=MIN(T$51:T$58),V53*$E$2,0),0) -> 0 | X53: =MOD(U53+W53,$E$1) -> 15 | Z53: =MOD($E7+Z$50,$E$1) -> 15 | AB53: =MOD($E7+AB$50,$E$1) -> 15 | AD53: =MOD($E7+AD$50,$E$1) -> 15 | AE53: =MOD(ABS(AB54+8-AB53),$E$1) -> 4 | AF53: =MOD(ABS(AD54+8-AD53),$E$1) -> 4
B54: 4 | C54: =IF(B54=MIN(B$51:B$58),1,0) -> 0 | D54: =MOD($E8+D$50,$E$1) -> 11 | F54: =MOD($E8+F$50,$E$1) -> 11 | G54: =IF(E54=MIN(E$51:E$58),1,0) -> 0 | H54: =IF(COUNT(E54)=1,IF(E54=MIN(E$51:E$58),G54*$E$2,0),0) -> 0 | I54: =MOD(F54+H54,$E$1) -> 11 | K54: =MOD($E8+K$50,$E$1) -> 11 | L54: =IF(J54=MIN(J$51:J$58),G54+1,G54) -> 0 | M54: =IF(COUNT(J54)=1,IF(J54=MIN(J$51:J$58),L54*$E$2,0),0) -> 0 | N54: =MOD(K54+M54,$E$1) -> 11 | P54: =MOD($E8+P$50,$E$1) -> 11 | Q54: =IF(O54=MIN(O$51:O$58),L54+1,L54) -> 1 | R54: =IF(COUNT(O54)=1,IF(O54=MIN(O$51:O$58),Q54*$E$2,0),0) -> 0 | S54: =MOD(P54+R54,$E$1) -> 11 | U54: =MOD($E8+U$50,$E$1) -> 11 | V54: =IF(T54=MIN(T$51:T$58),Q54+1,Q54) -> 2 | W54: =IF(COUNT(T54)=1,IF(T54=MIN(T$51:T$58),V54*$E$2,0),0) -> 0 | X54: =MOD(U54+W54,$E$1) -> 11 | Z54: =MOD($E8+Z$50,$E$1) -> 11 | AB54: =MOD($E8+AB$50,$E$1) -> 11 | AD54: =MOD($E8+AD$50,$E$1) -> 11 | AE54: =MOD(ABS(AB55+8-AB54),$E$1) -> 2 | AF54: =MOD(ABS(AD55+8-AD54),$E$1) -> 2
B55: 5 | C55: =IF(B55=MIN(B$51:B$58),1,0) -> 0 | D55: =MOD($E9+D$50,$E$1) -> 5 | F55: =MOD($E9+F$50,$E$1) -> 5 | G55: =IF(E55=MIN(E$51:E$58),1,0) -> 0 | H55: =IF(COUNT(E55)=1,IF(E55=MIN(E$51:E$58),G55*$E$2,0),0) -> 0 | I55: =MOD(F55+H55,$E$1) -> 5 | K55: =MOD($E9+K$50,$E$1) -> 5 | L55: =IF(J55=MIN(J$51:J$58),G55+1,G55) -> 0 | M55: =IF(COUNT(J55)=1,IF(J55=MIN(J$51:J$58),L55*$E$2,0),0) -> 0 | N55: =MOD(K55+M55,$E$1) -> 5 | P55: =MOD($E9+P$50,$E$1) -> 5 | Q55: =IF(O55=MIN(O$51:O$58),L55+1,L55) -> 1 | R55: =IF(COUNT(O55)=1,IF(O55=MIN(O$51:O$58),Q55*$E$2,0),0) -> 0 | S55: =MOD(P55+R55,$E$1) -> 5 | U55: =MOD($E9+U$50,$E$1) -> 5 | V55: =IF(T55=MIN(T$51:T$58),Q55+1,Q55) -> 2 | W55: =IF(COUNT(T55)=1,IF(T55=MIN(T$51:T$58),V55*$E$2,0),0) -> 0 | X55: =MOD(U55+W55,$E$1) -> 5 | Z55: =MOD($E9+Z$50,$E$1) -> 5 | AB55: =MOD($E9+AB$50,$E$1) -> 5 | AD55: =MOD($E9+AD$50,$E$1) -> 5 | AE55: =MOD(ABS(AB56+8-AB55),$E$1) -> 4 | AF55: =MOD(ABS(AD56+8-AD55),$E$1) -> 4
B56: 6 | C56: =IF(B56=MIN(B$51:B$58),1,0) -> 0 | D56: =MOD($E10+D$50,$E$1) -> 1 | F56: =MOD($E10+F$50,$E$1) -> 1 | G56: =IF(E56=MIN(E$51:E$58),1,0) -> 0 | H56: =IF(COUNT(E56)=1,IF(E56=MIN(E$51:E$58),G56*$E$2,0),0) -> 0 | I56: =MOD(F56+H56,$E$1) -> 1 | K56: =MOD($E10+K$50,$E$1) -> 1 | L56: =IF(J56=MIN(J$51:J$58),G56+1,G56) -> 0 | M56: =IF(COUNT(J56)=1,IF(J56=MIN(J$51:J$58),L56*$E$2,0),0) -> 0 | N56: =MOD(K56+M56,$E$1) -> 1 | P56: =MOD($E10+P$50,$E$1) -> 1 | Q56: =IF(O56=MIN(O$51:O$58),L56+1,L56) -> 1 | R56: =IF(COUNT(O56)=1,IF(O56=MIN(O$51:O$58),Q56*$E$2,0),0) -> 0 | S56: =MOD(P56+R56,$E$1) -> 1 | U56: =MOD($E10+U$50,$E$1) -> 1 | V56: =IF(T56=MIN(T$51:T$58),Q56+1,Q56) -> 2 | W56: =IF(COUNT(T56)=1,IF(T56=MIN(T$51:T$58),V56*$E$2,0),0) -> 0 | X56: =MOD(U56+W56,$E$1) -> 1 | Z56: =MOD($E10+Z$50,$E$1) -> 1 | AB56: =MOD($E10+AB$50,$E$1) -> 1 | AD56: =MOD($E10+AD$50,$E$1) -> 1 | AE56: =MOD(ABS(AB57+8-AB56),$E$1) -> 5 | AF56: =MOD(ABS(AD57+8-AD56),$E$1) -> 5
B57: 7 | C57: =IF(B57=MIN(B$51:B$58),1,0) -> 0 | D57: =MOD($E11+D$50,$E$1) -> 14 | F57: =MOD($E11+F$50,$E$1) -> 14 | G57: =IF(E57=MIN(E$51:E$58),1,0) -> 0 | H57: =IF(COUNT(E57)=1,IF(E57=MIN(E$51:E$58),G57*$E$2,0),0) -> 0 | I57: =MOD(F57+H57,$E$1) -> 14 | K57: =MOD($E11+K$50,$E$1) -> 14 | L57: =IF(J57=MIN(J$51:J$58),G57+1,G57) -> 0 | M57: =IF(COUNT(J57)=1,IF(J57=MIN(J$51:J$58),L57*$E$2,0),0) -> 0 | N57: =MOD(K57+M57,$E$1) -> 14 | P57: =MOD($E11+P$50,$E$1) -> 14 | Q57: =IF(O57=MIN(O$51:O$58),L57+1,L57) -> 1 | R57: =IF(COUNT(O57)=1,IF(O57=MIN(O$51:O$58),Q57*$E$2,0),0) -> 0 | S57: =MOD(P57+R57,$E$1) -> 14 | U57: =MOD($E11+U$50,$E$1) -> 14 | V57: =IF(T57=MIN(T$51:T$58),Q57+1,Q57) -> 2 | W57: =IF(COUNT(T57)=1,IF(T57=MIN(T$51:T$58),V57*$E$2,0),0) -> 0 | X57: =MOD(U57+W57,$E$1) -> 14 | Z57: =MOD($E11+Z$50,$E$1) -> 14 | AB57: =MOD($E11+AB$50,$E$1) -> 14 | AD57: =MOD($E11+AD$50,$E$1) -> 14 | AE57: =MOD(ABS(AB58+8-AB57),$E$1) -> 4 | AF57: =MOD(ABS(AD58+8-AD57),$E$1) -> 4
B58: 8 | C58: =IF(B58=MIN(B$51:B$58),1,0) -> 0 | D58: =MOD($E12+D$50,$E$1) -> 10 | E58: 2 | F58: =MOD($E12+F$50,$E$1) -> 10 | G58: =IF(E58=MIN(E$51:E$58),1,0) -> 0 | H58: =IF(COUNT(E58)=1,IF(E58=MIN(E$51:E$58),G58*$E$2,0),0) -> 0 | I58: =MOD(F58+H58,$E$1) -> 10 | K58: =MOD($E12+K$50,$E$1) -> 10 | L58: =IF(J58=MIN(J$51:J$58),G58+1,G58) -> 0 | M58: =IF(COUNT(J58)=1,IF(J58=MIN(J$51:J$58),L58*$E$2,0),0) -> 0 | N58: =MOD(K58+M58,$E$1) -> 10 | P58: =MOD($E12+P$50,$E$1) -> 10 | Q58: =IF(O58=MIN(O$51:O$58),L58+1,L58) -> 1 | R58: =IF(COUNT(O58)=1,IF(O58=MIN(O$51:O$58),Q58*$E$2,0),0) -> 0 | S58: =MOD(P58+R58,$E$1) -> 10 | U58: =MOD($E12+U$50,$E$1) -> 10 | V58: =IF(T58=MIN(T$51:T$58),Q58+1,Q58) -> 2 | W58: =IF(COUNT(T58)=1,IF(T58=MIN(T$51:T$58),V58*$E$2,0),0) -> 0 | X58: =MOD(U58+W58,$E$1) -> 10 | Z58: =MOD($E12+Z$50,$E$1) -> 10 | AB58: =MOD($E12+AB$50,$E$1) -> 10 | AD58: =MOD($E12+AD$50,$E$1) -> 10 | AE58: =MOD(ABS(AB51+8-AB58), $E$1) -> 6 | AF58: =MOD(ABS(AD51+8-AD58), $E$1) -> 6
A60: 2 | B60: SALT PEER | C60: CTR Count | D60: =L6 -> 12 | F60: =D60 -> 12 | G60: CTR Count | H60: 계산 | K60: =F60 -> 12 | L60: CTR Count | M60: 계산 | P60: =K60 -> 12 | Q60: CTR Count | R60: 계산 | U60: =K60 -> 12 | V60: CTR Count | W60: 계산 | Z60: =U60 -> 12 | AB60: =Z60 -> 12 | AD60: =AB60 -> 12
B61: 1 | C61: 0 | D61: =MOD($E5+D$60,$E$1) -> 3 | F61: =MOD($E5+F$60,$E$1) -> 3 | G61: =IF(E61=MIN(E$61:E$68),1,0) -> 0 | H61: =IF(COUNT(E61)=1,IF(E61=MIN(E$61:E$68),G61*$E$2,0),0) -> 0 | I61: =MOD(F61+H61,$E$1) -> 3 | K61: =MOD($E5+K$60,$E$1) -> 3 | L61: =IF(J61=MIN(J$61:J$68),G61+1,G61) -> 1 | M61: =IF(COUNT(J61)=1,IF(J61=MIN(J$61:J$68),L61*$E$2,0),0) -> 0 | N61: =MOD(K61+M61,$E$1) -> 3 | P61: =MOD($E5+P$60,$E$1) -> 3 | Q61: =IF(O61=MIN(O$61:O$68),L61+1,L61) -> 2 | R61: =IF(COUNT(O61)=1,IF(O61=MIN(O$61:O$68),Q61*$E$2,0),0) -> 0 | S61: =MOD(P61+R61,$E$1) -> 3 | U61: =MOD($E5+U$60,$E$1) -> 3 | V61: =IF(T61=MIN(T$61:T$68),Q61+1,Q61) -> 3 | W61: =IF(COUNT(T61)=1,IF(T61=MIN(T$61:T$68),V61*$E$2,0),0) -> 0 | X61: =MOD(U61+W61,$E$1) -> 3 | Z61: =MOD($E5+Z$60,$E$1) -> 3 | AB61: =MOD($E5+AB$60,$E$1) -> 3 | AD61: =MOD($E5+AD$60,$E$1) -> 3 | AE61: =MOD(ABS(AB62+8-AB61),$E$1) -> 4 | AF61: =MOD(ABS(AD62+8-AD61),$E$1) -> 4
B62: 2 | C62: =IF(B62=MIN(B$51:B$58),1,0) -> 0 | D62: =MOD($E6+D$60,$E$1) -> 15 | E62: 13 | F62: =MOD($E6+F$60,$E$1) -> 15 | G62: =IF(E62=MIN(E$61:E$68),1,0) -> 1 | H62: =IF(COUNT(E62)=1,IF(E62=MIN(E$61:E$68),G62*$E$2,0),0) -> 5 | I62: =MOD(F62+H62,$E$1) -> 4 | K62: =MOD($E6+K$60,$E$1) -> 15 | L62: =IF(J62=MIN(J$61:J$68),G62+1,G62) -> 2 | M62: =IF(COUNT(J62)=1,IF(J62=MIN(J$61:J$68),L62*$E$2,0),0) -> 0 | N62: =MOD(K62+M62,$E$1) -> 15 | P62: =MOD($E6+P$60,$E$1) -> 15 | Q62: =IF(O62=MIN(O$61:O$68),L62+1,L62) -> 3 | R62: =IF(COUNT(O62)=1,IF(O62=MIN(O$61:O$68),Q62*$E$2,0),0) -> 0 | S62: =MOD(P62+R62,$E$1) -> 15 | U62: =MOD($E6+U$60,$E$1) -> 15 | V62: =IF(T62=MIN(T$61:T$68),Q62+1,Q62) -> 4 | W62: =IF(COUNT(T62)=1,IF(T62=MIN(T$61:T$68),V62*$E$2,0),0) -> 0 | X62: =MOD(U62+W62,$E$1) -> 15 | Z62: =MOD($E6+Z$60,$E$1) -> 15 | AB62: =MOD($E6+AB$60,$E$1) -> 15 | AD62: =MOD($E6+AD$60,$E$1) -> 15 | AE62: =MOD(ABS(AB63+8-AB62),$E$1) -> 3 | AF62: =MOD(ABS(AD63+8-AD62),$E$1) -> 3
B63: 3 | C63: =IF(B63=MIN(B$51:B$58),1,0) -> 0 | D63: =MOD($E7+D$60,$E$1) -> 10 | F63: =MOD($E7+F$60,$E$1) -> 10 | G63: =IF(E63=MIN(E$61:E$68),1,0) -> 0 | H63: =IF(COUNT(E63)=1,IF(E63=MIN(E$61:E$68),G63*$E$2,0),0) -> 0 | I63: =MOD(F63+H63,$E$1) -> 10 | K63: =MOD($E7+K$60,$E$1) -> 10 | L63: =IF(J63=MIN(J$61:J$68),G63+1,G63) -> 1 | M63: =IF(COUNT(J63)=1,IF(J63=MIN(J$61:J$68),L63*$E$2,0),0) -> 0 | N63: =MOD(K63+M63,$E$1) -> 10 | P63: =MOD($E7+P$60,$E$1) -> 10 | Q63: =IF(O63=MIN(O$61:O$68),L63+1,L63) -> 2 | R63: =IF(COUNT(O63)=1,IF(O63=MIN(O$61:O$68),Q63*$E$2,0),0) -> 0 | S63: =MOD(P63+R63,$E$1) -> 10 | U63: =MOD($E7+U$60,$E$1) -> 10 | V63: =IF(T63=MIN(T$61:T$68),Q63+1,Q63) -> 3 | W63: =IF(COUNT(T63)=1,IF(T63=MIN(T$61:T$68),V63*$E$2,0),0) -> 0 | X63: =MOD(U63+W63,$E$1) -> 10 | Z63: =MOD($E7+Z$60,$E$1) -> 10 | AB63: =MOD($E7+AB$60,$E$1) -> 10 | AD63: =MOD($E7+AD$60,$E$1) -> 10 | AE63: =MOD(ABS(AB64+8-AB63),$E$1) -> 4 | AF63: =MOD(ABS(AD64+8-AD63),$E$1) -> 4
B64: 4 | C64: =IF(B64=MIN(B$51:B$58),1,0) -> 0 | D64: =MOD($E8+D$60,$E$1) -> 6 | F64: =MOD($E8+F$60,$E$1) -> 6 | G64: =IF(E64=MIN(E$61:E$68),1,0) -> 0 | H64: =IF(COUNT(E64)=1,IF(E64=MIN(E$61:E$68),G64*$E$2,0),0) -> 0 | I64: =MOD(F64+H64,$E$1) -> 6 | K64: =MOD($E8+K$60,$E$1) -> 6 | L64: =IF(J64=MIN(J$61:J$68),G64+1,G64) -> 1 | M64: =IF(COUNT(J64)=1,IF(J64=MIN(J$61:J$68),L64*$E$2,0),0) -> 0 | N64: =MOD(K64+M64,$E$1) -> 6 | P64: =MOD($E8+P$60,$E$1) -> 6 | Q64: =IF(O64=MIN(O$61:O$68),L64+1,L64) -> 2 | R64: =IF(COUNT(O64)=1,IF(O64=MIN(O$61:O$68),Q64*$E$2,0),0) -> 0 | S64: =MOD(P64+R64,$E$1) -> 6 | U64: =MOD($E8+U$60,$E$1) -> 6 | V64: =IF(T64=MIN(T$61:T$68),Q64+1,Q64) -> 3 | W64: =IF(COUNT(T64)=1,IF(T64=MIN(T$61:T$68),V64*$E$2,0),0) -> 0 | X64: =MOD(U64+W64,$E$1) -> 6 | Z64: =MOD($E8+Z$60,$E$1) -> 6 | AB64: =MOD($E8+AB$60,$E$1) -> 6 | AD64: =MOD($E8+AD$60,$E$1) -> 6 | AE64: =MOD(ABS(AB65+8-AB64),$E$1) -> 2 | AF64: =MOD(ABS(AD65+8-AD64),$E$1) -> 2
B65: 5 | C65: =IF(B65=MIN(B$51:B$58),1,0) -> 0 | D65: =MOD($E9+D$60,$E$1) -> 0 | E65: 14 | F65: =MOD($E9+F$60,$E$1) -> 0 | G65: =IF(E65=MIN(E$61:E$68),1,0) -> 0 | H65: =IF(COUNT(E65)=1,IF(E65=MIN(E$61:E$68),G65*$E$2,0),0) -> 0 | I65: =MOD(F65+H65,$E$1) -> 0 | K65: =MOD($E9+K$60,$E$1) -> 0 | L65: =IF(J65=MIN(J$61:J$68),G65+1,G65) -> 1 | M65: =IF(COUNT(J65)=1,IF(J65=MIN(J$61:J$68),L65*$E$2,0),0) -> 0 | N65: =MOD(K65+M65,$E$1) -> 0 | P65: =MOD($E9+P$60,$E$1) -> 0 | Q65: =IF(O65=MIN(O$61:O$68),L65+1,L65) -> 2 | R65: =IF(COUNT(O65)=1,IF(O65=MIN(O$61:O$68),Q65*$E$2,0),0) -> 0 | S65: =MOD(P65+R65,$E$1) -> 0 | U65: =MOD($E9+U$60,$E$1) -> 0 | V65: =IF(T65=MIN(T$61:T$68),Q65+1,Q65) -> 3 | W65: =IF(COUNT(T65)=1,IF(T65=MIN(T$61:T$68),V65*$E$2,0),0) -> 0 | X65: =MOD(U65+W65,$E$1) -> 0 | Z65: =MOD($E9+Z$60,$E$1) -> 0 | AB65: =MOD($E9+AB$60,$E$1) -> 0 | AD65: =MOD($E9+AD$60,$E$1) -> 0 | AE65: =MOD(ABS(AB66+8-AB65),$E$1) -> 4 | AF65: =MOD(ABS(AD66+8-AD65),$E$1) -> 4
B66: 6 | C66: =IF(B66=MIN(B$51:B$58),1,0) -> 0 | D66: =MOD($E10+D$60,$E$1) -> 12 | F66: =MOD($E10+F$60,$E$1) -> 12 | G66: =IF(E66=MIN(E$61:E$68),1,0) -> 0 | H66: =IF(COUNT(E66)=1,IF(E66=MIN(E$61:E$68),G66*$E$2,0),0) -> 0 | I66: =MOD(F66+H66,$E$1) -> 12 | K66: =MOD($E10+K$60,$E$1) -> 12 | L66: =IF(J66=MIN(J$61:J$68),G66+1,G66) -> 1 | M66: =IF(COUNT(J66)=1,IF(J66=MIN(J$61:J$68),L66*$E$2,0),0) -> 0 | N66: =MOD(K66+M66,$E$1) -> 12 | P66: =MOD($E10+P$60,$E$1) -> 12 | Q66: =IF(O66=MIN(O$61:O$68),L66+1,L66) -> 2 | R66: =IF(COUNT(O66)=1,IF(O66=MIN(O$61:O$68),Q66*$E$2,0),0) -> 0 | S66: =MOD(P66+R66,$E$1) -> 12 | U66: =MOD($E10+U$60,$E$1) -> 12 | V66: =IF(T66=MIN(T$61:T$68),Q66+1,Q66) -> 3 | W66: =IF(COUNT(T66)=1,IF(T66=MIN(T$61:T$68),V66*$E$2,0),0) -> 0 | X66: =MOD(U66+W66,$E$1) -> 12 | Z66: =MOD($E10+Z$60,$E$1) -> 12 | AB66: =MOD($E10+AB$60,$E$1) -> 12 | AD66: =MOD($E10+AD$60,$E$1) -> 12 | AE66: =MOD(ABS(AB67+8-AB66),$E$1) -> 5 | AF66: =MOD(ABS(AD67+8-AD66),$E$1) -> 5
B67: 7 | C67: =IF(B67=MIN(B$51:B$58),1,0) -> 0 | D67: =MOD($E11+D$60,$E$1) -> 9 | F67: =MOD($E11+F$60,$E$1) -> 9 | G67: =IF(E67=MIN(E$61:E$68),1,0) -> 0 | H67: =IF(COUNT(E67)=1,IF(E67=MIN(E$61:E$68),G67*$E$2,0),0) -> 0 | I67: =MOD(F67+H67,$E$1) -> 9 | K67: =MOD($E11+K$60,$E$1) -> 9 | L67: =IF(J67=MIN(J$61:J$68),G67+1,G67) -> 1 | M67: =IF(COUNT(J67)=1,IF(J67=MIN(J$61:J$68),L67*$E$2,0),0) -> 0 | N67: =MOD(K67+M67,$E$1) -> 9 | P67: =MOD($E11+P$60,$E$1) -> 9 | Q67: =IF(O67=MIN(O$61:O$68),L67+1,L67) -> 2 | R67: =IF(COUNT(O67)=1,IF(O67=MIN(O$61:O$68),Q67*$E$2,0),0) -> 0 | S67: =MOD(P67+R67,$E$1) -> 9 | U67: =MOD($E11+U$60,$E$1) -> 9 | V67: =IF(T67=MIN(T$61:T$68),Q67+1,Q67) -> 3 | W67: =IF(COUNT(T67)=1,IF(T67=MIN(T$61:T$68),V67*$E$2,0),0) -> 0 | X67: =MOD(U67+W67,$E$1) -> 9 | Z67: =MOD($E11+Z$60,$E$1) -> 9 | AB67: =MOD($E11+AB$60,$E$1) -> 9 | AD67: =MOD($E11+AD$60,$E$1) -> 9 | AE67: =MOD(ABS(AB68+8-AB67),$E$1) -> 4 | AF67: =MOD(ABS(AD68+8-AD67),$E$1) -> 4
B68: 8 | C68: =IF(B68=MIN(B$51:B$58),1,0) -> 0 | D68: =MOD($E12+D$60,$E$1) -> 5 | F68: =MOD($E12+F$60,$E$1) -> 5 | G68: =IF(E68=MIN(E$61:E$68),1,0) -> 0 | H68: =IF(COUNT(E68)=1,IF(E68=MIN(E$61:E$68),G68*$E$2,0),0) -> 0 | I68: =MOD(F68+H68,$E$1) -> 5 | K68: =MOD($E12+K$60,$E$1) -> 5 | L68: =IF(J68=MIN(J$61:J$68),G68+1,G68) -> 1 | M68: =IF(COUNT(J68)=1,IF(J68=MIN(J$61:J$68),L68*$E$2,0),0) -> 0 | N68: =MOD(K68+M68,$E$1) -> 5 | P68: =MOD($E12+P$60,$E$1) -> 5 | Q68: =IF(O68=MIN(O$61:O$68),L68+1,L68) -> 2 | R68: =IF(COUNT(O68)=1,IF(O68=MIN(O$61:O$68),Q68*$E$2,0),0) -> 0 | S68: =MOD(P68+R68,$E$1) -> 5 | U68: =MOD($E12+U$60,$E$1) -> 5 | V68: =IF(T68=MIN(T$61:T$68),Q68+1,Q68) -> 3 | W68: =IF(COUNT(T68)=1,IF(T68=MIN(T$61:T$68),V68*$E$2,0),0) -> 0 | X68: =MOD(U68+W68,$E$1) -> 5 | Z68: =MOD($E12+Z$60,$E$1) -> 5 | AB68: =MOD($E12+AB$60,$E$1) -> 5 | AD68: =MOD($E12+AD$60,$E$1) -> 5 | AE68: =MOD(ABS(AB61+8-AB68), $E$1) -> 6 | AF68: =MOD(ABS(AD61+8-AD68), $E$1) -> 6
A70: 3 | B70: SALT PEER | C70: CTR Count | D70: =L7 -> 15 | F70: =D70 -> 15 | G70: CTR Count | H70: 계산 | K70: =F70 -> 15 | L70: CTR Count | M70: 계산 | P70: =K70 -> 15 | Q70: CTR Count | R70: 계산 | U70: =K70 -> 15 | V70: CTR Count | W70: 계산 | Z70: =U70 -> 15 | AB70: =Z70 -> 15 | AD70: =AB70 -> 15
B71: 1 | C71: 0 | D71: =MOD($E5+D$70,$E$1) -> 6 | F71: =MOD($E5+F$70,$E$1) -> 6 | G71: =IF(E71=MIN(E$71:E$78),1,0) -> 0 | H71: =IF(COUNT(E71)=1,IF(E71=MIN(E$71:E$78),G71*$E$2,0),0) -> 0 | I71: =MOD(F71+H71,$E$1) -> 6 | K71: =MOD($E5+K$70,$E$1) -> 6 | L71: =IF(J71=MIN(J$71:J$78),G71+1,0) -> 0 | M71: =IF(COUNT(J71)=1,IF(J71=MIN(J$71:J$78),L71*$E$2,0),0) -> 0 | N71: =MOD(K71+M71,$E$1) -> 6 | P71: =MOD($E5+P$70,$E$1) -> 6 | Q71: =IF(O71=MIN(O$71:O$78),L71+1,0) -> 1 | R71: =IF(COUNT(O71)=1,IF(O71=MIN(O$71:O$78),Q71*$E$2,0),0) -> 0 | S71: =MOD(P71+R71,$E$1) -> 6 | U71: =MOD($E5+U$70,$E$1) -> 6 | V71: =IF(T71=MIN(T$71:T$78),Q71+1,0) -> 2 | W71: =IF(COUNT(T71)=1,IF(T71=MIN(T$71:T$78),V71*$E$2,0),0) -> 0 | X71: =MOD(U71+W71,$E$1) -> 6 | Z71: =MOD($E5+Z$70,$E$1) -> 6 | AB71: =MOD($E5+AB$60,$E$1) -> 3 | AD71: =MOD($E5+AD$70,$E$1) -> 6 | AE71: =MOD(ABS(AB72+8-AB71),$E$1) -> 4 | AF71: =MOD(ABS(AD72+8-AD71),$E$1) -> 4
B72: 2 | C72: =IF(B72=MIN(B$51:B$58),1,0) -> 0 | D72: =MOD($E6+D$70,$E$1) -> 2 | F72: =MOD($E6+F$70,$E$1) -> 2 | G72: =IF(E72=MIN(E$71:E$78),1,0) -> 0 | H72: =IF(COUNT(E72)=1,IF(E72=MIN(E$71:E$78),G72*$E$2,0),0) -> 0 | I72: =MOD(F72+H72,$E$1) -> 2 | K72: =MOD($E6+K$70,$E$1) -> 2 | L72: =IF(J72=MIN(J$71:J$78),G72+1,0) -> 0 | M72: =IF(COUNT(J72)=1,IF(J72=MIN(J$71:J$78),L72*$E$2,0),0) -> 0 | N72: =MOD(K72+M72,$E$1) -> 2 | P72: =MOD($E6+P$70,$E$1) -> 2 | Q72: =IF(O72=MIN(O$71:O$78),L72+1,0) -> 1 | R72: =IF(COUNT(O72)=1,IF(O72=MIN(O$71:O$78),Q72*$E$2,0),0) -> 0 | S72: =MOD(P72+R72,$E$1) -> 2 | U72: =MOD($E6+U$70,$E$1) -> 2 | V72: =IF(T72=MIN(T$71:T$78),Q72+1,0) -> 2 | W72: =IF(COUNT(T72)=1,IF(T72=MIN(T$71:T$78),V72*$E$2,0),0) -> 0 | X72: =MOD(U72+W72,$E$1) -> 2 | Z72: =MOD($E6+Z$70,$E$1) -> 2 | AB72: =MOD($E6+AB$60,$E$1) -> 15 | AD72: =MOD($E6+AD$70,$E$1) -> 2 | AE72: =MOD(ABS(AB73+8-AB72),$E$1) -> 3 | AF72: =MOD(ABS(AD73+8-AD72),$E$1) -> 3
B73: 3 | C73: =IF(B73=MIN(B$51:B$58),1,0) -> 0 | D73: =MOD($E7+D$70,$E$1) -> 13 | E73: 9 | F73: =MOD($E7+F$70,$E$1) -> 13 | G73: =IF(E73=MIN(E$71:E$78),1,0) -> 1 | H73: =IF(COUNT(E73)=1,IF(E73=MIN(E$71:E$78),G73*$E$2,0),0) -> 5 | I73: =MOD(F73+H73,$E$1) -> 2 | J73: 3 | K73: =MOD($E7+K$70,$E$1) -> 13 | L73: =IF(J73=MIN(J$71:J$78),G73+1,0) -> 2 | M73: =IF(COUNT(J73)=1,IF(J73=MIN(J$71:J$78),L73*$E$2,0),0) -> 10 | N73: =MOD(K73+M73,$E$1) -> 7 | P73: =MOD($E7+P$70,$E$1) -> 13 | Q73: =IF(O73=MIN(O$71:O$78),L73+1,0) -> 3 | R73: =IF(COUNT(O73)=1,IF(O73=MIN(O$71:O$78),Q73*$E$2,0),0) -> 0 | S73: =MOD(P73+R73,$E$1) -> 13 | U73: =MOD($E7+U$70,$E$1) -> 13 | V73: =IF(T73=MIN(T$71:T$78),Q73+1,0) -> 4 | W73: =IF(COUNT(T73)=1,IF(T73=MIN(T$71:T$78),V73*$E$2,0),0) -> 0 | X73: =MOD(U73+W73,$E$1) -> 13 | Z73: =MOD($E7+Z$70,$E$1) -> 13 | AB73: =MOD($E7+AB$60,$E$1) -> 10 | AD73: =MOD($E7+AD$70,$E$1) -> 13 | AE73: =MOD(ABS(AB74+8-AB73),$E$1) -> 4 | AF73: =MOD(ABS(AD74+8-AD73),$E$1) -> 4
B74: 4 | C74: =IF(B74=MIN(B$51:B$58),1,0) -> 0 | D74: =MOD($E8+D$70,$E$1) -> 9 | F74: =MOD($E8+F$70,$E$1) -> 9 | G74: =IF(E74=MIN(E$71:E$78),1,0) -> 0 | H74: =IF(COUNT(E74)=1,IF(E74=MIN(E$71:E$78),G74*$E$2,0),0) -> 0 | I74: =MOD(F74+H74,$E$1) -> 9 | K74: =MOD($E8+K$70,$E$1) -> 9 | L74: =IF(J74=MIN(J$71:J$78),G74+1,0) -> 0 | M74: =IF(COUNT(J74)=1,IF(J74=MIN(J$71:J$78),L74*$E$2,0),0) -> 0 | N74: =MOD(K74+M74,$E$1) -> 9 | P74: =MOD($E8+P$70,$E$1) -> 9 | Q74: =IF(O74=MIN(O$71:O$78),L74+1,0) -> 1 | R74: =IF(COUNT(O74)=1,IF(O74=MIN(O$71:O$78),Q74*$E$2,0),0) -> 0 | S74: =MOD(P74+R74,$E$1) -> 9 | U74: =MOD($E8+U$70,$E$1) -> 9 | V74: =IF(T74=MIN(T$71:T$78),Q74+1,0) -> 2 | W74: =IF(COUNT(T74)=1,IF(T74=MIN(T$71:T$78),V74*$E$2,0),0) -> 0 | X74: =MOD(U74+W74,$E$1) -> 9 | Z74: =MOD($E8+Z$70,$E$1) -> 9 | AB74: =MOD($E8+AB$60,$E$1) -> 6 | AD74: =MOD($E8+AD$70,$E$1) -> 9 | AE74: =MOD(ABS(AB75+8-AB74),$E$1) -> 2 | AF74: =MOD(ABS(AD75+8-AD74),$E$1) -> 2
B75: 5 | C75: =IF(B75=MIN(B$51:B$58),1,0) -> 0 | D75: =MOD($E9+D$70,$E$1) -> 3 | F75: =MOD($E9+F$70,$E$1) -> 3 | G75: =IF(E75=MIN(E$71:E$78),1,0) -> 0 | H75: =IF(COUNT(E75)=1,IF(E75=MIN(E$71:E$78),G75*$E$2,0),0) -> 0 | I75: =MOD(F75+H75,$E$1) -> 3 | J75: 4 | K75: =MOD($E9+K$70,$E$1) -> 3 | L75: =IF(J75=MIN(J$71:J$78),G75+1,0) -> 0 | M75: =IF(COUNT(J75)=1,IF(J75=MIN(J$71:J$78),L75*$E$2,0),0) -> 0 | N75: =MOD(K75+M75,$E$1) -> 3 | P75: =MOD($E9+P$70,$E$1) -> 3 | Q75: =IF(O75=MIN(O$71:O$78),L75+1,0) -> 1 | R75: =IF(COUNT(O75)=1,IF(O75=MIN(O$71:O$78),Q75*$E$2,0),0) -> 0 | S75: =MOD(P75+R75,$E$1) -> 3 | U75: =MOD($E9+U$70,$E$1) -> 3 | V75: =IF(T75=MIN(T$71:T$78),Q75+1,0) -> 2 | W75: =IF(COUNT(T75)=1,IF(T75=MIN(T$71:T$78),V75*$E$2,0),0) -> 0 | X75: =MOD(U75+W75,$E$1) -> 3 | Z75: =MOD($E9+Z$70,$E$1) -> 3 | AB75: =MOD($E9+AB$60,$E$1) -> 0 | AD75: =MOD($E9+AD$70,$E$1) -> 3 | AE75: =MOD(ABS(AB76+8-AB75),$E$1) -> 4 | AF75: =MOD(ABS(AD76+8-AD75),$E$1) -> 4
B76: 6 | C76: =IF(B76=MIN(B$51:B$58),1,0) -> 0 | D76: =MOD($E10+D$70,$E$1) -> 15 | E76: 10 | F76: =MOD($E10+F$70,$E$1) -> 15 | G76: =IF(E76=MIN(E$71:E$78),1,0) -> 0 | H76: =IF(COUNT(E76)=1,IF(E76=MIN(E$71:E$78),G76*$E$2,0),0) -> 0 | I76: =MOD(F76+H76,$E$1) -> 15 | K76: =MOD($E10+K$70,$E$1) -> 15 | L76: =IF(J76=MIN(J$71:J$78),G76+1,0) -> 0 | M76: =IF(COUNT(J76)=1,IF(J76=MIN(J$71:J$78),L76*$E$2,0),0) -> 0 | N76: =MOD(K76+M76,$E$1) -> 15 | P76: =MOD($E10+P$70,$E$1) -> 15 | Q76: =IF(O76=MIN(O$71:O$78),L76+1,0) -> 1 | R76: =IF(COUNT(O76)=1,IF(O76=MIN(O$71:O$78),Q76*$E$2,0),0) -> 0 | S76: =MOD(P76+R76,$E$1) -> 15 | U76: =MOD($E10+U$70,$E$1) -> 15 | V76: =IF(T76=MIN(T$71:T$78),Q76+1,0) -> 2 | W76: =IF(COUNT(T76)=1,IF(T76=MIN(T$71:T$78),V76*$E$2,0),0) -> 0 | X76: =MOD(U76+W76,$E$1) -> 15 | Z76: =MOD($E10+Z$70,$E$1) -> 15 | AB76: =MOD($E10+AB$60,$E$1) -> 12 | AD76: =MOD($E10+AD$70,$E$1) -> 15 | AE76: =MOD(ABS(AB77+8-AB76),$E$1) -> 5 | AF76: =MOD(ABS(AD77+8-AD76),$E$1) -> 5
B77: 7 | C77: =IF(B77=MIN(B$51:B$58),1,0) -> 0 | D77: =MOD($E11+D$70,$E$1) -> 12 | F77: =MOD($E11+F$70,$E$1) -> 12 | G77: =IF(E77=MIN(E$71:E$78),1,0) -> 0 | H77: =IF(COUNT(E77)=1,IF(E77=MIN(E$71:E$78),G77*$E$2,0),0) -> 0 | I77: =MOD(F77+H77,$E$1) -> 12 | K77: =MOD($E11+K$70,$E$1) -> 12 | L77: =IF(J77=MIN(J$71:J$78),G77+1,0) -> 0 | M77: =IF(COUNT(J77)=1,IF(J77=MIN(J$71:J$78),L77*$E$2,0),0) -> 0 | N77: =MOD(K77+M77,$E$1) -> 12 | P77: =MOD($E11+P$70,$E$1) -> 12 | Q77: =IF(O77=MIN(O$71:O$78),L77+1,0) -> 1 | R77: =IF(COUNT(O77)=1,IF(O77=MIN(O$71:O$78),Q77*$E$2,0),0) -> 0 | S77: =MOD(P77+R77,$E$1) -> 12 | U77: =MOD($E11+U$70,$E$1) -> 12 | V77: =IF(T77=MIN(T$71:T$78),Q77+1,0) -> 2 | W77: =IF(COUNT(T77)=1,IF(T77=MIN(T$71:T$78),V77*$E$2,0),0) -> 0 | X77: =MOD(U77+W77,$E$1) -> 12 | Z77: =MOD($E11+Z$70,$E$1) -> 12 | AB77: =MOD($E11+AB$60,$E$1) -> 9 | AD77: =MOD($E11+AD$70,$E$1) -> 12 | AE77: =MOD(ABS(AB78+8-AB77),$E$1) -> 4 | AF77: =MOD(ABS(AD78+8-AD77),$E$1) -> 4
B78: 8 | C78: =IF(B78=MIN(B$51:B$58),1,0) -> 0 | D78: =MOD($E12+D$70,$E$1) -> 8 | F78: =MOD($E12+F$70,$E$1) -> 8 | G78: =IF(E78=MIN(E$71:E$78),1,0) -> 0 | H78: =IF(COUNT(E78)=1,IF(E78=MIN(E$71:E$78),G78*$E$2,0),0) -> 0 | I78: =MOD(F78+H78,$E$1) -> 8 | K78: =MOD($E12+K$70,$E$1) -> 8 | L78: =IF(J78=MIN(J$71:J$78),G78+1,0) -> 0 | M78: =IF(COUNT(J78)=1,IF(J78=MIN(J$71:J$78),L78*$E$2,0),0) -> 0 | N78: =MOD(K78+M78,$E$1) -> 8 | P78: =MOD($E12+P$70,$E$1) -> 8 | Q78: =IF(O78=MIN(O$71:O$78),L78+1,0) -> 1 | R78: =IF(COUNT(O78)=1,IF(O78=MIN(O$71:O$78),Q78*$E$2,0),0) -> 0 | S78: =MOD(P78+R78,$E$1) -> 8 | U78: =MOD($E12+U$70,$E$1) -> 8 | V78: =IF(T78=MIN(T$71:T$78),Q78+1,0) -> 2 | W78: =IF(COUNT(T78)=1,IF(T78=MIN(T$71:T$78),V78*$E$2,0),0) -> 0 | X78: =MOD(U78+W78,$E$1) -> 8 | Z78: =MOD($E12+Z$70,$E$1) -> 8 | AB78: =MOD($E12+AB$60,$E$1) -> 5 | AD78: =MOD($E12+AD$70,$E$1) -> 8 | AE78: =MOD(ABS(AB71+8-AB78), $E$1) -> 6 | AF78: =MOD(ABS(AD71+8-AD78), $E$1) -> 6
A80: 4 | B80: SALT PEER | C80: CTR Count | D80: =L8 -> 6 | F80: =D80 -> 6 | G80: CTR Count | H80: 계산 | K80: =F80 -> 6 | L80: CTR Count | M80: 계산 | P80: =K80 -> 6 | Q80: CTR Count | R80: 계산 | U80: =K80 -> 6 | V80: CTR Count | W80: 계산 | Z80: =U80 -> 6 | AB80: =Z80 -> 6 | AD80: =AB80 -> 6
B81: 1 | C81: 0 | D81: =MOD($E5+D$80,$E$1) -> 13 | F81: =MOD($E5+F$80,$E$1) -> 13 | G81: =IF(E81=MIN(E$81:E$88),1,0) -> 0 | H81: =IF(COUNT(E81)=1,IF(E81=MIN(E$81:E$88),G81*$E$2,0),0) -> 0 | I81: =MOD(F81+H81,$E$1) -> 13 | K81: =MOD($E5+K$80,$E$1) -> 13 | L81: =IF(J81=MIN(J$81:J$88),G81+1,0) -> 1 | M81: =IF(COUNT(J81)=1,IF(J81=MIN(J$81:J$88),L81*$E$2,0),0) -> 0 | N81: =MOD(K81+M81,$E$1) -> 13 | P81: =MOD($E5+P$80,$E$1) -> 13 | Q81: =IF(O81=MIN(O$81:O$88),L81+1,0) -> 2 | R81: =IF(COUNT(O81)=1,IF(O81=MIN(O$81:O$88),Q81*$E$2,0),0) -> 0 | S81: =MOD(P81+R81,$E$1) -> 13 | U81: =MOD($E5+U$80,$E$1) -> 13 | V81: =IF(T81=MIN(T$81:T$88),Q81+1,0) -> 3 | W81: =IF(COUNT(T81)=1,IF(T81=MIN(T$81:T$88),V81*$E$2,0),0) -> 0 | X81: =MOD(U81+W81,$E$1) -> 13 | Z81: =MOD($E5+Z$80,$E$1) -> 13 | AB81: =MOD($E5+AB$80,$E$1) -> 13 | AD81: =MOD($E5+AD$80,$E$1) -> 13 | AE81: =MOD(ABS(AB82+8-AB81),$E$1) -> 4 | AF81: =MOD(ABS(AD82+8-AD81),$E$1) -> 4
B82: 2 | C82: =IF(B82=MIN(B$51:B$58),1,0) -> 0 | D82: =MOD($E6+D$80,$E$1) -> 9 | F82: =MOD($E6+F$80,$E$1) -> 9 | G82: =IF(E82=MIN(E$81:E$88),1,0) -> 0 | H82: =IF(COUNT(E82)=1,IF(E82=MIN(E$81:E$88),G82*$E$2,0),0) -> 0 | I82: =MOD(F82+H82,$E$1) -> 9 | K82: =MOD($E6+K$80,$E$1) -> 9 | L82: =IF(J82=MIN(J$81:J$88),G82+1,0) -> 1 | M82: =IF(COUNT(J82)=1,IF(J82=MIN(J$81:J$88),L82*$E$2,0),0) -> 0 | N82: =MOD(K82+M82,$E$1) -> 9 | P82: =MOD($E6+P$80,$E$1) -> 9 | Q82: =IF(O82=MIN(O$81:O$88),L82+1,0) -> 2 | R82: =IF(COUNT(O82)=1,IF(O82=MIN(O$81:O$88),Q82*$E$2,0),0) -> 0 | S82: =MOD(P82+R82,$E$1) -> 9 | U82: =MOD($E6+U$80,$E$1) -> 9 | V82: =IF(T82=MIN(T$81:T$88),Q82+1,0) -> 3 | W82: =IF(COUNT(T82)=1,IF(T82=MIN(T$81:T$88),V82*$E$2,0),0) -> 0 | X82: =MOD(U82+W82,$E$1) -> 9 | Z82: =MOD($E6+Z$80,$E$1) -> 9 | AB82: =MOD($E6+AB$80,$E$1) -> 9 | AD82: =MOD($E6+AD$80,$E$1) -> 9 | AE82: =MOD(ABS(AB83+8-AB82),$E$1) -> 3 | AF82: =MOD(ABS(AD83+8-AD82),$E$1) -> 3
B83: 3 | C83: =IF(B83=MIN(B$51:B$58),1,0) -> 0 | D83: =MOD($E7+D$80,$E$1) -> 4 | F83: =MOD($E7+F$80,$E$1) -> 4 | G83: =IF(E83=MIN(E$81:E$88),1,0) -> 0 | H83: =IF(COUNT(E83)=1,IF(E83=MIN(E$81:E$88),G83*$E$2,0),0) -> 0 | I83: =MOD(F83+H83,$E$1) -> 4 | K83: =MOD($E7+K$80,$E$1) -> 4 | L83: =IF(J83=MIN(J$81:J$88),G83+1,0) -> 1 | M83: =IF(COUNT(J83)=1,IF(J83=MIN(J$81:J$88),L83*$E$2,0),0) -> 0 | N83: =MOD(K83+M83,$E$1) -> 4 | P83: =MOD($E7+P$80,$E$1) -> 4 | Q83: =IF(O83=MIN(O$81:O$88),L83+1,0) -> 2 | R83: =IF(COUNT(O83)=1,IF(O83=MIN(O$81:O$88),Q83*$E$2,0),0) -> 0 | S83: =MOD(P83+R83,$E$1) -> 4 | U83: =MOD($E7+U$80,$E$1) -> 4 | V83: =IF(T83=MIN(T$81:T$88),Q83+1,0) -> 3 | W83: =IF(COUNT(T83)=1,IF(T83=MIN(T$81:T$88),V83*$E$2,0),0) -> 0 | X83: =MOD(U83+W83,$E$1) -> 4 | Z83: =MOD($E7+Z$80,$E$1) -> 4 | AB83: =MOD($E7+AB$80,$E$1) -> 4 | AD83: =MOD($E7+AD$80,$E$1) -> 4 | AE83: =MOD(ABS(AB84+8-AB83),$E$1) -> 4 | AF83: =MOD(ABS(AD84+8-AD83),$E$1) -> 4
B84: 4 | C84: =IF(B84=MIN(B$51:B$58),1,0) -> 0 | D84: =MOD($E8+D$80,$E$1) -> 0 | E84: 5 | F84: =MOD($E8+F$80,$E$1) -> 0 | G84: =IF(E84=MIN(E$81:E$88),1,0) -> 1 | H84: =IF(COUNT(E84)=1,IF(E84=MIN(E$81:E$88),G84*$E$2,0),0) -> 5 | I84: =MOD(F84+H84,$E$1) -> 5 | K84: =MOD($E8+K$80,$E$1) -> 0 | L84: =IF(J84=MIN(J$81:J$88),G84+1,0) -> 2 | M84: =IF(COUNT(J84)=1,IF(J84=MIN(J$81:J$88),L84*$E$2,0),0) -> 0 | N84: =MOD(K84+M84,$E$1) -> 0 | P84: =MOD($E8+P$80,$E$1) -> 0 | Q84: =IF(O84=MIN(O$81:O$88),L84+1,0) -> 3 | R84: =IF(COUNT(O84)=1,IF(O84=MIN(O$81:O$88),Q84*$E$2,0),0) -> 0 | S84: =MOD(P84+R84,$E$1) -> 0 | U84: =MOD($E8+U$80,$E$1) -> 0 | V84: =IF(T84=MIN(T$81:T$88),Q84+1,0) -> 4 | W84: =IF(COUNT(T84)=1,IF(T84=MIN(T$81:T$88),V84*$E$2,0),0) -> 0 | X84: =MOD(U84+W84,$E$1) -> 0 | Z84: =MOD($E8+Z$80,$E$1) -> 0 | AB84: =MOD($E8+AB$80,$E$1) -> 0 | AD84: =MOD($E8+AD$80,$E$1) -> 0 | AE84: =MOD(ABS(AB85+8-AB84),$E$1) -> 2 | AF84: =MOD(ABS(AD85+8-AD84),$E$1) -> 2
B85: 5 | C85: =IF(B85=MIN(B$51:B$58),1,0) -> 0 | D85: =MOD($E9+D$80,$E$1) -> 10 | F85: =MOD($E9+F$80,$E$1) -> 10 | G85: =IF(E85=MIN(E$81:E$88),1,0) -> 0 | H85: =IF(COUNT(E85)=1,IF(E85=MIN(E$81:E$88),G85*$E$2,0),0) -> 0 | I85: =MOD(F85+H85,$E$1) -> 10 | K85: =MOD($E9+K$80,$E$1) -> 10 | L85: =IF(J85=MIN(J$81:J$88),G85+1,0) -> 1 | M85: =IF(COUNT(J85)=1,IF(J85=MIN(J$81:J$88),L85*$E$2,0),0) -> 0 | N85: =MOD(K85+M85,$E$1) -> 10 | P85: =MOD($E9+P$80,$E$1) -> 10 | Q85: =IF(O85=MIN(O$81:O$88),L85+1,0) -> 2 | R85: =IF(COUNT(O85)=1,IF(O85=MIN(O$81:O$88),Q85*$E$2,0),0) -> 0 | S85: =MOD(P85+R85,$E$1) -> 10 | U85: =MOD($E9+U$80,$E$1) -> 10 | V85: =IF(T85=MIN(T$81:T$88),Q85+1,0) -> 3 | W85: =IF(COUNT(T85)=1,IF(T85=MIN(T$81:T$88),V85*$E$2,0),0) -> 0 | X85: =MOD(U85+W85,$E$1) -> 10 | Z85: =MOD($E9+Z$80,$E$1) -> 10 | AB85: =MOD($E9+AB$80,$E$1) -> 10 | AD85: =MOD($E9+AD$80,$E$1) -> 10 | AE85: =MOD(ABS(AB86+8-AB85),$E$1) -> 4 | AF85: =MOD(ABS(AD86+8-AD85),$E$1) -> 4
B86: 6 | C86: =IF(B86=MIN(B$51:B$58),1,0) -> 0 | D86: =MOD($E10+D$80,$E$1) -> 6 | F86: =MOD($E10+F$80,$E$1) -> 6 | G86: =IF(E86=MIN(E$81:E$88),1,0) -> 0 | H86: =IF(COUNT(E86)=1,IF(E86=MIN(E$81:E$88),G86*$E$2,0),0) -> 0 | I86: =MOD(F86+H86,$E$1) -> 6 | K86: =MOD($E10+K$80,$E$1) -> 6 | L86: =IF(J86=MIN(J$81:J$88),G86+1,0) -> 1 | M86: =IF(COUNT(J86)=1,IF(J86=MIN(J$81:J$88),L86*$E$2,0),0) -> 0 | N86: =MOD(K86+M86,$E$1) -> 6 | P86: =MOD($E10+P$80,$E$1) -> 6 | Q86: =IF(O86=MIN(O$81:O$88),L86+1,0) -> 2 | R86: =IF(COUNT(O86)=1,IF(O86=MIN(O$81:O$88),Q86*$E$2,0),0) -> 0 | S86: =MOD(P86+R86,$E$1) -> 6 | U86: =MOD($E10+U$80,$E$1) -> 6 | V86: =IF(T86=MIN(T$81:T$88),Q86+1,0) -> 3 | W86: =IF(COUNT(T86)=1,IF(T86=MIN(T$81:T$88),V86*$E$2,0),0) -> 0 | X86: =MOD(U86+W86,$E$1) -> 6 | Z86: =MOD($E10+Z$80,$E$1) -> 6 | AB86: =MOD($E10+AB$80,$E$1) -> 6 | AD86: =MOD($E10+AD$80,$E$1) -> 6 | AE86: =MOD(ABS(AB87+8-AB86),$E$1) -> 5 | AF86: =MOD(ABS(AD87+8-AD86),$E$1) -> 5
B87: 7 | C87: =IF(B87=MIN(B$51:B$58),1,0) -> 0 | D87: =MOD($E11+D$80,$E$1) -> 3 | E87: 6 | F87: =MOD($E11+F$80,$E$1) -> 3 | G87: =IF(E87=MIN(E$81:E$88),1,0) -> 0 | H87: =IF(COUNT(E87)=1,IF(E87=MIN(E$81:E$88),G87*$E$2,0),0) -> 0 | I87: =MOD(F87+H87,$E$1) -> 3 | K87: =MOD($E11+K$80,$E$1) -> 3 | L87: =IF(J87=MIN(J$81:J$88),G87+1,0) -> 1 | M87: =IF(COUNT(J87)=1,IF(J87=MIN(J$81:J$88),L87*$E$2,0),0) -> 0 | N87: =MOD(K87+M87,$E$1) -> 3 | P87: =MOD($E11+P$80,$E$1) -> 3 | Q87: =IF(O87=MIN(O$81:O$88),L87+1,0) -> 2 | R87: =IF(COUNT(O87)=1,IF(O87=MIN(O$81:O$88),Q87*$E$2,0),0) -> 0 | S87: =MOD(P87+R87,$E$1) -> 3 | U87: =MOD($E11+U$80,$E$1) -> 3 | V87: =IF(T87=MIN(T$81:T$88),Q87+1,0) -> 3 | W87: =IF(COUNT(T87)=1,IF(T87=MIN(T$81:T$88),V87*$E$2,0),0) -> 0 | X87: =MOD(U87+W87,$E$1) -> 3 | Z87: =MOD($E11+Z$80,$E$1) -> 3 | AB87: =MOD($E11+AB$80,$E$1) -> 3 | AD87: =MOD($E11+AD$80,$E$1) -> 3 | AE87: =MOD(ABS(AB88+8-AB87),$E$1) -> 4 | AF87: =MOD(ABS(AD88+8-AD87),$E$1) -> 4
B88: 8 | C88: =IF(B88=MIN(B$51:B$58),1,0) -> 0 | D88: =MOD($E12+D$80,$E$1) -> 15 | F88: =MOD($E12+F$80,$E$1) -> 15 | G88: =IF(E88=MIN(E$81:E$88),1,0) -> 0 | H88: =IF(COUNT(E88)=1,IF(E88=MIN(E$81:E$88),G88*$E$2,0),0) -> 0 | I88: =MOD(F88+H88,$E$1) -> 15 | K88: =MOD($E12+K$80,$E$1) -> 15 | L88: =IF(J88=MIN(J$81:J$88),G88+1,0) -> 1 | M88: =IF(COUNT(J88)=1,IF(J88=MIN(J$81:J$88),L88*$E$2,0),0) -> 0 | N88: =MOD(K88+M88,$E$1) -> 15 | P88: =MOD($E12+P$80,$E$1) -> 15 | Q88: =IF(O88=MIN(O$81:O$88),L88+1,0) -> 2 | R88: =IF(COUNT(O88)=1,IF(O88=MIN(O$81:O$88),Q88*$E$2,0),0) -> 0 | S88: =MOD(P88+R88,$E$1) -> 15 | U88: =MOD($E12+U$80,$E$1) -> 15 | V88: =IF(T88=MIN(T$81:T$88),Q88+1,0) -> 3 | W88: =IF(COUNT(T88)=1,IF(T88=MIN(T$81:T$88),V88*$E$2,0),0) -> 0 | X88: =MOD(U88+W88,$E$1) -> 15 | Z88: =MOD($E12+Z$80,$E$1) -> 15 | AB88: =MOD($E12+AB$80,$E$1) -> 15 | AD88: =MOD($E12+AD$80,$E$1) -> 15 | AE88: =MOD(ABS(AB81+8-AB88), $E$1) -> 6 | AF88: =MOD(ABS(AD81+8-AD88), $E$1) -> 6
A90: 5 | B90: SALT PEER | C90: CTR Count | D90: =L9 -> 10 | F90: =D90 -> 10 | G90: CTR Count | H90: 계산 | K90: =F90 -> 10 | L90: CTR Count | M90: 계산 | P90: =K90 -> 10 | Q90: CTR Count | R90: 계산 | U90: =K90 -> 10 | V90: CTR Count | W90: 계산 | Z90: =U90 -> 10 | AB90: =Z90 -> 10 | AD90: =AB90 -> 10
B91: 1 | C91: 0 | D91: =MOD($E5+D$90,$E$1) -> 1 | E91: 16 | F91: =MOD($E5+F$90,$E$1) -> 1 | G91: =IF(E91=MIN(E$91:E$98),1,0) -> 0 | H91: =IF(COUNT(E91)=1,IF(E91=MIN(E$91:E$98),G91*$E$2,0),0) -> 0 | I91: =MOD(F91+H91,$E$1) -> 1 | K91: =MOD($E5+K$90,$E$1) -> 1 | L91: =IF(J91=MIN(J$91:J$98),G91+1,0) -> 1 | M91: =IF(COUNT(J91)=1,IF(J91=MIN(J$91:J$98),L91*$E$2,0),0) -> 0 | N91: =MOD(K91+M91,$E$1) -> 1 | P91: =MOD($E5+P$90,$E$1) -> 1 | Q91: =IF(O91=MIN(O$91:O$98),L91+1,0) -> 2 | R91: =IF(COUNT(O91)=1,IF(O91=MIN(O$91:O$98),Q91*$E$2,0),0) -> 0 | S91: =MOD(P91+R91,$E$1) -> 1 | U91: =MOD($E5+U$90,$E$1) -> 1 | V91: =IF(T91=MIN(T$91:T$98),Q91+1,0) -> 3 | W91: =IF(COUNT(T91)=1,IF(T91=MIN(T$91:T$98),V91*$E$2,0),0) -> 0 | X91: =MOD(U91+W91,$E$1) -> 1 | Z91: =MOD($E5+Z$60,$E$1) -> 3 | AB91: =MOD($E5+AB$90,$E$1) -> 1 | AD91: =MOD($E5+AD$90,$E$1) -> 1 | AE91: =MOD(ABS(AB92+8-AB91),$E$1) -> 4 | AF91: =MOD(ABS(AD92+8-AD91),$E$1) -> 4
B92: 2 | C92: =IF(B92=MIN(B$51:B$58),1,0) -> 0 | D92: =MOD($E6+D$90,$E$1) -> 13 | F92: =MOD($E6+F$90,$E$1) -> 13 | G92: =IF(E92=MIN(E$91:E$98),1,0) -> 0 | H92: =IF(COUNT(E92)=1,IF(E92=MIN(E$91:E$98),G92*$E$2,0),0) -> 0 | I92: =MOD(F92+H92,$E$1) -> 13 | K92: =MOD($E6+K$90,$E$1) -> 13 | L92: =IF(J92=MIN(J$91:J$98),G92+1,0) -> 1 | M92: =IF(COUNT(J92)=1,IF(J92=MIN(J$91:J$98),L92*$E$2,0),0) -> 0 | N92: =MOD(K92+M92,$E$1) -> 13 | P92: =MOD($E6+P$90,$E$1) -> 13 | Q92: =IF(O92=MIN(O$91:O$98),L92+1,0) -> 2 | R92: =IF(COUNT(O92)=1,IF(O92=MIN(O$91:O$98),Q92*$E$2,0),0) -> 0 | S92: =MOD(P92+R92,$E$1) -> 13 | U92: =MOD($E6+U$90,$E$1) -> 13 | V92: =IF(T92=MIN(T$91:T$98),Q92+1,0) -> 3 | W92: =IF(COUNT(T92)=1,IF(T92=MIN(T$91:T$98),V92*$E$2,0),0) -> 0 | X92: =MOD(U92+W92,$E$1) -> 13 | Z92: =MOD($E6+Z$60,$E$1) -> 15 | AB92: =MOD($E6+AB$90,$E$1) -> 13 | AD92: =MOD($E6+AD$90,$E$1) -> 13 | AE92: =MOD(ABS(AB93+8-AB92),$E$1) -> 3 | AF92: =MOD(ABS(AD93+8-AD92),$E$1) -> 3
B93: 3 | C93: =IF(B93=MIN(B$51:B$58),1,0) -> 0 | D93: =MOD($E7+D$90,$E$1) -> 8 | F93: =MOD($E7+F$90,$E$1) -> 8 | G93: =IF(E93=MIN(E$91:E$98),1,0) -> 0 | H93: =IF(COUNT(E93)=1,IF(E93=MIN(E$91:E$98),G93*$E$2,0),0) -> 0 | I93: =MOD(F93+H93,$E$1) -> 8 | K93: =MOD($E7+K$90,$E$1) -> 8 | L93: =IF(J93=MIN(J$91:J$98),G93+1,0) -> 1 | M93: =IF(COUNT(J93)=1,IF(J93=MIN(J$91:J$98),L93*$E$2,0),0) -> 0 | N93: =MOD(K93+M93,$E$1) -> 8 | P93: =MOD($E7+P$90,$E$1) -> 8 | Q93: =IF(O93=MIN(O$91:O$98),L93+1,0) -> 2 | R93: =IF(COUNT(O93)=1,IF(O93=MIN(O$91:O$98),Q93*$E$2,0),0) -> 0 | S93: =MOD(P93+R93,$E$1) -> 8 | U93: =MOD($E7+U$90,$E$1) -> 8 | V93: =IF(T93=MIN(T$91:T$98),Q93+1,0) -> 3 | W93: =IF(COUNT(T93)=1,IF(T93=MIN(T$91:T$98),V93*$E$2,0),0) -> 0 | X93: =MOD(U93+W93,$E$1) -> 8 | Z93: =MOD($E7+Z$60,$E$1) -> 10 | AB93: =MOD($E7+AB$90,$E$1) -> 8 | AD93: =MOD($E7+AD$90,$E$1) -> 8 | AE93: =MOD(ABS(AB94+8-AB93),$E$1) -> 4 | AF93: =MOD(ABS(AD94+8-AD93),$E$1) -> 4
B94: 4 | C94: =IF(B94=MIN(B$51:B$58),1,0) -> 0 | D94: =MOD($E8+D$90,$E$1) -> 4 | F94: =MOD($E8+F$90,$E$1) -> 4 | G94: =IF(E94=MIN(E$91:E$98),1,0) -> 0 | H94: =IF(COUNT(E94)=1,IF(E94=MIN(E$91:E$98),G94*$E$2,0),0) -> 0 | I94: =MOD(F94+H94,$E$1) -> 4 | K94: =MOD($E8+K$90,$E$1) -> 4 | L94: =IF(J94=MIN(J$91:J$98),G94+1,0) -> 1 | M94: =IF(COUNT(J94)=1,IF(J94=MIN(J$91:J$98),L94*$E$2,0),0) -> 0 | N94: =MOD(K94+M94,$E$1) -> 4 | P94: =MOD($E8+P$90,$E$1) -> 4 | Q94: =IF(O94=MIN(O$91:O$98),L94+1,0) -> 2 | R94: =IF(COUNT(O94)=1,IF(O94=MIN(O$91:O$98),Q94*$E$2,0),0) -> 0 | S94: =MOD(P94+R94,$E$1) -> 4 | U94: =MOD($E8+U$90,$E$1) -> 4 | V94: =IF(T94=MIN(T$91:T$98),Q94+1,0) -> 3 | W94: =IF(COUNT(T94)=1,IF(T94=MIN(T$91:T$98),V94*$E$2,0),0) -> 0 | X94: =MOD(U94+W94,$E$1) -> 4 | Z94: =MOD($E8+Z$60,$E$1) -> 6 | AB94: =MOD($E8+AB$90,$E$1) -> 4 | AD94: =MOD($E8+AD$90,$E$1) -> 4 | AE94: =MOD(ABS(AB95+8-AB94),$E$1) -> 2 | AF94: =MOD(ABS(AD95+8-AD94),$E$1) -> 2
B95: 5 | C95: =IF(B95=MIN(B$51:B$58),1,0) -> 0 | D95: =MOD($E9+D$90,$E$1) -> 14 | E95: 15 | F95: =MOD($E9+F$90,$E$1) -> 14 | G95: =IF(E95=MIN(E$91:E$98),1,0) -> 1 | H95: =IF(COUNT(E95)=1,IF(E95=MIN(E$91:E$98),G95*$E$2,0),0) -> 5 | I95: =MOD(F95+H95,$E$1) -> 3 | K95: =MOD($E9+K$90,$E$1) -> 14 | L95: =IF(J95=MIN(J$91:J$98),G95+1,0) -> 2 | M95: =IF(COUNT(J95)=1,IF(J95=MIN(J$91:J$98),L95*$E$2,0),0) -> 0 | N95: =MOD(K95+M95,$E$1) -> 14 | P95: =MOD($E9+P$90,$E$1) -> 14 | Q95: =IF(O95=MIN(O$91:O$98),L95+1,0) -> 3 | R95: =IF(COUNT(O95)=1,IF(O95=MIN(O$91:O$98),Q95*$E$2,0),0) -> 0 | S95: =MOD(P95+R95,$E$1) -> 14 | U95: =MOD($E9+U$90,$E$1) -> 14 | V95: =IF(T95=MIN(T$91:T$98),Q95+1,0) -> 4 | W95: =IF(COUNT(T95)=1,IF(T95=MIN(T$91:T$98),V95*$E$2,0),0) -> 0 | X95: =MOD(U95+W95,$E$1) -> 14 | Z95: =MOD($E9+Z$60,$E$1) -> 0 | AB95: =MOD($E9+AB$90,$E$1) -> 14 | AD95: =MOD($E9+AD$90,$E$1) -> 14 | AE95: =MOD(ABS(AB96+8-AB95),$E$1) -> 4 | AF95: =MOD(ABS(AD96+8-AD95),$E$1) -> 4
B96: 6 | C96: =IF(B96=MIN(B$51:B$58),1,0) -> 0 | D96: =MOD($E10+D$90,$E$1) -> 10 | F96: =MOD($E10+F$90,$E$1) -> 10 | G96: =IF(E96=MIN(E$91:E$98),1,0) -> 0 | H96: =IF(COUNT(E96)=1,IF(E96=MIN(E$91:E$98),G96*$E$2,0),0) -> 0 | I96: =MOD(F96+H96,$E$1) -> 10 | K96: =MOD($E10+K$90,$E$1) -> 10 | L96: =IF(J96=MIN(J$91:J$98),G96+1,0) -> 1 | M96: =IF(COUNT(J96)=1,IF(J96=MIN(J$91:J$98),L96*$E$2,0),0) -> 0 | N96: =MOD(K96+M96,$E$1) -> 10 | P96: =MOD($E10+P$90,$E$1) -> 10 | Q96: =IF(O96=MIN(O$91:O$98),L96+1,0) -> 2 | R96: =IF(COUNT(O96)=1,IF(O96=MIN(O$91:O$98),Q96*$E$2,0),0) -> 0 | S96: =MOD(P96+R96,$E$1) -> 10 | U96: =MOD($E10+U$90,$E$1) -> 10 | V96: =IF(T96=MIN(T$91:T$98),Q96+1,0) -> 3 | W96: =IF(COUNT(T96)=1,IF(T96=MIN(T$91:T$98),V96*$E$2,0),0) -> 0 | X96: =MOD(U96+W96,$E$1) -> 10 | Z96: =MOD($E10+Z$60,$E$1) -> 12 | AB96: =MOD($E10+AB$90,$E$1) -> 10 | AD96: =MOD($E10+AD$90,$E$1) -> 10 | AE96: =MOD(ABS(AB97+8-AB96),$E$1) -> 5 | AF96: =MOD(ABS(AD97+8-AD96),$E$1) -> 5
B97: 7 | C97: =IF(B97=MIN(B$51:B$58),1,0) -> 0 | D97: =MOD($E11+D$90,$E$1) -> 7 | F97: =MOD($E11+F$90,$E$1) -> 7 | G97: =IF(E97=MIN(E$91:E$98),1,0) -> 0 | H97: =IF(COUNT(E97)=1,IF(E97=MIN(E$91:E$98),G97*$E$2,0),0) -> 0 | I97: =MOD(F97+H97,$E$1) -> 7 | K97: =MOD($E11+K$90,$E$1) -> 7 | L97: =IF(J97=MIN(J$91:J$98),G97+1,0) -> 1 | M97: =IF(COUNT(J97)=1,IF(J97=MIN(J$91:J$98),L97*$E$2,0),0) -> 0 | N97: =MOD(K97+M97,$E$1) -> 7 | P97: =MOD($E11+P$90,$E$1) -> 7 | Q97: =IF(O97=MIN(O$91:O$98),L97+1,0) -> 2 | R97: =IF(COUNT(O97)=1,IF(O97=MIN(O$91:O$98),Q97*$E$2,0),0) -> 0 | S97: =MOD(P97+R97,$E$1) -> 7 | U97: =MOD($E11+U$90,$E$1) -> 7 | V97: =IF(T97=MIN(T$91:T$98),Q97+1,0) -> 3 | W97: =IF(COUNT(T97)=1,IF(T97=MIN(T$91:T$98),V97*$E$2,0),0) -> 0 | X97: =MOD(U97+W97,$E$1) -> 7 | Z97: =MOD($E11+Z$60,$E$1) -> 9 | AB97: =MOD($E11+AB$90,$E$1) -> 7 | AD97: =MOD($E11+AD$90,$E$1) -> 7 | AE97: =MOD(ABS(AB98+8-AB97),$E$1) -> 4 | AF97: =MOD(ABS(AD98+8-AD97),$E$1) -> 4
B98: 8 | C98: =IF(B98=MIN(B$51:B$58),1,0) -> 0 | D98: =MOD($E12+D$90,$E$1) -> 3 | F98: =MOD($E12+F$90,$E$1) -> 3 | G98: =IF(E98=MIN(E$91:E$98),1,0) -> 0 | H98: =IF(COUNT(E98)=1,IF(E98=MIN(E$91:E$98),G98*$E$2,0),0) -> 0 | I98: =MOD(F98+H98,$E$1) -> 3 | K98: =MOD($E12+K$90,$E$1) -> 3 | L98: =IF(J98=MIN(J$91:J$98),G98+1,0) -> 1 | M98: =IF(COUNT(J98)=1,IF(J98=MIN(J$91:J$98),L98*$E$2,0),0) -> 0 | N98: =MOD(K98+M98,$E$1) -> 3 | P98: =MOD($E12+P$90,$E$1) -> 3 | Q98: =IF(O98=MIN(O$91:O$98),L98+1,0) -> 2 | R98: =IF(COUNT(O98)=1,IF(O98=MIN(O$91:O$98),Q98*$E$2,0),0) -> 0 | S98: =MOD(P98+R98,$E$1) -> 3 | U98: =MOD($E12+U$90,$E$1) -> 3 | V98: =IF(T98=MIN(T$91:T$98),Q98+1,0) -> 3 | W98: =IF(COUNT(T98)=1,IF(T98=MIN(T$91:T$98),V98*$E$2,0),0) -> 0 | X98: =MOD(U98+W98,$E$1) -> 3 | Z98: =MOD($E12+Z$60,$E$1) -> 5 | AB98: =MOD($E12+AB$90,$E$1) -> 3 | AD98: =MOD($E12+AD$90,$E$1) -> 3 | AE98: =MOD(ABS(AB91+8-AB98), $E$1) -> 6 | AF98: =MOD(ABS(AD91+8-AD98), $E$1) -> 6
A100: 6 | B100: SALT PEER | C100: CTR Count | D100: =L10 -> 3 | F100: =D100 -> 3 | G100: CTR Count | H100: 계산 | K100: =F100 -> 3 | L100: CTR Count | M100: 계산 | P100: =K100 -> 3 | Q100: CTR Count | R100: 계산 | U100: =K100 -> 3 | V100: CTR Count | W100: 계산 | Z100: =U100 -> 3 | AB100: =Z100 -> 3 | AD100: =AB100 -> 3
B101: 1 | C101: 0 | D101: =MOD($E5+D$100,$E$1) -> 10 | F101: =MOD($E5+F$100,$E$1) -> 10 | G101: =IF(E101="",0, IF(E101=MIN(E$101:E$108),1,0)) -> 0 | H101: =IF(COUNT(E101)=1,IF(E101=MIN(E$101:E$108),G101*$E$2,0),0) -> 0 | I101: =MOD(F101+H101,$E$1) -> 10 | K101: =MOD($E5+K$100,$E$1) -> 10 | L101: =IF(J101="",0, IF(J101=MIN(J$101:J$108),G101+1,0)) -> 0 | M101: =IF(COUNT(J101)=1,IF(J101=MIN(J$101:J$108),L101*$E$2,0),0) -> 0 | N101: =MOD(K101+M101,$E$1) -> 10 | P101: =MOD($E5+P$100,$E$1) -> 10 | Q101: =IF(O101="",0, IF(O101=MIN(O$101:O$108),L101+1,0)) -> 0 | R101: =IF(COUNT(O101)=1,IF(O101=MIN(O$101:O$108),Q101*$E$2,0),0) -> 0 | S101: =MOD(P101+R101,$E$1) -> 10 | U101: =MOD($E5+U$100,$E$1) -> 10 | V101: =IF(T101="",0, IF(T101=MIN(T$101:T$108),Q101+1,0)) -> 0 | W101: =IF(COUNT(T101)=1,IF(T101=MIN(T$101:T$108),V101*$E$2,0),0) -> 0 | X101: =MOD(U101+W101,$E$1) -> 10 | Z101: =MOD($E5+Z$100,$E$1) -> 10 | AB101: =MOD($E5+AB$100,$E$1) -> 10 | AD101: =MOD($E5+AD$100,$E$1) -> 10
B102: 2 | C102: =IF(B102=MIN(B$51:B$58),1,0) -> 0 | D102: =MOD($E6+D$100,$E$1) -> 6 | E102: 12 | F102: =MOD($E6+F$100,$E$1) -> 6 | G102: =IF(E102="",0, IF(E102=MIN(E$101:E$108),1,0)) -> 0 | H102: =IF(COUNT(E102)=1,IF(E102=MIN(E$101:E$108),G102*$E$2,0),0) -> 0 | I102: =MOD(F102+H102,$E$1) -> 6 | K102: =MOD($E6+K$100,$E$1) -> 6 | L102: =IF(J102="",0, IF(J102=MIN(J$101:J$108),G102+1,0)) -> 0 | M102: =IF(COUNT(J102)=1,IF(J102=MIN(J$101:J$108),L102*$E$2,0),0) -> 0 | N102: =MOD(K102+M102,$E$1) -> 6 | P102: =MOD($E6+P$100,$E$1) -> 6 | Q102: =IF(O102="",0, IF(O102=MIN(O$101:O$108),L102+1,0)) -> 0 | R102: =IF(COUNT(O102)=1,IF(O102=MIN(O$101:O$108),Q102*$E$2,0),0) -> 0 | S102: =MOD(P102+R102,$E$1) -> 6 | U102: =MOD($E6+U$100,$E$1) -> 6 | V102: =IF(T102="",0, IF(T102=MIN(T$101:T$108),Q102+1,0)) -> 0 | W102: =IF(COUNT(T102)=1,IF(T102=MIN(T$101:T$108),V102*$E$2,0),0) -> 0 | X102: =MOD(U102+W102,$E$1) -> 6 | Z102: =MOD($E6+Z$100,$E$1) -> 6 | AB102: =MOD($E6+AB$100,$E$1) -> 6 | AD102: =MOD($E6+AD$100,$E$1) -> 6
B103: 3 | C103: =IF(B103=MIN(B$51:B$58),1,0) -> 0 | D103: =MOD($E7+D$100,$E$1) -> 1 | F103: =MOD($E7+F$100,$E$1) -> 1 | G103: =IF(E103="",0, IF(E103=MIN(E$101:E$108),1,0)) -> 0 | H103: =IF(COUNT(E103)=1,IF(E103=MIN(E$101:E$108),G103*$E$2,0),0) -> 0 | I103: =MOD(F103+H103,$E$1) -> 1 | K103: =MOD($E7+K$100,$E$1) -> 1 | L103: =IF(J103="",0, IF(J103=MIN(J$101:J$108),G103+1,0)) -> 0 | M103: =IF(COUNT(J103)=1,IF(J103=MIN(J$101:J$108),L103*$E$2,0),0) -> 0 | N103: =MOD(K103+M103,$E$1) -> 1 | P103: =MOD($E7+P$100,$E$1) -> 1 | Q103: =IF(O103="",0, IF(O103=MIN(O$101:O$108),L103+1,0)) -> 0 | R103: =IF(COUNT(O103)=1,IF(O103=MIN(O$101:O$108),Q103*$E$2,0),0) -> 0 | S103: =MOD(P103+R103,$E$1) -> 1 | U103: =MOD($E7+U$100,$E$1) -> 1 | V103: =IF(T103="",0, IF(T103=MIN(T$101:T$108),Q103+1,0)) -> 0 | W103: =IF(COUNT(T103)=1,IF(T103=MIN(T$101:T$108),V103*$E$2,0),0) -> 0 | X103: =MOD(U103+W103,$E$1) -> 1 | Z103: =MOD($E7+Z$100,$E$1) -> 1 | AB103: =MOD($E7+AB$100,$E$1) -> 1 | AD103: =MOD($E7+AD$100,$E$1) -> 1
B104: 4 | C104: =IF(B104=MIN(B$51:B$58),1,0) -> 0 | D104: =MOD($E8+D$100,$E$1) -> 13 | F104: =MOD($E8+F$100,$E$1) -> 13 | G104: =IF(E104="",0, IF(E104=MIN(E$101:E$108),1,0)) -> 0 | H104: =IF(COUNT(E104)=1,IF(E104=MIN(E$101:E$108),G104*$E$2,0),0) -> 0 | I104: =MOD(F104+H104,$E$1) -> 13 | K104: =MOD($E8+K$100,$E$1) -> 13 | L104: =IF(J104="",0, IF(J104=MIN(J$101:J$108),G104+1,0)) -> 0 | M104: =IF(COUNT(J104)=1,IF(J104=MIN(J$101:J$108),L104*$E$2,0),0) -> 0 | N104: =MOD(K104+M104,$E$1) -> 13 | P104: =MOD($E8+P$100,$E$1) -> 13 | Q104: =IF(O104="",0, IF(O104=MIN(O$101:O$108),L104+1,0)) -> 0 | R104: =IF(COUNT(O104)=1,IF(O104=MIN(O$101:O$108),Q104*$E$2,0),0) -> 0 | S104: =MOD(P104+R104,$E$1) -> 13 | U104: =MOD($E8+U$100,$E$1) -> 13 | V104: =IF(T104="",0, IF(T104=MIN(T$101:T$108),Q104+1,0)) -> 0 | W104: =IF(COUNT(T104)=1,IF(T104=MIN(T$101:T$108),V104*$E$2,0),0) -> 0 | X104: =MOD(U104+W104,$E$1) -> 13 | Z104: =MOD($E8+Z$100,$E$1) -> 13 | AB104: =MOD($E8+AB$100,$E$1) -> 13 | AD104: =MOD($E8+AD$100,$E$1) -> 13
B105: 5 | C105: =IF(B105=MIN(B$51:B$58),1,0) -> 0 | D105: =MOD($E9+D$100,$E$1) -> 7 | F105: =MOD($E9+F$100,$E$1) -> 7 | G105: =IF(E105="",0, IF(E105=MIN(E$101:E$108),1,0)) -> 0 | H105: =IF(COUNT(E105)=1,IF(E105=MIN(E$101:E$108),G105*$E$2,0),0) -> 0 | I105: =MOD(F105+H105,$E$1) -> 7 | K105: =MOD($E9+K$100,$E$1) -> 7 | L105: =IF(J105="",0, IF(J105=MIN(J$101:J$108),G105+1,0)) -> 0 | M105: =IF(COUNT(J105)=1,IF(J105=MIN(J$101:J$108),L105*$E$2,0),0) -> 0 | N105: =MOD(K105+M105,$E$1) -> 7 | P105: =MOD($E9+P$100,$E$1) -> 7 | Q105: =IF(O105="",0, IF(O105=MIN(O$101:O$108),L105+1,0)) -> 0 | R105: =IF(COUNT(O105)=1,IF(O105=MIN(O$101:O$108),Q105*$E$2,0),0) -> 0 | S105: =MOD(P105+R105,$E$1) -> 7 | U105: =MOD($E9+U$100,$E$1) -> 7 | V105: =IF(T105="",0, IF(T105=MIN(T$101:T$108),Q105+1,0)) -> 0 | W105: =IF(COUNT(T105)=1,IF(T105=MIN(T$101:T$108),V105*$E$2,0),0) -> 0 | X105: =MOD(U105+W105,$E$1) -> 7 | Z105: =MOD($E9+Z$100,$E$1) -> 7 | AB105: =MOD($E9+AB$100,$E$1) -> 7 | AD105: =MOD($E9+AD$100,$E$1) -> 7
B106: 6 | C106: =IF(B106=MIN(B$51:B$58),1,0) -> 0 | D106: =MOD($E10+D$100,$E$1) -> 3 | E106: 11 | F106: =MOD($E10+F$100,$E$1) -> 3 | G106: =IF(E106="",0, IF(E106=MIN(E$101:E$108),1,0)) -> 1 | H106: =IF(COUNT(E106)=1,IF(E106=MIN(E$101:E$108),G106*$E$2,0),0) -> 5 | I106: =MOD(F106+H106,$E$1) -> 8 | K106: =MOD($E10+K$100,$E$1) -> 3 | L106: =IF(J106="",0, IF(J106=MIN(J$101:J$108),G106+1,0)) -> 0 | M106: =IF(COUNT(J106)=1,IF(J106=MIN(J$101:J$108),L106*$E$2,0),0) -> 0 | N106: =MOD(K106+M106,$E$1) -> 3 | P106: =MOD($E10+P$100,$E$1) -> 3 | Q106: =IF(O106="",0, IF(O106=MIN(O$101:O$108),L106+1,0)) -> 0 | R106: =IF(COUNT(O106)=1,IF(O106=MIN(O$101:O$108),Q106*$E$2,0),0) -> 0 | S106: =MOD(P106+R106,$E$1) -> 3 | U106: =MOD($E10+U$100,$E$1) -> 3 | V106: =IF(T106="",0, IF(T106=MIN(T$101:T$108),Q106+1,0)) -> 0 | W106: =IF(COUNT(T106)=1,IF(T106=MIN(T$101:T$108),V106*$E$2,0),0) -> 0 | X106: =MOD(U106+W106,$E$1) -> 3 | Z106: =MOD($E10+Z$100,$E$1) -> 3 | AB106: =MOD($E10+AB$100,$E$1) -> 3 | AD106: =MOD($E10+AD$100,$E$1) -> 3
B107: 7 | C107: =IF(B107=MIN(B$51:B$58),1,0) -> 0 | D107: =MOD($E11+D$100,$E$1) -> 0 | F107: =MOD($E11+F$100,$E$1) -> 0 | G107: =IF(E107="",0, IF(E107=MIN(E$101:E$108),1,0)) -> 0 | H107: =IF(COUNT(E107)=1,IF(E107=MIN(E$101:E$108),G107*$E$2,0),0) -> 0 | I107: =MOD(F107+H107,$E$1) -> 0 | K107: =MOD($E11+K$100,$E$1) -> 0 | L107: =IF(J107="",0, IF(J107=MIN(J$101:J$108),G107+1,0)) -> 0 | M107: =IF(COUNT(J107)=1,IF(J107=MIN(J$101:J$108),L107*$E$2,0),0) -> 0 | N107: =MOD(K107+M107,$E$1) -> 0 | P107: =MOD($E11+P$100,$E$1) -> 0 | Q107: =IF(O107="",0, IF(O107=MIN(O$101:O$108),L107+1,0)) -> 0 | R107: =IF(COUNT(O107)=1,IF(O107=MIN(O$101:O$108),Q107*$E$2,0),0) -> 0 | S107: =MOD(P107+R107,$E$1) -> 0 | U107: =MOD($E11+U$100,$E$1) -> 0 | V107: =IF(T107="",0, IF(T107=MIN(T$101:T$108),Q107+1,0)) -> 0 | W107: =IF(COUNT(T107)=1,IF(T107=MIN(T$101:T$108),V107*$E$2,0),0) -> 0 | X107: =MOD(U107+W107,$E$1) -> 0 | Z107: =MOD($E11+Z$100,$E$1) -> 0 | AB107: =MOD($E11+AB$100,$E$1) -> 0 | AD107: =MOD($E11+AD$100,$E$1) -> 0
B108: 8 | C108: =IF(B108=MIN(B$51:B$58),1,0) -> 0 | D108: =MOD($E12+D$100,$E$1) -> 12 | F108: =MOD($E12+F$100,$E$1) -> 12 | G108: =IF(E108="",0, IF(E108=MIN(E$101:E$108),1,0)) -> 0 | H108: =IF(COUNT(E108)=1,IF(E108=MIN(E$101:E$108),G108*$E$2,0),0) -> 0 | I108: =MOD(F108+H108,$E$1) -> 12 | K108: =MOD($E12+K$100,$E$1) -> 12 | L108: =IF(J108="",0, IF(J108=MIN(J$101:J$108),G108+1,0)) -> 0 | M108: =IF(COUNT(J108)=1,IF(J108=MIN(J$101:J$108),L108*$E$2,0),0) -> 0 | N108: =MOD(K108+M108,$E$1) -> 12 | P108: =MOD($E12+P$100,$E$1) -> 12 | Q108: =IF(O108="",0, IF(O108=MIN(O$101:O$108),L108+1,0)) -> 0 | R108: =IF(COUNT(O108)=1,IF(O108=MIN(O$101:O$108),Q108*$E$2,0),0) -> 0 | S108: =MOD(P108+R108,$E$1) -> 12 | U108: =MOD($E12+U$100,$E$1) -> 12 | V108: =IF(T108="",0, IF(T108=MIN(T$101:T$108),Q108+1,0)) -> 0 | W108: =IF(COUNT(T108)=1,IF(T108=MIN(T$101:T$108),V108*$E$2,0),0) -> 0 | X108: =MOD(U108+W108,$E$1) -> 12 | Z108: =MOD($E12+Z$100,$E$1) -> 12 | AB108: =MOD($E12+AB$100,$E$1) -> 12 | AD108: =MOD($E12+AD$100,$E$1) -> 12
A110: 7 | B110: SALT PEER | C110: CTR Count | D110: =L11 -> 8 | F110: =D110 -> 8 | G110: CTR Count | H110: 계산 | K110: =F110 -> 8 | L110: CTR Count | M110: 계산 | P110: =K110 -> 8 | Q110: CTR Count | R110: 계산 | U110: =K110 -> 8 | V110: CTR Count | W110: 계산 | Z110: =U110 -> 8 | AB110: =Z110 -> 8 | AD110: =AB110 -> 8
B111: 1 | C111: 0 | D111: =MOD($E5+D$110,$E$1) -> 15 | F111: =MOD($E5+F$110,$E$1) -> 15 | G111: =IF(E111=MIN(E$111:E$118),1,0) -> 0 | H111: =IF(COUNT(E111)=1,IF(E111=MIN(E$111:E$118),G111*$E$2,0),0) -> 0 | I111: =MOD(F111+H111,$E$1) -> 15 | K111: =MOD($E5+K$110,$E$1) -> 15 | L111: =IF(J111=MIN(J$111:J$118),G111+1,0) -> 1 | M111: =IF(COUNT(J111)=1,IF(J111=MIN(J$111:J$118),L111*$E$2,0),0) -> 0 | N111: =MOD(K111+M111,$E$1) -> 15 | P111: =MOD($E5+P$110,$E$1) -> 15 | Q111: =IF(O111=MIN(O$111:O$118),L111+1,0) -> 2 | R111: =IF(COUNT(O111)=1,IF(O111=MIN(O$111:O$118),Q111*$E$2,0),0) -> 0 | S111: =MOD(P111+R111,$E$1) -> 15 | U111: =MOD($E5+U$110,$E$1) -> 15 | V111: =IF(T111=MIN(T$111:T$118),Q111+1,0) -> 3 | W111: =IF(COUNT(T111)=1,IF(T111=MIN(T$111:T$118),V111*$E$2,0),0) -> 0 | X111: =MOD(U111+W111,$E$1) -> 15 | Z111: =MOD($E5+Z$110,$E$1) -> 15 | AB111: =MOD($E5+AB$110,$E$1) -> 15 | AD111: =MOD($E5+AD$110,$E$1) -> 15
B112: 2 | C112: =IF(B112=MIN(B$51:B$58),1,0) -> 0 | D112: =MOD($E6+D$110,$E$1) -> 11 | F112: =MOD($E6+F$110,$E$1) -> 11 | G112: =IF(E112=MIN(E$111:E$118),1,0) -> 0 | H112: =IF(COUNT(E112)=1,IF(E112=MIN(E$111:E$118),G112*$E$2,0),0) -> 0 | I112: =MOD(F112+H112,$E$1) -> 11 | K112: =MOD($E6+K$110,$E$1) -> 11 | L112: =IF(J112=MIN(J$111:J$118),G112+1,0) -> 1 | M112: =IF(COUNT(J112)=1,IF(J112=MIN(J$111:J$118),L112*$E$2,0),0) -> 0 | N112: =MOD(K112+M112,$E$1) -> 11 | P112: =MOD($E6+P$110,$E$1) -> 11 | Q112: =IF(O112=MIN(O$111:O$118),L112+1,0) -> 2 | R112: =IF(COUNT(O112)=1,IF(O112=MIN(O$111:O$118),Q112*$E$2,0),0) -> 0 | S112: =MOD(P112+R112,$E$1) -> 11 | U112: =MOD($E6+U$110,$E$1) -> 11 | V112: =IF(T112=MIN(T$111:T$118),Q112+1,0) -> 3 | W112: =IF(COUNT(T112)=1,IF(T112=MIN(T$111:T$118),V112*$E$2,0),0) -> 0 | X112: =MOD(U112+W112,$E$1) -> 11 | Z112: =MOD($E6+Z$110,$E$1) -> 11 | AB112: =MOD($E6+AB$110,$E$1) -> 11 | AD112: =MOD($E6+AD$110,$E$1) -> 11
B113: 3 | C113: =IF(B113=MIN(B$51:B$58),1,0) -> 0 | D113: =MOD($E7+D$110,$E$1) -> 6 | E113: 8 | F113: =MOD($E7+F$110,$E$1) -> 6 | G113: =IF(E113=MIN(E$111:E$118),1,0) -> 0 | H113: =IF(COUNT(E113)=1,IF(E113=MIN(E$111:E$118),G113*$E$2,0),0) -> 0 | I113: =MOD(F113+H113,$E$1) -> 6 | K113: =MOD($E7+K$110,$E$1) -> 6 | L113: =IF(J113=MIN(J$111:J$118),G113+1,0) -> 1 | M113: =IF(COUNT(J113)=1,IF(J113=MIN(J$111:J$118),L113*$E$2,0),0) -> 0 | N113: =MOD(K113+M113,$E$1) -> 6 | P113: =MOD($E7+P$110,$E$1) -> 6 | Q113: =IF(O113=MIN(O$111:O$118),L113+1,0) -> 2 | R113: =IF(COUNT(O113)=1,IF(O113=MIN(O$111:O$118),Q113*$E$2,0),0) -> 0 | S113: =MOD(P113+R113,$E$1) -> 6 | U113: =MOD($E7+U$110,$E$1) -> 6 | V113: =IF(T113=MIN(T$111:T$118),Q113+1,0) -> 3 | W113: =IF(COUNT(T113)=1,IF(T113=MIN(T$111:T$118),V113*$E$2,0),0) -> 0 | X113: =MOD(U113+W113,$E$1) -> 6 | Z113: =MOD($E7+Z$110,$E$1) -> 6 | AB113: =MOD($E7+AB$110,$E$1) -> 6 | AD113: =MOD($E7+AD$110,$E$1) -> 6
B114: 4 | C114: =IF(B114=MIN(B$51:B$58),1,0) -> 0 | D114: =MOD($E8+D$110,$E$1) -> 2 | F114: =MOD($E8+F$110,$E$1) -> 2 | G114: =IF(E114=MIN(E$111:E$118),1,0) -> 0 | H114: =IF(COUNT(E114)=1,IF(E114=MIN(E$111:E$118),G114*$E$2,0),0) -> 0 | I114: =MOD(F114+H114,$E$1) -> 2 | K114: =MOD($E8+K$110,$E$1) -> 2 | L114: =IF(J114=MIN(J$111:J$118),G114+1,0) -> 1 | M114: =IF(COUNT(J114)=1,IF(J114=MIN(J$111:J$118),L114*$E$2,0),0) -> 0 | N114: =MOD(K114+M114,$E$1) -> 2 | P114: =MOD($E8+P$110,$E$1) -> 2 | Q114: =IF(O114=MIN(O$111:O$118),L114+1,0) -> 2 | R114: =IF(COUNT(O114)=1,IF(O114=MIN(O$111:O$118),Q114*$E$2,0),0) -> 0 | S114: =MOD(P114+R114,$E$1) -> 2 | U114: =MOD($E8+U$110,$E$1) -> 2 | V114: =IF(T114=MIN(T$111:T$118),Q114+1,0) -> 3 | W114: =IF(COUNT(T114)=1,IF(T114=MIN(T$111:T$118),V114*$E$2,0),0) -> 0 | X114: =MOD(U114+W114,$E$1) -> 2 | Z114: =MOD($E8+Z$110,$E$1) -> 2 | AB114: =MOD($E8+AB$110,$E$1) -> 2 | AD114: =MOD($E8+AD$110,$E$1) -> 2
...

Sheet 6. Peer 경로(개별 CTR, Peer 8)
A1: 1. Space 개수 | F1: 16
A2: 2. Peer 개수 | F2: 8 | G2: 2. Peer 개수
A3: 2. Peer 기본 정보
C4: ADDR | E4: crc32 | F4: HEX To INT | L4: 동작시간 | N4: UTC to INT | O4: SALT
B5: PEER 1 | C5: x.x.x.10 | E5: 3a206a07 | F5: =HEX2DEC(E5) -> 975202823 | G5: =MOD(F5,$F$1) -> 7 | K5: PEER 1 | L5: 15 Sep 2023 08:48:33 GMT | N5: 1694767713 | O5: =MOD(N5,$F$1) -> 1
B6: PEER 2 | C6: x.x.x.11 | E6: 8d3dab03 | F6: =HEX2DEC(E6) -> 2369628931 | G6: =MOD(F6,$F$1) -> 3 | K6: PEER 2 | L6: 18 Sep 2023 08:56:44 GMT | N6: 1695027404 | O6: =MOD(N6,$F$1) -> 12
B7: PEER 3 | C7: x.x.x.12 | E7: 541be80e | F7: =HEX2DEC(E7) -> 1411115022 | G7: =MOD(F7,$F$1) -> 14 | K7: PEER 3 | L7: 18 Sep 2023 08:56:47 GMT | N7: 1695027407 | O7: =MOD(N7,$F$1) -> 15
B8: PEER 4 | C8: x.x.x.13 | E8: e306290a | F8: =HEX2DEC(E8) -> 3808831754 | G8: =MOD(F8,$F$1) -> 10 | K8: PEER 4 | L8: 18 Sep 2023 08:50:46 GMT | N8: 1695027046 | O8: =MOD(N8,$F$1) -> 6
B9: PEER 5 | C9: x.x.x.14 | E9: e6566e14 | F9: =HEX2DEC(E9) -> 3864423956 | G9: =MOD(F9,$F$1) -> 4 | K9: PEER 5 | L9: 17 Sep 2023 13:20:42 GMT | N9: 1694956842 | O9: =MOD(N9,$F$1) -> 10
B10: PEER 6 | C10: x.x.x.15 | E10: 514baf10 | F10: =HEX2DEC(E10) -> 1363914512 | G10: =MOD(F10,$F$1) -> 0 | K10: PEER 6 | L10: 16 Sep 2023 13:20:35 GMT | N10: 1694870435 | O10: =MOD(N10,$F$1) -> 3
B11: PEER 7 | C11: x.x.x.16 | E11: 886dec1d | F11: =HEX2DEC(E11) -> 2288905245 | G11: =MOD(F11,$F$1) -> 13 | K11: PEER 7 | L11: 16 Sep 2023 12:19:36 GMT | N11: 1694866776 | O11: =MOD(N11,$F$1) -> 8
B12: PEER 8 | C12: x.x.x.17 | E12: 3f702d19 | F12: =HEX2DEC(E12) -> 1064316185 | G12: =MOD(F12,$F$1) -> 9 | K12: PEER 8 | L12: 15 Sep 2023 12:19:41 GMT | N12: 1694780381 | O12: =MOD(N12,$F$1) -> 13
A14: 우회 경로는 생김
A15: 경로 전송 횟수가 늘어남
A16: 1회 space 경로 작성 | G16: 사용횟수 | I16: 2회 space 경로 작성 | U16: 사용횟수 | W16: 3회 space 경로 작성 | AO16: 사용횟수 | AQ16: 4회 space 경로 작성 | BI16: 사용횟수 | BK16: 5회 space 경로 작성 | CC16: 사용횟수
A18: PEER | F18: =COUNT(F19:F98)/2 -> 8 | G18: =SUM(G19:G98) -> 8 | I18: PEER | N18: =COUNT(N19:N98)/2 -> 5 | O18: PEER | T18: =COUNT(T19:T98)/2 -> 5 | U18: =SUM(U19:U98) -> 10 | W18: PEER | AB18: =COUNT(AB19:AB98)/2 -> 4 | AC18: PEER | AH18: =COUNT(AH19:AH98)/2 -> 5 | AI18: PEER | AN18: =COUNT(AN19:AN98)/2 -> 4 | AO18: =SUM(AO19:AO98) -> 13 | AQ18: PEER | AV18: =COUNT(AV19:AV98)/2 -> 7 | AW18: PEER | BB18: =COUNT(BB19:BB98)/2 -> 3 | BC18: PEER | BH18: =COUNT(BH19:BH98)/2 -> 4 | BI18: =SUM(BI19:BI98) -> 14 | BK18: PEER | BP18: =COUNT(BP19:BP98)/2 -> 4 | BQ18: PEER | BV18: =COUNT(BV19:BV98)/2 -> 5 | BW18: PEER | CB18: =COUNT(CB19:CB98)/2 -> 3 | CC18: =SUM(CC19:CC98) -> 12
A19: 1 | B19: =O5 -> 1 | C19: CTR | D19: ctr * peer | E19: space 위치 | F19: 경로 순서 | G19: =IF(COUNT(F20:F28) >0, COUNT(F20:F28)/2,"") -> 1 | I19: 1 | K19: CTR | L19: ctr * peer | M19: space 위치 | N19: 경로 순서 | O19: 1 | Q19: CTR | R19: ctr * peer | S19: space 위치 | T19: 경로 순서 | U19: =IF(COUNT(N20:N28,T20:T28) >0, COUNT(N20:N28,T20:T28)/2,"") -> 2 | W19: 1 | Y19: CTR | Z19: ctr * peer | AA19: space 위치 | AB19: 경로 순서 | AC19: 1 | AE19: CTR | AF19: ctr * peer | AG19: space 위치 | AH19: 경로 순서 | AI19: 1 | AK19: CTR | AL19: ctr * peer | AM19: space 위치 | AN19: 경로 순서 | AO19: =IF(COUNT(AB20:AB28,AH20:AH28,AN20:AN28) >0, COUNT(AB20:AB28,AH20:AH28,AN20:AN28) /2,"") -> 3 | AQ19: 1 | AS19: CTR | AT19: ctr * peer | AU19: space 위치 | AV19: 경로 순서 | AW19: 1 | AY19: CTR | AZ19: ctr * peer | BA19: space 위치 | BB19: 경로 순서 | BC19: 1 | BE19: CTR | BF19: ctr * peer | BG19: space 위치 | BH19: 경로 순서 | BI19: =IF(COUNT(AV20:AV28,BB20:BB28,BH20:BH28) >0, COUNT(AV20:AV28,BB20:BB28,BH20:BH28) /2,"") -> 2 | BK19: 1 | BM19: CTR | BN19: ctr * peer | BO19: space 위치 | BP19: 경로 순서 | BQ19: 1 | BS19: CTR | BT19: ctr * peer | BU19: space 위치 | BV19: 경로 순서 | BW19: 1 | BY19: CTR | BZ19: ctr * peer | CA19: space 위치 | CB19: 경로 순서 | CC19: =IF(COUNT(BP20:BP28,BV20:BV28,CB20:CB28) >0, COUNT(BP20:BP28,BV20:BV28,CB20:CB28) /2,"") -> 2
B20: Peer 순서 | C20: 초기값 0 CTR=CTR+1 | D20: 계산 CTR*Peer 수 | E20: 계산 (Addr+SALT+CalCTR) % Space | J20: Peer 순서 | K20: CTR=CTR+1 | L20: 계산 CTR*Peer 수 | M20: 계산 (Addr+SALT+CalCTR) % Space | P20: Peer 순서 | Q20: CTR=CTR+1 | R20: 계산 CTR*Peer 수 | S20: 계산 (Addr+SALT+CalCTR) % Space | X20: Peer 순서 | Y20: CTR=CTR+1 | Z20: 계산 CTR*Peer 수 | AA20: 계산 (Addr+SALT+CalCTR) % Space | AD20: Peer 순서 | AE20: CTR=CTR+1 | AF20: 계산 CTR*Peer 수 | AG20: 계산 (Addr+SALT+CalCTR) % Space | AJ20: Peer 순서 | AK20: CTR=CTR+1 | AL20: 계산 CTR*Peer 수 | AM20: 계산 (Addr+SALT+CalCTR) % Space | AR20: Peer 순서 | AS20: CTR=CTR+1 | AT20: 계산 CTR*Peer 수 | AU20: 계산 (Addr+SALT+CalCTR) % Space | AX20: Peer 순서 | AY20: CTR=CTR+1 | AZ20: 계산 CTR*Peer 수 | BA20: 계산 (Addr+SALT+CalCTR) % Space | BD20: Peer 순서 | BE20: CTR=CTR+1 | BF20: 계산 CTR*Peer 수 | BG20: 계산 (Addr+SALT+CalCTR) % Space | BL20: Peer 순서 | BM20: CTR=CTR+1 | BN20: 계산 CTR*Peer 수 | BO20: 계산 (Addr+SALT+CalCTR) % Space | BR20: Peer 순서 | BS20: CTR=CTR+1 | BT20: 계산 CTR*Peer 수 | BU20: 계산 (Addr+SALT+CalCTR) % Space | BX20: Peer 순서 | BY20: CTR=CTR+1 | BZ20: 계산 CTR*Peer 수 | CA20: 계산 (Addr+SALT+CalCTR) % Space
B21: 1 | C21: 0 | D21: 0 | E21: =MOD($F5+D21+$B$19,$F$1) -> 8 | F21: 1 | J21: 1 | K21: =IF(F21="",C21,IF(F21=MIN(F$21:F$28),C21+1,0)) -> 1 | L21: =K21*$F$2 -> 8 | M21: =MOD($F5+L21+$B$19,$F$1) -> 0 | N21: 1 | P21: 1 | Q21: =IF(N21="",K21,IF(N21=MIN(N$21:N$28),K21+1,0)) -> 2 | R21: =Q21*$F$2 -> 16 | S21: =MOD($F5+R21+$B$19,$F$1) -> 8 | T21: 11 | X21: 1 | Y21: =IF(T21="",Q21,IF(T21=MIN(T$21:T$28),Q21+1,0)) -> 3 | Z21: =Y21*$F$2 -> 24 | AA21: =MOD($F5+Z21+$B$19,$F$1) -> 0 | AB21: 1 | AD21: 1 | AE21: =IF(AB21="",Y21,IF(AB21=MIN(AB$21:AB$28),Y21+1,0)) -> 4 | AF21: =AE21*$F$2 -> 32 | AG21: =MOD($F5+AF21+$B$19,$F$1) -> 8 | AH21: 9 | AJ21: 1 | AK21: =IF(AH21="",AE21,IF(AH21=MIN(AH$21:AH$28),AE21+1,0)) -> 5 | AL21: =AK21*$F$2 -> 40 | AM21: =MOD($F5+AL21+$B$19,$F$1) -> 0 | AN21: 19 | AR21: 1 | AS21: =IF(AN21="",AK21,IF(AN21=MIN(AN$21:AN$28),AK21+1,0)) -> 6 | AT21: =AS21*$F$2 -> 48 | AU21: =MOD($F5+AT21+$B$19,$F$1) -> 8 | AV21: 1 | AX21: 1 | AY21: =IF(AV21="",AS21,IF(AV21=MIN(AV$21:AV$28),AS21+1,0)) -> 7 | AZ21: =AY21*$F$2 -> 56 | BA21: =MOD($F5+AZ21+$B$19,$F$1) -> 0 | BD21: 1 | BE21: =IF(BB21="",AY21,IF(BB21=MIN(BB$21:BB$28),AY21+1,0)) -> 7 | BF21: =BE21*$F$2 -> 56 | BG21: =MOD($F5+BF21+$B$19,$F$1) -> 0 | BH21: 21 | BL21: 1 | BM21: =IF(BH21="",BE21,IF(BH21=MIN(BH$21:BH$28),BE21+1,0)) -> 8 | BN21: =BM21*$F$2 -> 64 | BO21: =MOD($F5+BN21+$B$19,$F$1) -> 8 | BP21: 1 | BR21: 1 | BS21: =IF(BP21="",BM21,IF(BP21=MIN(BP$21:BP$28),BM21+1,0)) -> 9 | BT21: =BS21*$F$2 -> 72 | BU21: =MOD($F5+BT21+$B$19,$F$1) -> 0 | BV21: 9 | BX21: 1 | BY21: =IF(BV21="",BS21,IF(BV21=MIN(BV$21:BV$28),BS21+1,0)) -> 10 | BZ21: =BY21*$F$2 -> 80 | CA21: =MOD($F5+BZ21+$B$19,$F$1) -> 8
B22: 2 | C22: =IF(B22=MIN(B$21:B$28),1,0) -> 0 | D22: 0 | E22: =MOD($F6+D22+$B$19,$F$1) -> 4 | J22: 2 | K22: =IF(F22="",C22,IF(F22=MIN(F$21:F$28),C22+1,0)) -> 0 | L22: =K22*$F$2 -> 0 | M22: =MOD($F6+L22+$B$19,$F$1) -> 4 | P22: 2 | Q22: =IF(N22="",K22,IF(N22=MIN(N$21:N$28),K22+1,0)) -> 0 | R22: =Q22*$F$2 -> 0 | S22: =MOD($F6+R22+$B$19,$F$1) -> 4 | X22: 2 | Y22: =IF(T22="",Q22,IF(T22=MIN(T$21:T$28),Q22+1,0)) -> 0 | Z22: =Y22*$F$2 -> 0 | AA22: =MOD($F6+Z22+$B$19,$F$1) -> 4 | AD22: 2 | AE22: =IF(AB22="",Y22,IF(AB22=MIN(AB$21:AB$28),Y22+1,0)) -> 0 | AF22: =AE22*$F$2 -> 0 | AG22: =MOD($F6+AF22+$B$19,$F$1) -> 4 | AJ22: 2 | AK22: =IF(AH22="",AE22,IF(AH22=MIN(AH$21:AH$28),AE22+1,0)) -> 0 | AL22: =AK22*$F$2 -> 0 | AM22: =MOD($F6+AL22+$B$19,$F$1) -> 4 | AR22: 2 | AS22: =IF(AN22="",AK22,IF(AN22=MIN(AN$21:AN$28),AK22+1,0)) -> 0 | AT22: =AS22*$F$2 -> 0 | AU22: =MOD($F6+AT22+$B$19,$F$1) -> 4 | AX22: 2 | AY22: =IF(AV22="",AS22,IF(AV22=MIN(AV$21:AV$28),AS22+1,0)) -> 0 | AZ22: =AY22*$F$2 -> 0 | BA22: =MOD($F6+AZ22+$B$19,$F$1) -> 4 | BD22: 2 | BE22: =IF(BB22="",AY22,IF(BB22=MIN(BB$21:BB$28),AY22+1,0)) -> 0 | BF22: =BE22*$F$2 -> 0 | BG22: =MOD($F6+BF22+$B$19,$F$1) -> 4 | BL22: 2 | BM22: =IF(BH22="",BE22,IF(BH22=MIN(BH$21:BH$28),BE22+1,0)) -> 0 | BN22: =BM22*$F$2 -> 0 | BO22: =MOD($F6+BN22+$B$19,$F$1) -> 4 | BR22: 2 | BS22: =IF(BP22="",BM22,IF(BP22=MIN(BP$21:BP$28),BM22+1,0)) -> 0 | BT22: =BS22*$F$2 -> 0 | BU22: =MOD($F6+BT22+$B$19,$F$1) -> 4 | BX22: 2 | BY22: =IF(BV22="",BS22,IF(BV22=MIN(BV$21:BV$28),BS22+1,0)) -> 0 | BZ22: =BY22*$F$2 -> 0 | CA22: =MOD($F6+BZ22+$B$19,$F$1) -> 4
B23: 3 | C23: =IF(B23=MIN(B$21:B$28),1,0) -> 0 | D23: 0 | E23: =MOD($F7+D23+$B$19,$F$1) -> 15 | J23: 3 | K23: =IF(F23="",C23,IF(F23=MIN(F$21:F$28),C23+1,0)) -> 0 | L23: =K23*$F$2 -> 0 | M23: =MOD($F7+L23+$B$19,$F$1) -> 15 | P23: 3 | Q23: =IF(N23="",K23,IF(N23=MIN(N$21:N$28),K23+1,0)) -> 0 | R23: =Q23*$F$2 -> 0 | S23: =MOD($F7+R23+$B$19,$F$1) -> 15 | X23: 3 | Y23: =IF(T23="",Q23,IF(T23=MIN(T$21:T$28),Q23+1,0)) -> 0 | Z23: =Y23*$F$2 -> 0 | AA23: =MOD($F7+Z23+$B$19,$F$1) -> 15 | AD23: 3 | AE23: =IF(AB23="",Y23,IF(AB23=MIN(AB$21:AB$28),Y23+1,0)) -> 0 | AF23: =AE23*$F$2 -> 0 | AG23: =MOD($F7+AF23+$B$19,$F$1) -> 15 | AJ23: 3 | AK23: =IF(AH23="",AE23,IF(AH23=MIN(AH$21:AH$28),AE23+1,0)) -> 0 | AL23: =AK23*$F$2 -> 0 | AM23: =MOD($F7+AL23+$B$19,$F$1) -> 15 | AR23: 3 | AS23: =IF(AN23="",AK23,IF(AN23=MIN(AN$21:AN$28),AK23+1,0)) -> 0 | AT23: =AS23*$F$2 -> 0 | AU23: =MOD($F7+AT23+$B$19,$F$1) -> 15 | AX23: 3 | AY23: =IF(AV23="",AS23,IF(AV23=MIN(AV$21:AV$28),AS23+1,0)) -> 0 | AZ23: =AY23*$F$2 -> 0 | BA23: =MOD($F7+AZ23+$B$19,$F$1) -> 15 | BD23: 3 | BE23: =IF(BB23="",AY23,IF(BB23=MIN(BB$21:BB$28),AY23+1,0)) -> 0 | BF23: =BE23*$F$2 -> 0 | BG23: =MOD($F7+BF23+$B$19,$F$1) -> 15 | BL23: 3 | BM23: =IF(BH23="",BE23,IF(BH23=MIN(BH$21:BH$28),BE23+1,0)) -> 0 | BN23: =BM23*$F$2 -> 0 | BO23: =MOD($F7+BN23+$B$19,$F$1) -> 15 | BR23: 3 | BS23: =IF(BP23="",BM23,IF(BP23=MIN(BP$21:BP$28),BM23+1,0)) -> 0 | BT23: =BS23*$F$2 -> 0 | BU23: =MOD($F7+BT23+$B$19,$F$1) -> 15 | BX23: 3 | BY23: =IF(BV23="",BS23,IF(BV23=MIN(BV$21:BV$28),BS23+1,0)) -> 0 | BZ23: =BY23*$F$2 -> 0 | CA23: =MOD($F7+BZ23+$B$19,$F$1) -> 15
B24: 4 | C24: =IF(B24=MIN(B$21:B$28),1,0) -> 0 | D24: 0 | E24: =MOD($F8+D24+$B$19,$F$1) -> 11 | J24: 4 | K24: =IF(F24="",C24,IF(F24=MIN(F$21:F$28),C24+1,0)) -> 0 | L24: =K24*$F$2 -> 0 | M24: =MOD($F8+L24+$B$19,$F$1) -> 11 | P24: 4 | Q24: =IF(N24="",K24,IF(N24=MIN(N$21:N$28),K24+1,0)) -> 0 | R24: =Q24*$F$2 -> 0 | S24: =MOD($F8+R24+$B$19,$F$1) -> 11 | X24: 4 | Y24: =IF(T24="",Q24,IF(T24=MIN(T$21:T$28),Q24+1,0)) -> 0 | Z24: =Y24*$F$2 -> 0 | AA24: =MOD($F8+Z24+$B$19,$F$1) -> 11 | AD24: 4 | AE24: =IF(AB24="",Y24,IF(AB24=MIN(AB$21:AB$28),Y24+1,0)) -> 0 | AF24: =AE24*$F$2 -> 0 | AG24: =MOD($F8+AF24+$B$19,$F$1) -> 11 | AJ24: 4 | AK24: =IF(AH24="",AE24,IF(AH24=MIN(AH$21:AH$28),AE24+1,0)) -> 0 | AL24: =AK24*$F$2 -> 0 | AM24: =MOD($F8+AL24+$B$19,$F$1) -> 11 | AR24: 4 | AS24: =IF(AN24="",AK24,IF(AN24=MIN(AN$21:AN$28),AK24+1,0)) -> 0 | AT24: =AS24*$F$2 -> 0 | AU24: =MOD($F8+AT24+$B$19,$F$1) -> 11 | AX24: 4 | AY24: =IF(AV24="",AS24,IF(AV24=MIN(AV$21:AV$28),AS24+1,0)) -> 0 | AZ24: =AY24*$F$2 -> 0 | BA24: =MOD($F8+AZ24+$B$19,$F$1) -> 11 | BD24: 4 | BE24: =IF(BB24="",AY24,IF(BB24=MIN(BB$21:BB$28),AY24+1,0)) -> 0 | BF24: =BE24*$F$2 -> 0 | BG24: =MOD($F8+BF24+$B$19,$F$1) -> 11 | BL24: 4 | BM24: =IF(BH24="",BE24,IF(BH24=MIN(BH$21:BH$28),BE24+1,0)) -> 0 | BN24: =BM24*$F$2 -> 0 | BO24: =MOD($F8+BN24+$B$19,$F$1) -> 11 | BR24: 4 | BS24: =IF(BP24="",BM24,IF(BP24=MIN(BP$21:BP$28),BM24+1,0)) -> 0 | BT24: =BS24*$F$2 -> 0 | BU24: =MOD($F8+BT24+$B$19,$F$1) -> 11 | BX24: 4 | BY24: =IF(BV24="",BS24,IF(BV24=MIN(BV$21:BV$28),BS24+1,0)) -> 0 | BZ24: =BY24*$F$2 -> 0 | CA24: =MOD($F8+BZ24+$B$19,$F$1) -> 11
B25: 5 | C25: =IF(B25=MIN(B$21:B$28),1,0) -> 0 | D25: 0 | E25: =MOD($F9+D25+$B$19,$F$1) -> 5 | J25: 5 | K25: =IF(F25="",C25,IF(F25=MIN(F$21:F$28),C25+1,0)) -> 0 | L25: =K25*$F$2 -> 0 | M25: =MOD($F9+L25+$B$19,$F$1) -> 5 | P25: 5 | Q25: =IF(N25="",K25,IF(N25=MIN(N$21:N$28),K25+1,0)) -> 0 | R25: =Q25*$F$2 -> 0 | S25: =MOD($F9+R25+$B$19,$F$1) -> 5 | X25: 5 | Y25: =IF(T25="",Q25,IF(T25=MIN(T$21:T$28),Q25+1,0)) -> 0 | Z25: =Y25*$F$2 -> 0 | AA25: =MOD($F9+Z25+$B$19,$F$1) -> 5 | AD25: 5 | AE25: =IF(AB25="",Y25,IF(AB25=MIN(AB$21:AB$28),Y25+1,0)) -> 0 | AF25: =AE25*$F$2 -> 0 | AG25: =MOD($F9+AF25+$B$19,$F$1) -> 5 | AJ25: 5 | AK25: =IF(AH25="",AE25,IF(AH25=MIN(AH$21:AH$28),AE25+1,0)) -> 0 | AL25: =AK25*$F$2 -> 0 | AM25: =MOD($F9+AL25+$B$19,$F$1) -> 5 | AR25: 5 | AS25: =IF(AN25="",AK25,IF(AN25=MIN(AN$21:AN$28),AK25+1,0)) -> 0 | AT25: =AS25*$F$2 -> 0 | AU25: =MOD($F9+AT25+$B$19,$F$1) -> 5 | AX25: 5 | AY25: =IF(AV25="",AS25,IF(AV25=MIN(AV$21:AV$28),AS25+1,0)) -> 0 | AZ25: =AY25*$F$2 -> 0 | BA25: =MOD($F9+AZ25+$B$19,$F$1) -> 5 | BD25: 5 | BE25: =IF(BB25="",AY25,IF(BB25=MIN(BB$21:BB$28),AY25+1,0)) -> 0 | BF25: =BE25*$F$2 -> 0 | BG25: =MOD($F9+BF25+$B$19,$F$1) -> 5 | BL25: 5 | BM25: =IF(BH25="",BE25,IF(BH25=MIN(BH$21:BH$28),BE25+1,0)) -> 0 | BN25: =BM25*$F$2 -> 0 | BO25: =MOD($F9+BN25+$B$19,$F$1) -> 5 | BR25: 5 | BS25: =IF(BP25="",BM25,IF(BP25=MIN(BP$21:BP$28),BM25+1,0)) -> 0 | BT25: =BS25*$F$2 -> 0 | BU25: =MOD($F9+BT25+$B$19,$F$1) -> 5 | BX25: 5 | BY25: =IF(BV25="",BS25,IF(BV25=MIN(BV$21:BV$28),BS25+1,0)) -> 0 | BZ25: =BY25*$F$2 -> 0 | CA25: =MOD($F9+BZ25+$B$19,$F$1) -> 5
B26: 6 | C26: =IF(B26=MIN(B$21:B$28),1,0) -> 0 | D26: 0 | E26: =MOD($F10+D26+$B$19,$F$1) -> 1 | J26: 6 | K26: =IF(F26="",C26,IF(F26=MIN(F$21:F$28),C26+1,0)) -> 0 | L26: =K26*$F$2 -> 0 | M26: =MOD($F10+L26+$B$19,$F$1) -> 1 | N26: 2 | P26: 6 | Q26: =IF(N26="",K26,IF(N26=MIN(N$21:N$28),K26+1,0)) -> 0 | R26: =Q26*$F$2 -> 0 | S26: =MOD($F10+R26+$B$19,$F$1) -> 1 | X26: 6 | Y26: =IF(T26="",Q26,IF(T26=MIN(T$21:T$28),Q26+1,0)) -> 0 | Z26: =Y26*$F$2 -> 0 | AA26: =MOD($F10+Z26+$B$19,$F$1) -> 1 | AB26: 2 | AD26: 6 | AE26: =IF(AB26="",Y26,IF(AB26=MIN(AB$21:AB$28),Y26+1,0)) -> 0 | AF26: =AE26*$F$2 -> 0 | AG26: =MOD($F10+AF26+$B$19,$F$1) -> 1 | AJ26: 6 | AK26: =IF(AH26="",AE26,IF(AH26=MIN(AH$21:AH$28),AE26+1,0)) -> 0 | AL26: =AK26*$F$2 -> 0 | AM26: =MOD($F10+AL26+$B$19,$F$1) -> 1 | AN26: 20 | AR26: 6 | AS26: =IF(AN26="",AK26,IF(AN26=MIN(AN$21:AN$28),AK26+1,0)) -> 0 | AT26: =AS26*$F$2 -> 0 | AU26: =MOD($F10+AT26+$B$19,$F$1) -> 1 | AX26: 6 | AY26: =IF(AV26="",AS26,IF(AV26=MIN(AV$21:AV$28),AS26+1,0)) -> 0 | AZ26: =AY26*$F$2 -> 0 | BA26: =MOD($F10+AZ26+$B$19,$F$1) -> 1 | BD26: 6 | BE26: =IF(BB26="",AY26,IF(BB26=MIN(BB$21:BB$28),AY26+1,0)) -> 0 | BF26: =BE26*$F$2 -> 0 | BG26: =MOD($F10+BF26+$B$19,$F$1) -> 1 | BH26: 22 | BL26: 6 | BM26: =IF(BH26="",BE26,IF(BH26=MIN(BH$21:BH$28),BE26+1,0)) -> 0 | BN26: =BM26*$F$2 -> 0 | BO26: =MOD($F10+BN26+$B$19,$F$1) -> 1 | BR26: 6 | BS26: =IF(BP26="",BM26,IF(BP26=MIN(BP$21:BP$28),BM26+1,0)) -> 0 | BT26: =BS26*$F$2 -> 0 | BU26: =MOD($F10+BT26+$B$19,$F$1) -> 1 | BV26: 10 | BX26: 6 | BY26: =IF(BV26="",BS26,IF(BV26=MIN(BV$21:BV$28),BS26+1,0)) -> 0 | BZ26: =BY26*$F$2 -> 0 | CA26: =MOD($F10+BZ26+$B$19,$F$1) -> 1
B27: 7 | C27: =IF(B27=MIN(B$21:B$28),1,0) -> 0 | D27: 0 | E27: =MOD($F11+D27+$B$19,$F$1) -> 14 | J27: 7 | K27: =IF(F27="",C27,IF(F27=MIN(F$21:F$28),C27+1,0)) -> 0 | L27: =K27*$F$2 -> 0 | M27: =MOD($F11+L27+$B$19,$F$1) -> 14 | P27: 7 | Q27: =IF(N27="",K27,IF(N27=MIN(N$21:N$28),K27+1,0)) -> 0 | R27: =Q27*$F$2 -> 0 | S27: =MOD($F11+R27+$B$19,$F$1) -> 14 | X27: 7 | Y27: =IF(T27="",Q27,IF(T27=MIN(T$21:T$28),Q27+1,0)) -> 0 | Z27: =Y27*$F$2 -> 0 | AA27: =MOD($F11+Z27+$B$19,$F$1) -> 14 | AD27: 7 | AE27: =IF(AB27="",Y27,IF(AB27=MIN(AB$21:AB$28),Y27+1,0)) -> 0 | AF27: =AE27*$F$2 -> 0 | AG27: =MOD($F11+AF27+$B$19,$F$1) -> 14 | AJ27: 7 | AK27: =IF(AH27="",AE27,IF(AH27=MIN(AH$21:AH$28),AE27+1,0)) -> 0 | AL27: =AK27*$F$2 -> 0 | AM27: =MOD($F11+AL27+$B$19,$F$1) -> 14 | AR27: 7 | AS27: =IF(AN27="",AK27,IF(AN27=MIN(AN$21:AN$28),AK27+1,0)) -> 0 | AT27: =AS27*$F$2 -> 0 | AU27: =MOD($F11+AT27+$B$19,$F$1) -> 14 | AX27: 7 | AY27: =IF(AV27="",AS27,IF(AV27=MIN(AV$21:AV$28),AS27+1,0)) -> 0 | AZ27: =AY27*$F$2 -> 0 | BA27: =MOD($F11+AZ27+$B$19,$F$1) -> 14 | BD27: 7 | BE27: =IF(BB27="",AY27,IF(BB27=MIN(BB$21:BB$28),AY27+1,0)) -> 0 | BF27: =BE27*$F$2 -> 0 | BG27: =MOD($F11+BF27+$B$19,$F$1) -> 14 | BL27: 7 | BM27: =IF(BH27="",BE27,IF(BH27=MIN(BH$21:BH$28),BE27+1,0)) -> 0 | BN27: =BM27*$F$2 -> 0 | BO27: =MOD($F11+BN27+$B$19,$F$1) -> 14 | BR27: 7 | BS27: =IF(BP27="",BM27,IF(BP27=MIN(BP$21:BP$28),BM27+1,0)) -> 0 | BT27: =BS27*$F$2 -> 0 | BU27: =MOD($F11+BT27+$B$19,$F$1) -> 14 | BX27: 7 | BY27: =IF(BV27="",BS27,IF(BV27=MIN(BV$21:BV$28),BS27+1,0)) -> 0 | BZ27: =BY27*$F$2 -> 0 | CA27: =MOD($F11+BZ27+$B$19,$F$1) -> 14
B28: 8 | C28: =IF(B28=MIN(B$21:B$28),1,0) -> 0 | D28: 0 | E28: =MOD($F12+D28+$B$19,$F$1) -> 10 | F28: 2 | J28: 8 | K28: =IF(F28="",C28,IF(F28=MIN(F$21:F$28),C28+1,0)) -> 0 | L28: =K28*$F$2 -> 0 | M28: =MOD($F12+L28+$B$19,$F$1) -> 10 | P28: 8 | Q28: =IF(N28="",K28,IF(N28=MIN(N$21:N$28),K28+1,0)) -> 0 | R28: =Q28*$F$2 -> 0 | S28: =MOD($F12+R28+$B$19,$F$1) -> 10 | T28: 12 | X28: 8 | Y28: =IF(T28="",Q28,IF(T28=MIN(T$21:T$28),Q28+1,0)) -> 0 | Z28: =Y28*$F$2 -> 0 | AA28: =MOD($F12+Z28+$B$19,$F$1) -> 10 | AD28: 8 | AE28: =IF(AB28="",Y28,IF(AB28=MIN(AB$21:AB$28),Y28+1,0)) -> 0 | AF28: =AE28*$F$2 -> 0 | AG28: =MOD($F12+AF28+$B$19,$F$1) -> 10 | AH28: 10 | AJ28: 8 | AK28: =IF(AH28="",AE28,IF(AH28=MIN(AH$21:AH$28),AE28+1,0)) -> 0 | AL28: =AK28*$F$2 -> 0 | AM28: =MOD($F12+AL28+$B$19,$F$1) -> 10 | AR28: 8 | AS28: =IF(AN28="",AK28,IF(AN28=MIN(AN$21:AN$28),AK28+1,0)) -> 0 | AT28: =AS28*$F$2 -> 0 | AU28: =MOD($F12+AT28+$B$19,$F$1) -> 10 | AV28: 2 | AX28: 8 | AY28: =IF(AV28="",AS28,IF(AV28=MIN(AV$21:AV$28),AS28+1,0)) -> 0 | AZ28: =AY28*$F$2 -> 0 | BA28: =MOD($F12+AZ28+$B$19,$F$1) -> 10 | BD28: 8 | BE28: =IF(BB28="",AY28,IF(BB28=MIN(BB$21:BB$28),AY28+1,0)) -> 0 | BF28: =BE28*$F$2 -> 0 | BG28: =MOD($F12+BF28+$B$19,$F$1) -> 10 | BL28: 8 | BM28: =IF(BH28="",BE28,IF(BH28=MIN(BH$21:BH$28),BE28+1,0)) -> 0 | BN28: =BM28*$F$2 -> 0 | BO28: =MOD($F12+BN28+$B$19,$F$1) -> 10 | BP28: 2 | BR28: 8 | BS28: =IF(BP28="",BM28,IF(BP28=MIN(BP$21:BP$28),BM28+1,0)) -> 0 | BT28: =BS28*$F$2 -> 0 | BU28: =MOD($F12+BT28+$B$19,$F$1) -> 10 | BX28: 8 | BY28: =IF(BV28="",BS28,IF(BV28=MIN(BV$21:BV$28),BS28+1,0)) -> 0 | BZ28: =BY28*$F$2 -> 0 | CA28: =MOD($F12+BZ28+$B$19,$F$1) -> 10
A29: 2 | B29: =O6 -> 12 | C29: CTR | D29: ctr * peer | E29: space 위치 | G29: =IF(COUNT(F30:F38) >0, COUNT(F30:F38)/2,"") -> 1 | I29: 2 | K29: CTR | L29: ctr * peer | M29: space 위치 | O29: 2 | Q29: CTR | R29: ctr * peer | S29: space 위치 | U29: =IF(COUNT(N30:N38,T30:T38) >0, COUNT(N30:N38,T30:T38)/2,"") -> 1 | W29: 2 | Y29: CTR | Z29: ctr * peer | AA29: space 위치 | AC29: 2 | AE29: CTR | AF29: ctr * peer | AG29: space 위치 | AI29: 2 | AK29: =IF(AH29="",AE29,IF(AH29=MIN(AH$21:AH$28),AE29+1,0)) -> CTR | AL29: ctr * peer | AM29: space 위치 | AO29: =IF(COUNT(AB30:AB38,AH30:AH38,AN30:AN38) >0, COUNT(AB30:AB38,AH30:AH38,AN30:AN38) /2,"") -> 2 | AQ29: 2 | AS29: CTR | AT29: ctr * peer | AU29: space 위치 | AW29: 2 | AY29: CTR | AZ29: ctr * peer | BA29: space 위치 | BC29: 2 | BE29: CTR | BF29: ctr * peer | BG29: space 위치 | BI29: =IF(COUNT(AV30:AV38,BB30:BB38,BH30:BH38) >0, COUNT(AV30:AV38,BB30:BB38,BH30:BH38) /2,"") -> 2 | BK29: 2 | BM29: CTR | BN29: ctr * peer | BO29: space 위치 | BQ29: 2 | BS29: CTR | BT29: ctr * peer | BU29: space 위치 | BW29: 2 | BY29: CTR | BZ29: ctr * peer | CA29: space 위치 | CC29: =IF(COUNT(BP30:BP38,BV30:BV38,CB30:CB38) >0, COUNT(BP30:BP38,BV30:BV38,CB30:CB38) /2,"") -> 2
B30: Peer 순서 | C30: 초기값 0 CTR=CTR+1 | D30: 계산 CTR*Peer 수 | E30: 계산 (Addr+SALT+CalCTR) % Space | J30: Peer 순서 | K30: CTR=CTR+1 | L30: 계산 CTR*Peer 수 | M30: 계산 (Addr+SALT+CalCTR) % Space | P30: Peer 순서 | Q30: CTR=CTR+1 | R30: 계산 CTR*Peer 수 | S30: 계산 (Addr+SALT+CalCTR) % Space | X30: Peer 순서 | Y30: CTR=CTR+1 | Z30: 계산 CTR*Peer 수 | AA30: 계산 (Addr+SALT+CalCTR) % Space | AD30: Peer 순서 | AE30: CTR=CTR+1 | AF30: 계산 CTR*Peer 수 | AG30: 계산 (Addr+SALT+CalCTR) % Space | AJ30: Peer 순서 | AK30: =IF(AH30="",AE30,IF(AH30=MIN(AH$21:AH$28),AE30+1,0)) -> CTR=CTR+1 | AL30: 계산 CTR*Peer 수 | AM30: 계산 (Addr+SALT+CalCTR) % Space | AR30: Peer 순서 | AS30: CTR=CTR+1 | AT30: 계산 CTR*Peer 수 | AU30: 계산 (Addr+SALT+CalCTR) % Space | AX30: Peer 순서 | AY30: CTR=CTR+1 | AZ30: 계산 CTR*Peer 수 | BA30: 계산 (Addr+SALT+CalCTR) % Space | BD30: Peer 순서 | BE30: CTR=CTR+1 | BF30: 계산 CTR*Peer 수 | BG30: 계산 (Addr+SALT+CalCTR) % Space | BL30: Peer 순서 | BM30: CTR=CTR+1 | BN30: 계산 CTR*Peer 수 | BO30: 계산 (Addr+SALT+CalCTR) % Space | BR30: Peer 순서 | BS30: CTR=CTR+1 | BT30: 계산 CTR*Peer 수 | BU30: 계산 (Addr+SALT+CalCTR) % Space | BX30: Peer 순서 | BY30: CTR=CTR+1 | BZ30: 계산 CTR*Peer 수 | CA30: 계산 (Addr+SALT+CalCTR) % Space
B31: 1 | C31: 0 | D31: 0 | E31: =MOD($F5+D31+$B$29,$F$1) -> 3 | J31: 1 | K31: =IF(F31="", C31,IF(F31=MIN(F$31:F$38),C31+1,0)) -> 0 | L31: =K31*$F$2 -> 0 | M31: =MOD($F5+L31+$B$29,$F$1) -> 3 | P31: 1 | Q31: =IF(N31="", K31,IF(N31=MIN(N$31:N$38),K31+1,0)) -> 0 | R31: =Q31*$F$2 -> 0 | S31: =MOD($F5+R31+$B$29,$F$1) -> 3 | X31: 1 | Y31: =IF(T31="", Q31,IF(T31=MIN(T$31:T$38),Q31+1,0)) -> 0 | Z31: =Y31*$F$2 -> 0 | AA31: =MOD($F5+Z31+$B$29,$F$1) -> 3 | AD31: 1 | AE31: =IF(AB31="", Y31,IF(AB31=MIN(AB$31:AB$38),Y31+1,0)) -> 0 | AF31: =AE31*$F$2 -> 0 | AG31: =MOD($F5+AF31+$B$29,$F$1) -> 3 | AJ31: 1 | AK31: =IF(AH31="",AE31,IF(AH31=MIN(AH$21:AH$28),AE31+1,0)) -> 0 | AL31: =AK31*$F$2 -> 0 | AM31: =MOD($F5+AL31+$B$29,$F$1) -> 3 | AR31: 1 | AS31: =IF(AN31="", AK31,IF(AN31=MIN(AN$31:AN$38),AK31+1,0)) -> 0 | AT31: =AS31*$F$2 -> 0 | AU31: =MOD($F5+AT31+$B$29,$F$1) -> 3 | AX31: 1 | AY31: =IF(AV31="", AS31,IF(AV31=MIN(AV$31:AV$38),AS31+1,0)) -> 0 | AZ31: =AY31*$F$2 -> 0 | BA31: =MOD($F5+AZ31+$B$29,$F$1) -> 3 | BD31: 1 | BE31: =IF(BB31="", AY31,IF(BB31=MIN(BB$31:BB$38),AY31+1,0)) -> 0 | BF31: =BE31*$F$2 -> 0 | BG31: =MOD($F5+BF31+$B$29,$F$1) -> 3 | BL31: 1 | BM31: =IF(BH31="", BE31,IF(BH31=MIN(BH$31:BH$38),BE31+1,0)) -> 0 | BN31: =BM31*$F$2 -> 0 | BO31: =MOD($F5+BN31+$B$29,$F$1) -> 3 | BR31: 1 | BS31: =IF(BP31="", BM31,IF(BP31=MIN(BP$31:BP$38),BM31+1,0)) -> 0 | BT31: =BS31*$F$2 -> 0 | BU31: =MOD($F5+BT31+$B$29,$F$1) -> 3 | BX31: 1 | BY31: =IF(BV31="", BS31,IF(BV31=MIN(BV$31:BV$38),BS31+1,0)) -> 0 | BZ31: =BY31*$F$2 -> 0 | CA31: =MOD($F5+BZ31+$B$29,$F$1) -> 3
B32: 2 | C32: =IF(B32=MIN(B$21:B$28),1,0) -> 0 | D32: 0 | E32: =MOD($F6+D32+$B$29,$F$1) -> 15 | F32: 13 | J32: 2 | K32: =IF(F32="", C32,IF(F32=MIN(F$31:F$38),C32+1,0)) -> 1 | L32: =K32*$F$2 -> 8 | M32: =MOD($F6+L32+$B$29,$F$1) -> 7 | N32: 7 | P32: 2 | Q32: =IF(N32="", K32,IF(N32=MIN(N$31:N$38),K32+1,0)) -> 2 | R32: =Q32*$F$2 -> 16 | S32: =MOD($F6+R32+$B$29,$F$1) -> 15 | X32: 2 | Y32: =IF(T32="", Q32,IF(T32=MIN(T$31:T$38),Q32+1,0)) -> 2 | Z32: =Y32*$F$2 -> 16 | AA32: =MOD($F6+Z32+$B$29,$F$1) -> 15 | AB32: 5 | AD32: 2 | AE32: =IF(AB32="", Y32,IF(AB32=MIN(AB$31:AB$38),Y32+1,0)) -> 3 | AF32: =AE32*$F$2 -> 24 | AG32: =MOD($F6+AF32+$B$29,$F$1) -> 7 | AH32: 13 | AJ32: 2 | AK32: =IF(AH32="",AE32,IF(AH32=MIN(AH$21:AH$28),AE32+1,0)) -> 0 | AL32: =AK32*$F$2 -> 0 | AM32: =MOD($F6+AL32+$B$29,$F$1) -> 15 | AR32: 2 | AS32: =IF(AN32="", AK32,IF(AN32=MIN(AN$31:AN$38),AK32+1,0)) -> 0 | AT32: =AS32*$F$2 -> 0 | AU32: =MOD($F6+AT32+$B$29,$F$1) -> 15 | AV32: 5 | AX32: 2 | AY32: =IF(AV32="", AS32,IF(AV32=MIN(AV$31:AV$38),AS32+1,0)) -> 1 | AZ32: =AY32*$F$2 -> 8 | BA32: =MOD($F6+AZ32+$B$29,$F$1) -> 7 | BB32: 15 | BD32: 2 | BE32: =IF(BB32="", AY32,IF(BB32=MIN(BB$31:BB$38),AY32+1,0)) -> 2 | BF32: =BE32*$F$2 -> 16 | BG32: =MOD($F6+BF32+$B$29,$F$1) -> 15 | BL32: 2 | BM32: =IF(BH32="", BE32,IF(BH32=MIN(BH$31:BH$38),BE32+1,0)) -> 2 | BN32: =BM32*$F$2 -> 16 | BO32: =MOD($F6+BN32+$B$29,$F$1) -> 15 | BP32: 5 | BR32: 2 | BS32: =IF(BP32="", BM32,IF(BP32=MIN(BP$31:BP$38),BM32+1,0)) -> 3 | BT32: =BS32*$F$2 -> 24 | BU32: =MOD($F6+BT32+$B$29,$F$1) -> 7 | BV32: 13 | BX32: 2 | BY32: =IF(BV32="", BS32,IF(BV32=MIN(BV$31:BV$38),BS32+1,0)) -> 4 | BZ32: =BY32*$F$2 -> 32 | CA32: =MOD($F6+BZ32+$B$29,$F$1) -> 15
B33: 3 | C33: =IF(B33=MIN(B$21:B$28),1,0) -> 0 | D33: 0 | E33: =MOD($F7+D33+$B$29,$F$1) -> 10 | J33: 3 | K33: =IF(F33="", C33,IF(F33=MIN(F$31:F$38),C33+1,0)) -> 0 | L33: =K33*$F$2 -> 0 | M33: =MOD($F7+L33+$B$29,$F$1) -> 10 | P33: 3 | Q33: =IF(N33="", K33,IF(N33=MIN(N$31:N$38),K33+1,0)) -> 0 | R33: =Q33*$F$2 -> 0 | S33: =MOD($F7+R33+$B$29,$F$1) -> 10 | X33: 3 | Y33: =IF(T33="", Q33,IF(T33=MIN(T$31:T$38),Q33+1,0)) -> 0 | Z33: =Y33*$F$2 -> 0 | AA33: =MOD($F7+Z33+$B$29,$F$1) -> 10 | AD33: 3 | AE33: =IF(AB33="", Y33,IF(AB33=MIN(AB$31:AB$38),Y33+1,0)) -> 0 | AF33: =AE33*$F$2 -> 0 | AG33: =MOD($F7+AF33+$B$29,$F$1) -> 10 | AJ33: 3 | AK33: =IF(AH33="",AE33,IF(AH33=MIN(AH$21:AH$28),AE33+1,0)) -> 0 | AL33: =AK33*$F$2 -> 0 | AM33: =MOD($F7+AL33+$B$29,$F$1) -> 10 | AR33: 3 | AS33: =IF(AN33="", AK33,IF(AN33=MIN(AN$31:AN$38),AK33+1,0)) -> 0 | AT33: =AS33*$F$2 -> 0 | AU33: =MOD($F7+AT33+$B$29,$F$1) -> 10 | AX33: 3 | AY33: =IF(AV33="", AS33,IF(AV33=MIN(AV$31:AV$38),AS33+1,0)) -> 0 | AZ33: =AY33*$F$2 -> 0 | BA33: =MOD($F7+AZ33+$B$29,$F$1) -> 10 | BD33: 3 | BE33: =IF(BB33="", AY33,IF(BB33=MIN(BB$31:BB$38),AY33+1,0)) -> 0 | BF33: =BE33*$F$2 -> 0 | BG33: =MOD($F7+BF33+$B$29,$F$1) -> 10 | BL33: 3 | BM33: =IF(BH33="", BE33,IF(BH33=MIN(BH$31:BH$38),BE33+1,0)) -> 0 | BN33: =BM33*$F$2 -> 0 | BO33: =MOD($F7+BN33+$B$29,$F$1) -> 10 | BR33: 3 | BS33: =IF(BP33="", BM33,IF(BP33=MIN(BP$31:BP$38),BM33+1,0)) -> 0 | BT33: =BS33*$F$2 -> 0 | BU33: =MOD($F7+BT33+$B$29,$F$1) -> 10 | BX33: 3 | BY33: =IF(BV33="", BS33,IF(BV33=MIN(BV$31:BV$38),BS33+1,0)) -> 0 | BZ33: =BY33*$F$2 -> 0 | CA33: =MOD($F7+BZ33+$B$29,$F$1) -> 10
B34: 4 | C34: =IF(B34=MIN(B$21:B$28),1,0) -> 0 | D34: 0 | E34: =MOD($F8+D34+$B$29,$F$1) -> 6 | J34: 4 | K34: =IF(F34="", C34,IF(F34=MIN(F$31:F$38),C34+1,0)) -> 0 | L34: =K34*$F$2 -> 0 | M34: =MOD($F8+L34+$B$29,$F$1) -> 6 | P34: 4 | Q34: =IF(N34="", K34,IF(N34=MIN(N$31:N$38),K34+1,0)) -> 0 | R34: =Q34*$F$2 -> 0 | S34: =MOD($F8+R34+$B$29,$F$1) -> 6 | X34: 4 | Y34: =IF(T34="", Q34,IF(T34=MIN(T$31:T$38),Q34+1,0)) -> 0 | Z34: =Y34*$F$2 -> 0 | AA34: =MOD($F8+Z34+$B$29,$F$1) -> 6 | AD34: 4 | AE34: =IF(AB34="", Y34,IF(AB34=MIN(AB$31:AB$38),Y34+1,0)) -> 0 | AF34: =AE34*$F$2 -> 0 | AG34: =MOD($F8+AF34+$B$29,$F$1) -> 6 | AJ34: 4 | AK34: =IF(AH34="",AE34,IF(AH34=MIN(AH$21:AH$28),AE34+1,0)) -> 0 | AL34: =AK34*$F$2 -> 0 | AM34: =MOD($F8+AL34+$B$29,$F$1) -> 6 | AR34: 4 | AS34: =IF(AN34="", AK34,IF(AN34=MIN(AN$31:AN$38),AK34+1,0)) -> 0 | AT34: =AS34*$F$2 -> 0 | AU34: =MOD($F8+AT34+$B$29,$F$1) -> 6 | AX34: 4 | AY34: =IF(AV34="", AS34,IF(AV34=MIN(AV$31:AV$38),AS34+1,0)) -> 0 | AZ34: =AY34*$F$2 -> 0 | BA34: =MOD($F8+AZ34+$B$29,$F$1) -> 6 | BD34: 4 | BE34: =IF(BB34="", AY34,IF(BB34=MIN(BB$31:BB$38),AY34+1,0)) -> 0 | BF34: =BE34*$F$2 -> 0 | BG34: =MOD($F8+BF34+$B$29,$F$1) -> 6 | BL34: 4 | BM34: =IF(BH34="", BE34,IF(BH34=MIN(BH$31:BH$38),BE34+1,0)) -> 0 | BN34: =BM34*$F$2 -> 0 | BO34: =MOD($F8+BN34+$B$29,$F$1) -> 6 | BR34: 4 | BS34: =IF(BP34="", BM34,IF(BP34=MIN(BP$31:BP$38),BM34+1,0)) -> 0 | BT34: =BS34*$F$2 -> 0 | BU34: =MOD($F8+BT34+$B$29,$F$1) -> 6 | BX34: 4 | BY34: =IF(BV34="", BS34,IF(BV34=MIN(BV$31:BV$38),BS34+1,0)) -> 0 | BZ34: =BY34*$F$2 -> 0 | CA34: =MOD($F8+BZ34+$B$29,$F$1) -> 6
B35: 5 | C35: =IF(B35=MIN(B$21:B$28),1,0) -> 0 | D35: 0 | E35: =MOD($F9+D35+$B$29,$F$1) -> 0 | F35: 14 | J35: 5 | K35: =IF(F35="", C35,IF(F35=MIN(F$31:F$38),C35+1,0)) -> 0 | L35: =K35*$F$2 -> 0 | M35: =MOD($F9+L35+$B$29,$F$1) -> 0 | P35: 5 | Q35: =IF(N35="", K35,IF(N35=MIN(N$31:N$38),K35+1,0)) -> 0 | R35: =Q35*$F$2 -> 0 | S35: =MOD($F9+R35+$B$29,$F$1) -> 0 | X35: 5 | Y35: =IF(T35="", Q35,IF(T35=MIN(T$31:T$38),Q35+1,0)) -> 0 | Z35: =Y35*$F$2 -> 0 | AA35: =MOD($F9+Z35+$B$29,$F$1) -> 0 | AB35: 6 | AD35: 5 | AE35: =IF(AB35="", Y35,IF(AB35=MIN(AB$31:AB$38),Y35+1,0)) -> 0 | AF35: =AE35*$F$2 -> 0 | AG35: =MOD($F9+AF35+$B$29,$F$1) -> 0 | AJ35: 5 | AK35: =IF(AH35="",AE35,IF(AH35=MIN(AH$21:AH$28),AE35+1,0)) -> 0 | AL35: =AK35*$F$2 -> 0 | AM35: =MOD($F9+AL35+$B$29,$F$1) -> 0 | AR35: 5 | AS35: =IF(AN35="", AK35,IF(AN35=MIN(AN$31:AN$38),AK35+1,0)) -> 0 | AT35: =AS35*$F$2 -> 0 | AU35: =MOD($F9+AT35+$B$29,$F$1) -> 0 | AV35: 6 | AX35: 5 | AY35: =IF(AV35="", AS35,IF(AV35=MIN(AV$31:AV$38),AS35+1,0)) -> 0 | AZ35: =AY35*$F$2 -> 0 | BA35: =MOD($F9+AZ35+$B$29,$F$1) -> 0 | BD35: 5 | BE35: =IF(BB35="", AY35,IF(BB35=MIN(BB$31:BB$38),AY35+1,0)) -> 0 | BF35: =BE35*$F$2 -> 0 | BG35: =MOD($F9+BF35+$B$29,$F$1) -> 0 | BL35: 5 | BM35: =IF(BH35="", BE35,IF(BH35=MIN(BH$31:BH$38),BE35+1,0)) -> 0 | BN35: =BM35*$F$2 -> 0 | BO35: =MOD($F9+BN35+$B$29,$F$1) -> 0 | BP35: 6 | BR35: 5 | BS35: =IF(BP35="", BM35,IF(BP35=MIN(BP$31:BP$38),BM35+1,0)) -> 0 | BT35: =BS35*$F$2 -> 0 | BU35: =MOD($F9+BT35+$B$29,$F$1) -> 0 | BX35: 5 | BY35: =IF(BV35="", BS35,IF(BV35=MIN(BV$31:BV$38),BS35+1,0)) -> 0 | BZ35: =BY35*$F$2 -> 0 | CA35: =MOD($F9+BZ35+$B$29,$F$1) -> 0
B36: 6 | C36: =IF(B36=MIN(B$21:B$28),1,0) -> 0 | D36: 0 | E36: =MOD($F10+D36+$B$29,$F$1) -> 12 | J36: 6 | K36: =IF(F36="", C36,IF(F36=MIN(F$31:F$38),C36+1,0)) -> 0 | L36: =K36*$F$2 -> 0 | M36: =MOD($F10+L36+$B$29,$F$1) -> 12 | P36: 6 | Q36: =IF(N36="", K36,IF(N36=MIN(N$31:N$38),K36+1,0)) -> 0 | R36: =Q36*$F$2 -> 0 | S36: =MOD($F10+R36+$B$29,$F$1) -> 12 | X36: 6 | Y36: =IF(T36="", Q36,IF(T36=MIN(T$31:T$38),Q36+1,0)) -> 0 | Z36: =Y36*$F$2 -> 0 | AA36: =MOD($F10+Z36+$B$29,$F$1) -> 12 | AD36: 6 | AE36: =IF(AB36="", Y36,IF(AB36=MIN(AB$31:AB$38),Y36+1,0)) -> 0 | AF36: =AE36*$F$2 -> 0 | AG36: =MOD($F10+AF36+$B$29,$F$1) -> 12 | AJ36: 6 | AK36: =IF(AH36="",AE36,IF(AH36=MIN(AH$21:AH$28),AE36+1,0)) -> 0 | AL36: =AK36*$F$2 -> 0 | AM36: =MOD($F10+AL36+$B$29,$F$1) -> 12 | AR36: 6 | AS36: =IF(AN36="", AK36,IF(AN36=MIN(AN$31:AN$38),AK36+1,0)) -> 0 | AT36: =AS36*$F$2 -> 0 | AU36: =MOD($F10+AT36+$B$29,$F$1) -> 12 | AX36: 6 | AY36: =IF(AV36="", AS36,IF(AV36=MIN(AV$31:AV$38),AS36+1,0)) -> 0 | AZ36: =AY36*$F$2 -> 0 | BA36: =MOD($F10+AZ36+$B$29,$F$1) -> 12 | BD36: 6 | BE36: =IF(BB36="", AY36,IF(BB36=MIN(BB$31:BB$38),AY36+1,0)) -> 0 | BF36: =BE36*$F$2 -> 0 | BG36: =MOD($F10+BF36+$B$29,$F$1) -> 12 | BL36: 6 | BM36: =IF(BH36="", BE36,IF(BH36=MIN(BH$31:BH$38),BE36+1,0)) -> 0 | BN36: =BM36*$F$2 -> 0 | BO36: =MOD($F10+BN36+$B$29,$F$1) -> 12 | BR36: 6 | BS36: =IF(BP36="", BM36,IF(BP36=MIN(BP$31:BP$38),BM36+1,0)) -> 0 | BT36: =BS36*$F$2 -> 0 | BU36: =MOD($F10+BT36+$B$29,$F$1) -> 12 | BX36: 6 | BY36: =IF(BV36="", BS36,IF(BV36=MIN(BV$31:BV$38),BS36+1,0)) -> 0 | BZ36: =BY36*$F$2 -> 0 | CA36: =MOD($F10+BZ36+$B$29,$F$1) -> 12
B37: 7 | C37: =IF(B37=MIN(B$21:B$28),1,0) -> 0 | D37: 0 | E37: =MOD($F11+D37+$B$29,$F$1) -> 9 | J37: 7 | K37: =IF(F37="", C37,IF(F37=MIN(F$31:F$38),C37+1,0)) -> 0 | L37: =K37*$F$2 -> 0 | M37: =MOD($F11+L37+$B$29,$F$1) -> 9 | N37: 8 | P37: 7 | Q37: =IF(N37="", K37,IF(N37=MIN(N$31:N$38),K37+1,0)) -> 0 | R37: =Q37*$F$2 -> 0 | S37: =MOD($F11+R37+$B$29,$F$1) -> 9 | X37: 7 | Y37: =IF(T37="", Q37,IF(T37=MIN(T$31:T$38),Q37+1,0)) -> 0 | Z37: =Y37*$F$2 -> 0 | AA37: =MOD($F11+Z37+$B$29,$F$1) -> 9 | AD37: 7 | AE37: =IF(AB37="", Y37,IF(AB37=MIN(AB$31:AB$38),Y37+1,0)) -> 0 | AF37: =AE37*$F$2 -> 0 | AG37: =MOD($F11+AF37+$B$29,$F$1) -> 9 | AH37: 14 | AJ37: 7 | AK37: =IF(AH37="",AE37,IF(AH37=MIN(AH$21:AH$28),AE37+1,0)) -> 0 | AL37: =AK37*$F$2 -> 0 | AM37: =MOD($F11+AL37+$B$29,$F$1) -> 9 | AR37: 7 | AS37: =IF(AN37="", AK37,IF(AN37=MIN(AN$31:AN$38),AK37+1,0)) -> 0 | AT37: =AS37*$F$2 -> 0 | AU37: =MOD($F11+AT37+$B$29,$F$1) -> 9 | AX37: 7 | AY37: =IF(AV37="", AS37,IF(AV37=MIN(AV$31:AV$38),AS37+1,0)) -> 0 | AZ37: =AY37*$F$2 -> 0 | BA37: =MOD($F11+AZ37+$B$29,$F$1) -> 9 | BB37: 16 | BD37: 7 | BE37: =IF(BB37="", AY37,IF(BB37=MIN(BB$31:BB$38),AY37+1,0)) -> 0 | BF37: =BE37*$F$2 -> 0 | BG37: =MOD($F11+BF37+$B$29,$F$1) -> 9 | BL37: 7 | BM37: =IF(BH37="", BE37,IF(BH37=MIN(BH$31:BH$38),BE37+1,0)) -> 0 | BN37: =BM37*$F$2 -> 0 | BO37: =MOD($F11+BN37+$B$29,$F$1) -> 9 | BR37: 7 | BS37: =IF(BP37="", BM37,IF(BP37=MIN(BP$31:BP$38),BM37+1,0)) -> 0 | BT37: =BS37*$F$2 -> 0 | BU37: =MOD($F11+BT37+$B$29,$F$1) -> 9 | BV37: 14 | BX37: 7 | BY37: =IF(BV37="", BS37,IF(BV37=MIN(BV$31:BV$38),BS37+1,0)) -> 0 | BZ37: =BY37*$F$2 -> 0 | CA37: =MOD($F11+BZ37+$B$29,$F$1) -> 9
B38: 8 | C38: =IF(B38=MIN(B$21:B$28),1,0) -> 0 | D38: 0 | E38: =MOD($F12+D38+$B$29,$F$1) -> 5 | J38: 8 | K38: =IF(F38="", C38,IF(F38=MIN(F$31:F$38),C38+1,0)) -> 0 | L38: =K38*$F$2 -> 0 | M38: =MOD($F12+L38+$B$29,$F$1) -> 5 | P38: 8 | Q38: =IF(N38="", K38,IF(N38=MIN(N$31:N$38),K38+1,0)) -> 0 | R38: =Q38*$F$2 -> 0 | S38: =MOD($F12+R38+$B$29,$F$1) -> 5 | X38: 8 | Y38: =IF(T38="", Q38,IF(T38=MIN(T$31:T$38),Q38+1,0)) -> 0 | Z38: =Y38*$F$2 -> 0 | AA38: =MOD($F12+Z38+$B$29,$F$1) -> 5 | AD38: 8 | AE38: =IF(AB38="", Y38,IF(AB38=MIN(AB$31:AB$38),Y38+1,0)) -> 0 | AF38: =AE38*$F$2 -> 0 | AG38: =MOD($F12+AF38+$B$29,$F$1) -> 5 | AJ38: 8 | AK38: =IF(AH38="",AE38,IF(AH38=MIN(AH$21:AH$28),AE38+1,0)) -> 0 | AL38: =AK38*$F$2 -> 0 | AM38: =MOD($F12+AL38+$B$29,$F$1) -> 5 | AR38: 8 | AS38: =IF(AN38="", AK38,IF(AN38=MIN(AN$31:AN$38),AK38+1,0)) -> 0 | AT38: =AS38*$F$2 -> 0 | AU38: =MOD($F12+AT38+$B$29,$F$1) -> 5 | AX38: 8 | AY38: =IF(AV38="", AS38,IF(AV38=MIN(AV$31:AV$38),AS38+1,0)) -> 0 | AZ38: =AY38*$F$2 -> 0 | BA38: =MOD($F12+AZ38+$B$29,$F$1) -> 5 | BD38: 8 | BE38: =IF(BB38="", AY38,IF(BB38=MIN(BB$31:BB$38),AY38+1,0)) -> 0 | BF38: =BE38*$F$2 -> 0 | BG38: =MOD($F12+BF38+$B$29,$F$1) -> 5 | BL38: 8 | BM38: =IF(BH38="", BE38,IF(BH38=MIN(BH$31:BH$38),BE38+1,0)) -> 0 | BN38: =BM38*$F$2 -> 0 | BO38: =MOD($F12+BN38+$B$29,$F$1) -> 5 | BR38: 8 | BS38: =IF(BP38="", BM38,IF(BP38=MIN(BP$31:BP$38),BM38+1,0)) -> 0 | BT38: =BS38*$F$2 -> 0 | BU38: =MOD($F12+BT38+$B$29,$F$1) -> 5 | BX38: 8 | BY38: =IF(BV38="", BS38,IF(BV38=MIN(BV$31:BV$38),BS38+1,0)) -> 0 | BZ38: =BY38*$F$2 -> 0 | CA38: =MOD($F12+BZ38+$B$29,$F$1) -> 5
A39: 3 | B39: =G7 -> 14 | C39: CTR | D39: ctr * peer | E39: space 위치 | G39: =IF(COUNT(F40:F48) >0, COUNT(F40:F48)/2,"") -> 1 | I39: 3 | K39: CTR | L39: ctr * peer | M39: space 위치 | O39: 3 | Q39: CTR | R39: ctr * peer | S39: space 위치 | U39: =IF(COUNT(N40:N48,T40:T48) >0, COUNT(N40:N48,T40:T48)/2,"") -> 1 | W39: 3 | Y39: CTR | Z39: ctr * peer | AA39: space 위치 | AC39: 3 | AE39: CTR | AF39: ctr * peer | AG39: space 위치 | AI39: 3 | AK39: =IF(AH39="",AE39,IF(AH39=MIN(AH$21:AH$28),AE39+1,0)) -> CTR | AL39: ctr * peer | AM39: space 위치 | AO39: =IF(COUNT(AB40:AB48,AH40:AH48,AN40:AN48) >0, COUNT(AB40:AB48,AH40:AH48,AN40:AN48) /2,"") -> 1 | AQ39: 3 | AS39: CTR | AT39: ctr * peer | AU39: space 위치 | AW39: 3 | AY39: CTR | AZ39: ctr * peer | BA39: space 위치 | BC39: 3 | BE39: CTR | BF39: ctr * peer | BG39: space 위치 | BI39: =IF(COUNT(AV40:AV48,BB40:BB48,BH40:BH48) >0, COUNT(AV40:AV48,BB40:BB48,BH40:BH48) /2,"") -> 2 | BK39: 3 | BM39: CTR | BN39: ctr * peer | BO39: space 위치 | BQ39: 3 | BS39: CTR | BT39: ctr * peer | BU39: space 위치 | BW39: 3 | BY39: CTR | BZ39: ctr * peer | CA39: space 위치 | CC39: =IF(COUNT(BP40:BP48,BV40:BV48,CB40:CB48) >0, COUNT(BP40:BP48,BV40:BV48,CB40:CB48) /2,"") -> 1
B40: Peer 순서 | C40: 초기값 0 CTR=CTR+1 | D40: 계산 CTR*Peer 수 | E40: 계산 (Addr+SALT+CalCTR) % Space | J40: Peer 순서 | K40: CTR=CTR+1 | L40: 계산 CTR*Peer 수 | M40: 계산 (Addr+SALT+CalCTR) % Space | P40: Peer 순서 | Q40: CTR=CTR+1 | R40: 계산 CTR*Peer 수 | S40: 계산 (Addr+SALT+CalCTR) % Space | X40: Peer 순서 | Y40: CTR=CTR+1 | Z40: 계산 CTR*Peer 수 | AA40: 계산 (Addr+SALT+CalCTR) % Space | AD40: Peer 순서 | AE40: CTR=CTR+1 | AF40: 계산 CTR*Peer 수 | AG40: 계산 (Addr+SALT+CalCTR) % Space | AJ40: Peer 순서 | AK40: =IF(AH40="",AE40,IF(AH40=MIN(AH$21:AH$28),AE40+1,0)) -> CTR=CTR+1 | AL40: 계산 CTR*Peer 수 | AM40: 계산 (Addr+SALT+CalCTR) % Space | AR40: Peer 순서 | AS40: CTR=CTR+1 | AT40: 계산 CTR*Peer 수 | AU40: 계산 (Addr+SALT+CalCTR) % Space | AX40: Peer 순서 | AY40: CTR=CTR+1 | AZ40: 계산 CTR*Peer 수 | BA40: 계산 (Addr+SALT+CalCTR) % Space | BD40: Peer 순서 | BE40: CTR=CTR+1 | BF40: 계산 CTR*Peer 수 | BG40: 계산 (Addr+SALT+CalCTR) % Space | BL40: Peer 순서 | BM40: CTR=CTR+1 | BN40: 계산 CTR*Peer 수 | BO40: 계산 (Addr+SALT+CalCTR) % Space | BR40: Peer 순서 | BS40: CTR=CTR+1 | BT40: 계산 CTR*Peer 수 | BU40: 계산 (Addr+SALT+CalCTR) % Space | BX40: Peer 순서 | BY40: CTR=CTR+1 | BZ40: 계산 CTR*Peer 수 | CA40: 계산 (Addr+SALT+CalCTR) % Space
B41: 1 | C41: 0 | D41: 0 | E41: =MOD($F5+D41+$B$39,$F$1) -> 5 | J41: 1 | K41: =IF(F41="", C41,IF(F41=MIN(F$41:F$48),C41+1,0)) -> 0 | L41: =K41*$F$2 -> 0 | M41: =MOD($F5+L41+$B$39,$F$1) -> 5 | P41: 1 | Q41: =IF(N41="", K41,IF(N41=MIN(N$41:N$48),K41+1,0)) -> 0 | R41: =Q41*$F$2 -> 0 | S41: =MOD($F5+R41+$B$39,$F$1) -> 5 | X41: 1 | Y41: =IF(T41="", Q41,IF(T41=MIN(T$41:T$48),Q41+1,0)) -> 0 | Z41: =Y41*$F$2 -> 0 | AA41: =MOD($F5+Z41+$B$39,$F$1) -> 5 | AD41: 1 | AE41: =IF(AB41="", Y41,IF(AB41=MIN(AB$41:AB$48),Y41+1,0)) -> 0 | AF41: =AE41*$F$2 -> 0 | AG41: =MOD($F5+AF41+$B$39,$F$1) -> 5 | AH41: 18 | AJ41: 1 | AK41: =IF(AH41="",AE41,IF(AH41=MIN(AH$21:AH$28),AE41+1,0)) -> 0 | AL41: =AK41*$F$2 -> 0 | AM41: =MOD($F5+AL41+$B$39,$F$1) -> 5 | AR41: 1 | AS41: =IF(AN41="", AK41,IF(AN41=MIN(AN$41:AN$48),AK41+1,0)) -> 0 | AT41: =AS41*$F$2 -> 0 | AU41: =MOD($F5+AT41+$B$39,$F$1) -> 5 | AX41: 1 | AY41: =IF(AV41="", AS41,IF(AV41=MIN(AV$41:AV$48),AS41+1,0)) -> 0 | AZ41: =AY41*$F$2 -> 0 | BA41: =MOD($F5+AZ41+$B$39,$F$1) -> 5 | BB41: 20 | BD41: 1 | BE41: =IF(BB41="", AY41,IF(BB41=MIN(BB$41:BB$48),AY41+1,0)) -> 0 | BF41: =BE41*$F$2 -> 0 | BG41: =MOD($F5+BF41+$B$39,$F$1) -> 5 | BL41: 1 | BM41: =IF(BH41="", BE41,IF(BH41=MIN(BH$41:BH$48),BE41+1,0)) -> 0 | BN41: =BM41*$F$2 -> 0 | BO41: =MOD($F5+BN41+$B$39,$F$1) -> 5 | BR41: 1 | BS41: =IF(BP41="", BM41,IF(BP41=MIN(BP$41:BP$48),BM41+1,0)) -> 0 | BT41: =BS41*$F$2 -> 0 | BU41: =MOD($F5+BT41+$B$39,$F$1) -> 5 | BX41: 1 | BY41: =IF(BV41="", BS41,IF(BV41=MIN(BV$41:BV$48),BS41+1,0)) -> 0 | BZ41: =BY41*$F$2 -> 0 | CA41: =MOD($F5+BZ41+$B$39,$F$1) -> 5
B42: 2 | C42: =IF(B42=MIN(B$21:B$28),1,0) -> 0 | D42: 0 | E42: =MOD($F6+D42+$B$39,$F$1) -> 1 | J42: 2 | K42: =IF(F42="", C42,IF(F42=MIN(F$41:F$48),C42+1,0)) -> 0 | L42: =K42*$F$2 -> 0 | M42: =MOD($F6+L42+$B$39,$F$1) -> 1 | P42: 2 | Q42: =IF(N42="", K42,IF(N42=MIN(N$41:N$48),K42+1,0)) -> 0 | R42: =Q42*$F$2 -> 0 | S42: =MOD($F6+R42+$B$39,$F$1) -> 1 | T42: 17 | X42: 2 | Y42: =IF(T42="", Q42,IF(T42=MIN(T$41:T$48),Q42+1,0)) -> 1 | Z42: =Y42*$F$2 -> 8 | AA42: =MOD($F6+Z42+$B$39,$F$1) -> 9 | AD42: 2 | AE42: =IF(AB42="", Y42,IF(AB42=MIN(AB$41:AB$48),Y42+1,0)) -> 1 | AF42: =AE42*$F$2 -> 8 | AG42: =MOD($F6+AF42+$B$39,$F$1) -> 9 | AJ42: 2 | AK42: =IF(AH42="",AE42,IF(AH42=MIN(AH$21:AH$28),AE42+1,0)) -> 1 | AL42: =AK42*$F$2 -> 8 | AM42: =MOD($F6+AL42+$B$39,$F$1) -> 9 | AR42: 2 | AS42: =IF(AN42="", AK42,IF(AN42=MIN(AN$41:AN$48),AK42+1,0)) -> 1 | AT42: =AS42*$F$2 -> 8 | AU42: =MOD($F6+AT42+$B$39,$F$1) -> 9 | AX42: 2 | AY42: =IF(AV42="", AS42,IF(AV42=MIN(AV$41:AV$48),AS42+1,0)) -> 1 | AZ42: =AY42*$F$2 -> 8 | BA42: =MOD($F6+AZ42+$B$39,$F$1) -> 9 | BD42: 2 | BE42: =IF(BB42="", AY42,IF(BB42=MIN(BB$41:BB$48),AY42+1,0)) -> 1 | BF42: =BE42*$F$2 -> 8 | BG42: =MOD($F6+BF42+$B$39,$F$1) -> 9 | BL42: 2 | BM42: =IF(BH42="", BE42,IF(BH42=MIN(BH$41:BH$48),BE42+1,0)) -> 1 | BN42: =BM42*$F$2 -> 8 | BO42: =MOD($F6+BN42+$B$39,$F$1) -> 9 | BR42: 2 | BS42: =IF(BP42="", BM42,IF(BP42=MIN(BP$41:BP$48),BM42+1,0)) -> 1 | BT42: =BS42*$F$2 -> 8 | BU42: =MOD($F6+BT42+$B$39,$F$1) -> 9 | BX42: 2 | BY42: =IF(BV42="", BS42,IF(BV42=MIN(BV$41:BV$48),BS42+1,0)) -> 1 | BZ42: =BY42*$F$2 -> 8 | CA42: =MOD($F6+BZ42+$B$39,$F$1) -> 9
B43: 3 | C43: =IF(B43=MIN(B$21:B$28),1,0) -> 0 | D43: 0 | E43: =MOD($F7+D43+$B$39,$F$1) -> 12 | F43: 9 | J43: 3 | K43: =IF(F43="", C43,IF(F43=MIN(F$41:F$48),C43+1,0)) -> 1 | L43: =K43*$F$2 -> 8 | M43: =MOD($F7+L43+$B$39,$F$1) -> 4 | P43: 3 | Q43: =IF(N43="", K43,IF(N43=MIN(N$41:N$48),K43+1,0)) -> 1 | R43: =Q43*$F$2 -> 8 | S43: =MOD($F7+R43+$B$39,$F$1) -> 4 | X43: 3 | Y43: =IF(T43="", Q43,IF(T43=MIN(T$41:T$48),Q43+1,0)) -> 1 | Z43: =Y43*$F$2 -> 8 | AA43: =MOD($F7+Z43+$B$39,$F$1) -> 4 | AD43: 3 | AE43: =IF(AB43="", Y43,IF(AB43=MIN(AB$41:AB$48),Y43+1,0)) -> 1 | AF43: =AE43*$F$2 -> 8 | AG43: =MOD($F7+AF43+$B$39,$F$1) -> 4 | AH43: 17 | AJ43: 3 | AK43: =IF(AH43="",AE43,IF(AH43=MIN(AH$21:AH$28),AE43+1,0)) -> 0 | AL43: =AK43*$F$2 -> 0 | AM43: =MOD($F7+AL43+$B$39,$F$1) -> 12 | AR43: 3 | AS43: =IF(AN43="", AK43,IF(AN43=MIN(AN$41:AN$48),AK43+1,0)) -> 0 | AT43: =AS43*$F$2 -> 0 | AU43: =MOD($F7+AT43+$B$39,$F$1) -> 12 | AV43: 11 | AX43: 3 | AY43: =IF(AV43="", AS43,IF(AV43=MIN(AV$41:AV$48),AS43+1,0)) -> 1 | AZ43: =AY43*$F$2 -> 8 | BA43: =MOD($F7+AZ43+$B$39,$F$1) -> 4 | BB43: 19 | BD43: 3 | BE43: =IF(BB43="", AY43,IF(BB43=MIN(BB$41:BB$48),AY43+1,0)) -> 2 | BF43: =BE43*$F$2 -> 16 | BG43: =MOD($F7+BF43+$B$39,$F$1) -> 12 | BL43: 3 | BM43: =IF(BH43="", BE43,IF(BH43=MIN(BH$41:BH$48),BE43+1,0)) -> 2 | BN43: =BM43*$F$2 -> 16 | BO43: =MOD($F7+BN43+$B$39,$F$1) -> 12 | BR43: 3 | BS43: =IF(BP43="", BM43,IF(BP43=MIN(BP$41:BP$48),BM43+1,0)) -> 2 | BT43: =BS43*$F$2 -> 16 | BU43: =MOD($F7+BT43+$B$39,$F$1) -> 12 | BV43: 17 | BX43: 3 | BY43: =IF(BV43="", BS43,IF(BV43=MIN(BV$41:BV$48),BS43+1,0)) -> 3 | BZ43: =BY43*$F$2 -> 24 | CA43: =MOD($F7+BZ43+$B$39,$F$1) -> 4
B44: 4 | C44: =IF(B44=MIN(B$21:B$28),1,0) -> 0 | D44: 0 | E44: =MOD($F8+D44+$B$39,$F$1) -> 8 | J44: 4 | K44: =IF(F44="", C44,IF(F44=MIN(F$41:F$48),C44+1,0)) -> 0 | L44: =K44*$F$2 -> 0 | M44: =MOD($F8+L44+$B$39,$F$1) -> 8 | P44: 4 | Q44: =IF(N44="", K44,IF(N44=MIN(N$41:N$48),K44+1,0)) -> 0 | R44: =Q44*$F$2 -> 0 | S44: =MOD($F8+R44+$B$39,$F$1) -> 8 | X44: 4 | Y44: =IF(T44="", Q44,IF(T44=MIN(T$41:T$48),Q44+1,0)) -> 0 | Z44: =Y44*$F$2 -> 0 | AA44: =MOD($F8+Z44+$B$39,$F$1) -> 8 | AD44: 4 | AE44: =IF(AB44="", Y44,IF(AB44=MIN(AB$41:AB$48),Y44+1,0)) -> 0 | AF44: =AE44*$F$2 -> 0 | AG44: =MOD($F8+AF44+$B$39,$F$1) -> 8 | AJ44: 4 | AK44: =IF(AH44="",AE44,IF(AH44=MIN(AH$21:AH$28),AE44+1,0)) -> 0 | AL44: =AK44*$F$2 -> 0 | AM44: =MOD($F8+AL44+$B$39,$F$1) -> 8 | AR44: 4 | AS44: =IF(AN44="", AK44,IF(AN44=MIN(AN$41:AN$48),AK44+1,0)) -> 0 | AT44: =AS44*$F$2 -> 0 | AU44: =MOD($F8+AT44+$B$39,$F$1) -> 8 | AX44: 4 | AY44: =IF(AV44="", AS44,IF(AV44=MIN(AV$41:AV$48),AS44+1,0)) -> 0 | AZ44: =AY44*$F$2 -> 0 | BA44: =MOD($F8+AZ44+$B$39,$F$1) -> 8 | BD44: 4 | BE44: =IF(BB44="", AY44,IF(BB44=MIN(BB$41:BB$48),AY44+1,0)) -> 0 | BF44: =BE44*$F$2 -> 0 | BG44: =MOD($F8+BF44+$B$39,$F$1) -> 8 | BL44: 4 | BM44: =IF(BH44="", BE44,IF(BH44=MIN(BH$41:BH$48),BE44+1,0)) -> 0 | BN44: =BM44*$F$2 -> 0 | BO44: =MOD($F8+BN44+$B$39,$F$1) -> 8 | BR44: 4 | BS44: =IF(BP44="", BM44,IF(BP44=MIN(BP$41:BP$48),BM44+1,0)) -> 0 | BT44: =BS44*$F$2 -> 0 | BU44: =MOD($F8+BT44+$B$39,$F$1) -> 8 | BX44: 4 | BY44: =IF(BV44="", BS44,IF(BV44=MIN(BV$41:BV$48),BS44+1,0)) -> 0 | BZ44: =BY44*$F$2 -> 0 | CA44: =MOD($F8+BZ44+$B$39,$F$1) -> 8
B45: 5 | C45: =IF(B45=MIN(B$21:B$28),1,0) -> 0 | D45: 0 | E45: =MOD($F9+D45+$B$39,$F$1) -> 2 | J45: 5 | K45: =IF(F45="", C45,IF(F45=MIN(F$41:F$48),C45+1,0)) -> 0 | L45: =K45*$F$2 -> 0 | M45: =MOD($F9+L45+$B$39,$F$1) -> 2 | P45: 5 | Q45: =IF(N45="", K45,IF(N45=MIN(N$41:N$48),K45+1,0)) -> 0 | R45: =Q45*$F$2 -> 0 | S45: =MOD($F9+R45+$B$39,$F$1) -> 2 | T45: 18 | X45: 5 | Y45: =IF(T45="", Q45,IF(T45=MIN(T$41:T$48),Q45+1,0)) -> 0 | Z45: =Y45*$F$2 -> 0 | AA45: =MOD($F9+Z45+$B$39,$F$1) -> 2 | AD45: 5 | AE45: =IF(AB45="", Y45,IF(AB45=MIN(AB$41:AB$48),Y45+1,0)) -> 0 | AF45: =AE45*$F$2 -> 0 | AG45: =MOD($F9+AF45+$B$39,$F$1) -> 2 | AJ45: 5 | AK45: =IF(AH45="",AE45,IF(AH45=MIN(AH$21:AH$28),AE45+1,0)) -> 0 | AL45: =AK45*$F$2 -> 0 | AM45: =MOD($F9+AL45+$B$39,$F$1) -> 2 | AR45: 5 | AS45: =IF(AN45="", AK45,IF(AN45=MIN(AN$41:AN$48),AK45+1,0)) -> 0 | AT45: =AS45*$F$2 -> 0 | AU45: =MOD($F9+AT45+$B$39,$F$1) -> 2 | AX45: 5 | AY45: =IF(AV45="", AS45,IF(AV45=MIN(AV$41:AV$48),AS45+1,0)) -> 0 | AZ45: =AY45*$F$2 -> 0 | BA45: =MOD($F9+AZ45+$B$39,$F$1) -> 2 | BD45: 5 | BE45: =IF(BB45="", AY45,IF(BB45=MIN(BB$41:BB$48),AY45+1,0)) -> 0 | BF45: =BE45*$F$2 -> 0 | BG45: =MOD($F9+BF45+$B$39,$F$1) -> 2 | BL45: 5 | BM45: =IF(BH45="", BE45,IF(BH45=MIN(BH$41:BH$48),BE45+1,0)) -> 0 | BN45: =BM45*$F$2 -> 0 | BO45: =MOD($F9+BN45+$B$39,$F$1) -> 2 | BR45: 5 | BS45: =IF(BP45="", BM45,IF(BP45=MIN(BP$41:BP$48),BM45+1,0)) -> 0 | BT45: =BS45*$F$2 -> 0 | BU45: =MOD($F9+BT45+$B$39,$F$1) -> 2 | BX45: 5 | BY45: =IF(BV45="", BS45,IF(BV45=MIN(BV$41:BV$48),BS45+1,0)) -> 0 | BZ45: =BY45*$F$2 -> 0 | CA45: =MOD($F9+BZ45+$B$39,$F$1) -> 2
B46: 6 | C46: =IF(B46=MIN(B$21:B$28),1,0) -> 0 | D46: 0 | E46: =MOD($F10+D46+$B$39,$F$1) -> 14 | F46: 10 | J46: 6 | K46: =IF(F46="", C46,IF(F46=MIN(F$41:F$48),C46+1,0)) -> 0 | L46: =K46*$F$2 -> 0 | M46: =MOD($F10+L46+$B$39,$F$1) -> 14 | P46: 6 | Q46: =IF(N46="", K46,IF(N46=MIN(N$41:N$48),K46+1,0)) -> 0 | R46: =Q46*$F$2 -> 0 | S46: =MOD($F10+R46+$B$39,$F$1) -> 14 | X46: 6 | Y46: =IF(T46="", Q46,IF(T46=MIN(T$41:T$48),Q46+1,0)) -> 0 | Z46: =Y46*$F$2 -> 0 | AA46: =MOD($F10+Z46+$B$39,$F$1) -> 14 | AD46: 6 | AE46: =IF(AB46="", Y46,IF(AB46=MIN(AB$41:AB$48),Y46+1,0)) -> 0 | AF46: =AE46*$F$2 -> 0 | AG46: =MOD($F10+AF46+$B$39,$F$1) -> 14 | AJ46: 6 | AK46: =IF(AH46="",AE46,IF(AH46=MIN(AH$21:AH$28),AE46+1,0)) -> 0 | AL46: =AK46*$F$2 -> 0 | AM46: =MOD($F10+AL46+$B$39,$F$1) -> 14 | AR46: 6 | AS46: =IF(AN46="", AK46,IF(AN46=MIN(AN$41:AN$48),AK46+1,0)) -> 0 | AT46: =AS46*$F$2 -> 0 | AU46: =MOD($F10+AT46+$B$39,$F$1) -> 14 | AV46: 12 | AX46: 6 | AY46: =IF(AV46="", AS46,IF(AV46=MIN(AV$41:AV$48),AS46+1,0)) -> 0 | AZ46: =AY46*$F$2 -> 0 | BA46: =MOD($F10+AZ46+$B$39,$F$1) -> 14 | BD46: 6 | BE46: =IF(BB46="", AY46,IF(BB46=MIN(BB$41:BB$48),AY46+1,0)) -> 0 | BF46: =BE46*$F$2 -> 0 | BG46: =MOD($F10+BF46+$B$39,$F$1) -> 14 | BL46: 6 | BM46: =IF(BH46="", BE46,IF(BH46=MIN(BH$41:BH$48),BE46+1,0)) -> 0 | BN46: =BM46*$F$2 -> 0 | BO46: =MOD($F10+BN46+$B$39,$F$1) -> 14 | BR46: 6 | BS46: =IF(BP46="", BM46,IF(BP46=MIN(BP$41:BP$48),BM46+1,0)) -> 0 | BT46: =BS46*$F$2 -> 0 | BU46: =MOD($F10+BT46+$B$39,$F$1) -> 14 | BV46: 18 | BX46: 6 | BY46: =IF(BV46="", BS46,IF(BV46=MIN(BV$41:BV$48),BS46+1,0)) -> 0 | BZ46: =BY46*$F$2 -> 0 | CA46: =MOD($F10+BZ46+$B$39,$F$1) -> 14
B47: 7 | C47: =IF(B47=MIN(B$21:B$28),1,0) -> 0 | D47: 0 | E47: =MOD($F11+D47+$B$39,$F$1) -> 11 | J47: 7 | K47: =IF(F47="", C47,IF(F47=MIN(F$41:F$48),C47+1,0)) -> 0 | L47: =K47*$F$2 -> 0 | M47: =MOD($F11+L47+$B$39,$F$1) -> 11 | P47: 7 | Q47: =IF(N47="", K47,IF(N47=MIN(N$41:N$48),K47+1,0)) -> 0 | R47: =Q47*$F$2 -> 0 | S47: =MOD($F11+R47+$B$39,$F$1) -> 11 | X47: 7 | Y47: =IF(T47="", Q47,IF(T47=MIN(T$41:T$48),Q47+1,0)) -> 0 | Z47: =Y47*$F$2 -> 0 | AA47: =MOD($F11+Z47+$B$39,$F$1) -> 11 | AD47: 7 | AE47: =IF(AB47="", Y47,IF(AB47=MIN(AB$41:AB$48),Y47+1,0)) -> 0 | AF47: =AE47*$F$2 -> 0 | AG47: =MOD($F11+AF47+$B$39,$F$1) -> 11 | AJ47: 7 | AK47: =IF(AH47="",AE47,IF(AH47=MIN(AH$21:AH$28),AE47+1,0)) -> 0 | AL47: =AK47*$F$2 -> 0 | AM47: =MOD($F11+AL47+$B$39,$F$1) -> 11 | AR47: 7 | AS47: =IF(AN47="", AK47,IF(AN47=MIN(AN$41:AN$48),AK47+1,0)) -> 0 | AT47: =AS47*$F$2 -> 0 | AU47: =MOD($F11+AT47+$B$39,$F$1) -> 11 | AX47: 7 | AY47: =IF(AV47="", AS47,IF(AV47=MIN(AV$41:AV$48),AS47+1,0)) -> 0 | AZ47: =AY47*$F$2 -> 0 | BA47: =MOD($F11+AZ47+$B$39,$F$1) -> 11 | BD47: 7 | BE47: =IF(BB47="", AY47,IF(BB47=MIN(BB$41:BB$48),AY47+1,0)) -> 0 | BF47: =BE47*$F$2 -> 0 | BG47: =MOD($F11+BF47+$B$39,$F$1) -> 11 | BL47: 7 | BM47: =IF(BH47="", BE47,IF(BH47=MIN(BH$41:BH$48),BE47+1,0)) -> 0 | BN47: =BM47*$F$2 -> 0 | BO47: =MOD($F11+BN47+$B$39,$F$1) -> 11 | BR47: 7 | BS47: =IF(BP47="", BM47,IF(BP47=MIN(BP$41:BP$48),BM47+1,0)) -> 0 | BT47: =BS47*$F$2 -> 0 | BU47: =MOD($F11+BT47+$B$39,$F$1) -> 11 | BX47: 7 | BY47: =IF(BV47="", BS47,IF(BV47=MIN(BV$41:BV$48),BS47+1,0)) -> 0 | BZ47: =BY47*$F$2 -> 0 | CA47: =MOD($F11+BZ47+$B$39,$F$1) -> 11
B48: 8 | C48: =IF(B48=MIN(B$21:B$28),1,0) -> 0 | D48: 0 | E48: =MOD($F12+D48+$B$39,$F$1) -> 7 | J48: 8 | K48: =IF(F48="", C48,IF(F48=MIN(F$41:F$48),C48+1,0)) -> 0 | L48: =K48*$F$2 -> 0 | M48: =MOD($F12+L48+$B$39,$F$1) -> 7 | P48: 8 | Q48: =IF(N48="", K48,IF(N48=MIN(N$41:N$48),K48+1,0)) -> 0 | R48: =Q48*$F$2 -> 0 | S48: =MOD($F12+R48+$B$39,$F$1) -> 7 | X48: 8 | Y48: =IF(T48="", Q48,IF(T48=MIN(T$41:T$48),Q48+1,0)) -> 0 | Z48: =Y48*$F$2 -> 0 | AA48: =MOD($F12+Z48+$B$39,$F$1) -> 7 | AD48: 8 | AE48: =IF(AB48="", Y48,IF(AB48=MIN(AB$41:AB$48),Y48+1,0)) -> 0 | AF48: =AE48*$F$2 -> 0 | AG48: =MOD($F12+AF48+$B$39,$F$1) -> 7 | AJ48: 8 | AK48: =IF(AH48="",AE48,IF(AH48=MIN(AH$21:AH$28),AE48+1,0)) -> 0 | AL48: =AK48*$F$2 -> 0 | AM48: =MOD($F12+AL48+$B$39,$F$1) -> 7 | AR48: 8 | AS48: =IF(AN48="", AK48,IF(AN48=MIN(AN$41:AN$48),AK48+1,0)) -> 0 | AT48: =AS48*$F$2 -> 0 | AU48: =MOD($F12+AT48+$B$39,$F$1) -> 7 | AX48: 8 | AY48: =IF(AV48="", AS48,IF(AV48=MIN(AV$41:AV$48),AS48+1,0)) -> 0 | AZ48: =AY48*$F$2 -> 0 | BA48: =MOD($F12+AZ48+$B$39,$F$1) -> 7 | BD48: 8 | BE48: =IF(BB48="", AY48,IF(BB48=MIN(BB$41:BB$48),AY48+1,0)) -> 0 | BF48: =BE48*$F$2 -> 0 | BG48: =MOD($F12+BF48+$B$39,$F$1) -> 7 | BL48: 8 | BM48: =IF(BH48="", BE48,IF(BH48=MIN(BH$41:BH$48),BE48+1,0)) -> 0 | BN48: =BM48*$F$2 -> 0 | BO48: =MOD($F12+BN48+$B$39,$F$1) -> 7 | BR48: 8 | BS48: =IF(BP48="", BM48,IF(BP48=MIN(BP$41:BP$48),BM48+1,0)) -> 0 | BT48: =BS48*$F$2 -> 0 | BU48: =MOD($F12+BT48+$B$39,$F$1) -> 7 | BX48: 8 | BY48: =IF(BV48="", BS48,IF(BV48=MIN(BV$41:BV$48),BS48+1,0)) -> 0 | BZ48: =BY48*$F$2 -> 0 | CA48: =MOD($F12+BZ48+$B$39,$F$1) -> 7
A49: 4 | B49: =O8 -> 6 | C49: CTR | D49: ctr * peer | E49: space 위치 | G49: =IF(COUNT(F50:F58) >0, COUNT(F50:F58)/2,"") -> 1 | I49: 4 | K49: CTR | L49: ctr * peer | M49: space 위치 | O49: 4 | Q49: CTR | R49: ctr * peer | S49: space 위치 | U49: =IF(COUNT(N50:N58,T50:T58) >0, COUNT(N50:N58,T50:T58)/2,"") -> 1 | W49: 4 | Y49: CTR | Z49: ctr * peer | AA49: space 위치 | AC49: 4 | AE49: CTR | AF49: ctr * peer | AG49: space 위치 | AI49: 4 | AK49: =IF(AH49="",AE49,IF(AH49=MIN(AH$21:AH$28),AE49+1,0)) -> CTR | AL49: ctr * peer | AM49: space 위치 | AO49: =IF(COUNT(AB50:AB58,AH50:AH58,AN50:AN58) >0, COUNT(AB50:AB58,AH50:AH58,AN50:AN58) /2,"") -> 1 | AQ49: 4 | AS49: CTR | AT49: ctr * peer | AU49: space 위치 | AW49: 4 | AY49: CTR | AZ49: ctr * peer | BA49: space 위치 | BC49: 4 | BE49: CTR | BF49: ctr * peer | BG49: space 위치 | BI49: =IF(COUNT(AV50:AV58,BB50:BB58,BH50:BH58) >0, COUNT(AV50:AV58,BB50:BB58,BH50:BH58) /2,"") -> 1 | BK49: 4 | BM49: CTR | BN49: ctr * peer | BO49: space 위치 | BQ49: 4 | BS49: CTR | BT49: ctr * peer | BU49: space 위치 | BW49: 4 | BY49: CTR | BZ49: ctr * peer | CA49: space 위치 | CC49: =IF(COUNT(BP50:BP58,BV50:BV58,CB50:CB58) >0, COUNT(BP50:BP58,BV50:BV58,CB50:CB58) /2,"") -> 1
B50: Peer 순서 | C50: 초기값 0 CTR=CTR+1 | D50: 계산 CTR*Peer 수 | E50: 계산 (Addr+SALT+CalCTR) % Space | J50: Peer 순서 | K50: CTR=CTR+1 | L50: 계산 CTR*Peer 수 | M50: 계산 (Addr+SALT+CalCTR) % Space | P50: Peer 순서 | Q50: CTR=CTR+1 | R50: 계산 CTR*Peer 수 | S50: 계산 (Addr+SALT+CalCTR) % Space | X50: Peer 순서 | Y50: CTR=CTR+1 | Z50: 계산 CTR*Peer 수 | AA50: 계산 (Addr+SALT+CalCTR) % Space | AD50: Peer 순서 | AE50: CTR=CTR+1 | AF50: 계산 CTR*Peer 수 | AG50: 계산 (Addr+SALT+CalCTR) % Space | AJ50: Peer 순서 | AK50: =IF(AH50="",AE50,IF(AH50=MIN(AH$21:AH$28),AE50+1,0)) -> CTR=CTR+1 | AL50: 계산 CTR*Peer 수 | AM50: 계산 (Addr+SALT+CalCTR) % Space | AR50: Peer 순서 | AS50: CTR=CTR+1 | AT50: 계산 CTR*Peer 수 | AU50: 계산 (Addr+SALT+CalCTR) % Space | AX50: Peer 순서 | AY50: CTR=CTR+1 | AZ50: 계산 CTR*Peer 수 | BA50: 계산 (Addr+SALT+CalCTR) % Space | BD50: Peer 순서 | BE50: CTR=CTR+1 | BF50: 계산 CTR*Peer 수 | BG50: 계산 (Addr+SALT+CalCTR) % Space | BL50: Peer 순서 | BM50: CTR=CTR+1 | BN50: 계산 CTR*Peer 수 | BO50: 계산 (Addr+SALT+CalCTR) % Space | BR50: Peer 순서 | BS50: CTR=CTR+1 | BT50: 계산 CTR*Peer 수 | BU50: 계산 (Addr+SALT+CalCTR) % Space | BX50: Peer 순서 | BY50: CTR=CTR+1 | BZ50: 계산 CTR*Peer 수 | CA50: 계산 (Addr+SALT+CalCTR) % Space
B51: 1 | C51: 0 | D51: 0 | E51: =MOD($F5+D51+$B$39,$F$1) -> 5 | J51: 1 | K51: =IF(F51="", C51,IF(F51=MIN(F$51:F$58),C51+1,0)) -> 0 | L51: =K51*$F$2 -> 0 | M51: =MOD($F5+L51+$B439,$F$1) -> 7 | P51: 1 | Q51: =IF(N51="", K51,IF(N51=MIN(N$51:N$58),K51+1,0)) -> 0 | R51: =Q51*$F$2 -> 0 | S51: =MOD($F5+R51+$B439,$F$1) -> 7 | X51: 1 | Y51: =IF(T51="", Q51,IF(T51=MIN(T$51:T$58),Q51+1,0)) -> 0 | Z51: =Y51*$F$2 -> 0 | AA51: =MOD($F5+Z51+$B439,$F$1) -> 7 | AD51: 1 | AE51: =IF(AB51="", Y51,IF(AB51=MIN(AB$51:AB$58),Y51+1,0)) -> 0 | AF51: =AE51*$F$2 -> 0 | AG51: =MOD($F5+AF51+$B439,$F$1) -> 7 | AJ51: 1 | AK51: =IF(AH51="",AE51,IF(AH51=MIN(AH$21:AH$28),AE51+1,0)) -> 0 | AL51: =AK51*$F$2 -> 0 | AM51: =MOD($F5+AL51+$B439,$F$1) -> 7 | AR51: 1 | AS51: =IF(AN51="", AK51,IF(AN51=MIN(AN$51:AN$58),AK51+1,0)) -> 0 | AT51: =AS51*$F$2 -> 0 | AU51: =MOD($F5+AT51+$B439,$F$1) -> 7 | AX51: 1 | AY51: =IF(AV51="", AS51,IF(AV51=MIN(AV$51:AV$58),AS51+1,0)) -> 0 | AZ51: =AY51*$F$2 -> 0 | BA51: =MOD($F5+AZ51+$B439,$F$1) -> 7 | BD51: 1 | BE51: =IF(BB51="", AY51,IF(BB51=MIN(BB$51:BB$58),AY51+1,0)) -> 0 | BF51: =BE51*$F$2 -> 0 | BG51: =MOD($F5+BF51+$B439,$F$1) -> 7 | BL51: 1 | BM51: =IF(BH51="", BE51,IF(BH51=MIN(BH$51:BH$58),BE51+1,0)) -> 0 | BN51: =BM51*$F$2 -> 0 | BO51: =MOD($F5+BN51+$B439,$F$1) -> 7 | BR51: 1 | BS51: =IF(BP51="", BM51,IF(BP51=MIN(BP$51:BP$58),BM51+1,0)) -> 0 | BT51: =BS51*$F$2 -> 0 | BU51: =MOD($F5+BT51+$B439,$F$1) -> 7 | BX51: 1 | BY51: =IF(BV51="", BS51,IF(BV51=MIN(BV$51:BV$58),BS51+1,0)) -> 0 | BZ51: =BY51*$F$2 -> 0 | CA51: =MOD($F5+BZ51+$B439,$F$1) -> 7
B52: 2 | C52: =IF(B52=MIN(B$21:B$28),1,0) -> 0 | D52: 0 | E52: =MOD($F6+D52+$B$39,$F$1) -> 1 | J52: 2 | K52: =IF(F52="", C52,IF(F52=MIN(F$51:F$58),C52+1,0)) -> 0 | L52: =K52*$F$2 -> 0 | M52: =MOD($F6+L52+$B440,$F$1) -> 3 | P52: 2 | Q52: =IF(N52="", K52,IF(N52=MIN(N$51:N$58),K52+1,0)) -> 0 | R52: =Q52*$F$2 -> 0 | S52: =MOD($F6+R52+$B440,$F$1) -> 3 | T52: 16 | X52: 2 | Y52: =IF(T52="", Q52,IF(T52=MIN(T$51:T$58),Q52+1,0)) -> 0 | Z52: =Y52*$F$2 -> 0 | AA52: =MOD($F6+Z52+$B440,$F$1) -> 3 | AD52: 2 | AE52: =IF(AB52="", Y52,IF(AB52=MIN(AB$51:AB$58),Y52+1,0)) -> 0 | AF52: =AE52*$F$2 -> 0 | AG52: =MOD($F6+AF52+$B440,$F$1) -> 3 | AJ52: 2 | AK52: =IF(AH52="",AE52,IF(AH52=MIN(AH$21:AH$28),AE52+1,0)) -> 0 | AL52: =AK52*$F$2 -> 0 | AM52: =MOD($F6+AL52+$B440,$F$1) -> 3 | AR52: 2 | AS52: =IF(AN52="", AK52,IF(AN52=MIN(AN$51:AN$58),AK52+1,0)) -> 0 | AT52: =AS52*$F$2 -> 0 | AU52: =MOD($F6+AT52+$B440,$F$1) -> 3 | AX52: 2 | AY52: =IF(AV52="", AS52,IF(AV52=MIN(AV$51:AV$58),AS52+1,0)) -> 0 | AZ52: =AY52*$F$2 -> 0 | BA52: =MOD($F6+AZ52+$B440,$F$1) -> 3 | BD52: 2 | BE52: =IF(BB52="", AY52,IF(BB52=MIN(BB$51:BB$58),AY52+1,0)) -> 0 | BF52: =BE52*$F$2 -> 0 | BG52: =MOD($F6+BF52+$B440,$F$1) -> 3 | BH52: 28 | BL52: 2 | BM52: =IF(BH52="", BE52,IF(BH52=MIN(BH$51:BH$58),BE52+1,0)) -> 0 | BN52: =BM52*$F$2 -> 0 | BO52: =MOD($F6+BN52+$B440,$F$1) -> 3 | BR52: 2 | BS52: =IF(BP52="", BM52,IF(BP52=MIN(BP$51:BP$58),BM52+1,0)) -> 0 | BT52: =BS52*$F$2 -> 0 | BU52: =MOD($F6+BT52+$B440,$F$1) -> 3 | BX52: 2 | BY52: =IF(BV52="", BS52,IF(BV52=MIN(BV$51:BV$58),BS52+1,0)) -> 0 | BZ52: =BY52*$F$2 -> 0 | CA52: =MOD($F6+BZ52+$B440,$F$1) -> 3
B53: 3 | C53: =IF(B53=MIN(B$21:B$28),1,0) -> 0 | D53: 0 | E53: =MOD($F7+D53+$B$39,$F$1) -> 12 | J53: 3 | K53: =IF(F53="", C53,IF(F53=MIN(F$51:F$58),C53+1,0)) -> 0 | L53: =K53*$F$2 -> 0 | M53: =MOD($F7+L53+$B441,$F$1) -> 14 | P53: 3 | Q53: =IF(N53="", K53,IF(N53=MIN(N$51:N$58),K53+1,0)) -> 0 | R53: =Q53*$F$2 -> 0 | S53: =MOD($F7+R53+$B441,$F$1) -> 14 | X53: 3 | Y53: =IF(T53="", Q53,IF(T53=MIN(T$51:T$58),Q53+1,0)) -> 0 | Z53: =Y53*$F$2 -> 0 | AA53: =MOD($F7+Z53+$B441,$F$1) -> 14 | AD53: 3 | AE53: =IF(AB53="", Y53,IF(AB53=MIN(AB$51:AB$58),Y53+1,0)) -> 0 | AF53: =AE53*$F$2 -> 0 | AG53: =MOD($F7+AF53+$B441,$F$1) -> 14 | AJ53: 3 | AK53: =IF(AH53="",AE53,IF(AH53=MIN(AH$21:AH$28),AE53+1,0)) -> 0 | AL53: =AK53*$F$2 -> 0 | AM53: =MOD($F7+AL53+$B441,$F$1) -> 14 | AR53: 3 | AS53: =IF(AN53="", AK53,IF(AN53=MIN(AN$51:AN$58),AK53+1,0)) -> 0 | AT53: =AS53*$F$2 -> 0 | AU53: =MOD($F7+AT53+$B441,$F$1) -> 14 | AX53: 3 | AY53: =IF(AV53="", AS53,IF(AV53=MIN(AV$51:AV$58),AS53+1,0)) -> 0 | AZ53: =AY53*$F$2 -> 0 | BA53: =MOD($F7+AZ53+$B441,$F$1) -> 14 | BD53: 3 | BE53: =IF(BB53="", AY53,IF(BB53=MIN(BB$51:BB$58),AY53+1,0)) -> 0 | BF53: =BE53*$F$2 -> 0 | BG53: =MOD($F7+BF53+$B441,$F$1) -> 14 | BL53: 3 | BM53: =IF(BH53="", BE53,IF(BH53=MIN(BH$51:BH$58),BE53+1,0)) -> 0 | BN53: =BM53*$F$2 -> 0 | BO53: =MOD($F7+BN53+$B441,$F$1) -> 14 | BR53: 3 | BS53: =IF(BP53="", BM53,IF(BP53=MIN(BP$51:BP$58),BM53+1,0)) -> 0 | BT53: =BS53*$F$2 -> 0 | BU53: =MOD($F7+BT53+$B441,$F$1) -> 14 | BX53: 3 | BY53: =IF(BV53="", BS53,IF(BV53=MIN(BV$51:BV$58),BS53+1,0)) -> 0 | BZ53: =BY53*$F$2 -> 0 | CA53: =MOD($F7+BZ53+$B441,$F$1) -> 14
B54: 4 | C54: =IF(B54=MIN(B$21:B$28),1,0) -> 0 | D54: 0 | E54: =MOD($F8+D54+$B$39,$F$1) -> 8 | F54: 5 | J54: 4 | K54: =IF(F54="", C54,IF(F54=MIN(F$51:F$58),C54+1,0)) -> 1 | L54: =K54*$F$2 -> 8 | M54: =MOD($F8+L54+$B442,$F$1) -> 2 | P54: 4 | Q54: =IF(N54="", K54,IF(N54=MIN(N$51:N$58),K54+1,0)) -> 1 | R54: =Q54*$F$2 -> 8 | S54: =MOD($F8+R54+$B442,$F$1) -> 2 | T54: 15 | X54: 4 | Y54: =IF(T54="", Q54,IF(T54=MIN(T$51:T$58),Q54+1,0)) -> 2 | Z54: =Y54*$F$2 -> 16 | AA54: =MOD($F8+Z54+$B442,$F$1) -> 10 | AD54: 4 | AE54: =IF(AB54="", Y54,IF(AB54=MIN(AB$51:AB$58),Y54+1,0)) -> 2 | AF54: =AE54*$F$2 -> 16 | AG54: =MOD($F8+AF54+$B442,$F$1) -> 10 | AJ54: 4 | AK54: =IF(AH54="",AE54,IF(AH54=MIN(AH$21:AH$28),AE54+1,0)) -> 2 | AL54: =AK54*$F$2 -> 16 | AM54: =MOD($F8+AL54+$B442,$F$1) -> 10 | AN54: 25 | AR54: 4 | AS54: =IF(AN54="", AK54,IF(AN54=MIN(AN$51:AN$58),AK54+1,0)) -> 3 | AT54: =AS54*$F$2 -> 24 | AU54: =MOD($F8+AT54+$B442,$F$1) -> 2 | AX54: 4 | AY54: =IF(AV54="", AS54,IF(AV54=MIN(AV$51:AV$58),AS54+1,0)) -> 3 | AZ54: =AY54*$F$2 -> 24 | BA54: =MOD($F8+AZ54+$B442,$F$1) -> 2 | BD54: 4 | BE54: =IF(BB54="", AY54,IF(BB54=MIN(BB$51:BB$58),AY54+1,0)) -> 3 | BF54: =BE54*$F$2 -> 24 | BG54: =MOD($F8+BF54+$B442,$F$1) -> 2 | BH54: 27 | BL54: 4 | BM54: =IF(BH54="", BE54,IF(BH54=MIN(BH$51:BH$58),BE54+1,0)) -> 4 | BN54: =BM54*$F$2 -> 32 | BO54: =MOD($F8+BN54+$B442,$F$1) -> 10 | BR54: 4 | BS54: =IF(BP54="", BM54,IF(BP54=MIN(BP$51:BP$58),BM54+1,0)) -> 4 | BT54: =BS54*$F$2 -> 32 | BU54: =MOD($F8+BT54+$B442,$F$1) -> 10 | BX54: 4 | BY54: =IF(BV54="", BS54,IF(BV54=MIN(BV$51:BV$58),BS54+1,0)) -> 4 | BZ54: =BY54*$F$2 -> 32 | CA54: =MOD($F8+BZ54+$B442,$F$1) -> 10 | CB54: 23
B55: 5 | C55: =IF(B55=MIN(B$21:B$28),1,0) -> 0 | D55: 0 | E55: =MOD($F9+D55+$B$39,$F$1) -> 2 | J55: 5 | K55: =IF(F55="", C55,IF(F55=MIN(F$51:F$58),C55+1,0)) -> 0 | L55: =K55*$F$2 -> 0 | M55: =MOD($F9+L55+$B443,$F$1) -> 4 | P55: 5 | Q55: =IF(N55="", K55,IF(N55=MIN(N$51:N$58),K55+1,0)) -> 0 | R55: =Q55*$F$2 -> 0 | S55: =MOD($F9+R55+$B443,$F$1) -> 4 | X55: 5 | Y55: =IF(T55="", Q55,IF(T55=MIN(T$51:T$58),Q55+1,0)) -> 0 | Z55: =Y55*$F$2 -> 0 | AA55: =MOD($F9+Z55+$B443,$F$1) -> 4 | AD55: 5 | AE55: =IF(AB55="", Y55,IF(AB55=MIN(AB$51:AB$58),Y55+1,0)) -> 0 | AF55: =AE55*$F$2 -> 0 | AG55: =MOD($F9+AF55+$B443,$F$1) -> 4 | AJ55: 5 | AK55: =IF(AH55="",AE55,IF(AH55=MIN(AH$21:AH$28),AE55+1,0)) -> 0 | AL55: =AK55*$F$2 -> 0 | AM55: =MOD($F9+AL55+$B443,$F$1) -> 4 | AR55: 5 | AS55: =IF(AN55="", AK55,IF(AN55=MIN(AN$51:AN$58),AK55+1,0)) -> 0 | AT55: =AS55*$F$2 -> 0 | AU55: =MOD($F9+AT55+$B443,$F$1) -> 4 | AX55: 5 | AY55: =IF(AV55="", AS55,IF(AV55=MIN(AV$51:AV$58),AS55+1,0)) -> 0 | AZ55: =AY55*$F$2 -> 0 | BA55: =MOD($F9+AZ55+$B443,$F$1) -> 4 | BD55: 5 | BE55: =IF(BB55="", AY55,IF(BB55=MIN(BB$51:BB$58),AY55+1,0)) -> 0 | BF55: =BE55*$F$2 -> 0 | BG55: =MOD($F9+BF55+$B443,$F$1) -> 4 | BL55: 5 | BM55: =IF(BH55="", BE55,IF(BH55=MIN(BH$51:BH$58),BE55+1,0)) -> 0 | BN55: =BM55*$F$2 -> 0 | BO55: =MOD($F9+BN55+$B443,$F$1) -> 4 | BR55: 5 | BS55: =IF(BP55="", BM55,IF(BP55=MIN(BP$51:BP$58),BM55+1,0)) -> 0 | BT55: =BS55*$F$2 -> 0 | BU55: =MOD($F9+BT55+$B443,$F$1) -> 4 | BX55: 5 | BY55: =IF(BV55="", BS55,IF(BV55=MIN(BV$51:BV$58),BS55+1,0)) -> 0 | BZ55: =BY55*$F$2 -> 0 | CA55: =MOD($F9+BZ55+$B443,$F$1) -> 4
B56: 6 | C56: =IF(B56=MIN(B$21:B$28),1,0) -> 0 | D56: 0 | E56: =MOD($F10+D56+$B$39,$F$1) -> 14 | J56: 6 | K56: =IF(F56="", C56,IF(F56=MIN(F$51:F$58),C56+1,0)) -> 0 | L56: =K56*$F$2 -> 0 | M56: =MOD($F10+L56+$B444,$F$1) -> 0 | P56: 6 | Q56: =IF(N56="", K56,IF(N56=MIN(N$51:N$58),K56+1,0)) -> 0 | R56: =Q56*$F$2 -> 0 | S56: =MOD($F10+R56+$B444,$F$1) -> 0 | X56: 6 | Y56: =IF(T56="", Q56,IF(T56=MIN(T$51:T$58),Q56+1,0)) -> 0 | Z56: =Y56*$F$2 -> 0 | AA56: =MOD($F10+Z56+$B444,$F$1) -> 0 | AD56: 6 | AE56: =IF(AB56="", Y56,IF(AB56=MIN(AB$51:AB$58),Y56+1,0)) -> 0 | AF56: =AE56*$F$2 -> 0 | AG56: =MOD($F10+AF56+$B444,$F$1) -> 0 | AJ56: 6 | AK56: =IF(AH56="",AE56,IF(AH56=MIN(AH$21:AH$28),AE56+1,0)) -> 0 | AL56: =AK56*$F$2 -> 0 | AM56: =MOD($F10+AL56+$B444,$F$1) -> 0 | AR56: 6 | AS56: =IF(AN56="", AK56,IF(AN56=MIN(AN$51:AN$58),AK56+1,0)) -> 0 | AT56: =AS56*$F$2 -> 0 | AU56: =MOD($F10+AT56+$B444,$F$1) -> 0 | AX56: 6 | AY56: =IF(AV56="", AS56,IF(AV56=MIN(AV$51:AV$58),AS56+1,0)) -> 0 | AZ56: =AY56*$F$2 -> 0 | BA56: =MOD($F10+AZ56+$B444,$F$1) -> 0 | BD56: 6 | BE56: =IF(BB56="", AY56,IF(BB56=MIN(BB$51:BB$58),AY56+1,0)) -> 0 | BF56: =BE56*$F$2 -> 0 | BG56: =MOD($F10+BF56+$B444,$F$1) -> 0 | BL56: 6 | BM56: =IF(BH56="", BE56,IF(BH56=MIN(BH$51:BH$58),BE56+1,0)) -> 0 | BN56: =BM56*$F$2 -> 0 | BO56: =MOD($F10+BN56+$B444,$F$1) -> 0 | BR56: 6 | BS56: =IF(BP56="", BM56,IF(BP56=MIN(BP$51:BP$58),BM56+1,0)) -> 0 | BT56: =BS56*$F$2 -> 0 | BU56: =MOD($F10+BT56+$B444,$F$1) -> 0 | BX56: 6 | BY56: =IF(BV56="", BS56,IF(BV56=MIN(BV$51:BV$58),BS56+1,0)) -> 0 | BZ56: =BY56*$F$2 -> 0 | CA56: =MOD($F10+BZ56+$B444,$F$1) -> 0
B57: 7 | C57: =IF(B57=MIN(B$21:B$28),1,0) -> 0 | D57: 0 | E57: =MOD($F11+D57+$B$39,$F$1) -> 11 | F57: 6 | J57: 7 | K57: =IF(F57="", C57,IF(F57=MIN(F$51:F$58),C57+1,0)) -> 0 | L57: =K57*$F$2 -> 0 | M57: =MOD($F11+L57+$B445,$F$1) -> 13 | P57: 7 | Q57: =IF(N57="", K57,IF(N57=MIN(N$51:N$58),K57+1,0)) -> 0 | R57: =Q57*$F$2 -> 0 | S57: =MOD($F11+R57+$B445,$F$1) -> 13 | X57: 7 | Y57: =IF(T57="", Q57,IF(T57=MIN(T$51:T$58),Q57+1,0)) -> 0 | Z57: =Y57*$F$2 -> 0 | AA57: =MOD($F11+Z57+$B445,$F$1) -> 13 | AD57: 7 | AE57: =IF(AB57="", Y57,IF(AB57=MIN(AB$51:AB$58),Y57+1,0)) -> 0 | AF57: =AE57*$F$2 -> 0 | AG57: =MOD($F11+AF57+$B445,$F$1) -> 13 | AJ57: 7 | AK57: =IF(AH57="",AE57,IF(AH57=MIN(AH$21:AH$28),AE57+1,0)) -> 0 | AL57: =AK57*$F$2 -> 0 | AM57: =MOD($F11+AL57+$B445,$F$1) -> 13 | AN57: 26 | AR57: 7 | AS57: =IF(AN57="", AK57,IF(AN57=MIN(AN$51:AN$58),AK57+1,0)) -> 0 | AT57: =AS57*$F$2 -> 0 | AU57: =MOD($F11+AT57+$B445,$F$1) -> 13 | AX57: 7 | AY57: =IF(AV57="", AS57,IF(AV57=MIN(AV$51:AV$58),AS57+1,0)) -> 0 | AZ57: =AY57*$F$2 -> 0 | BA57: =MOD($F11+AZ57+$B445,$F$1) -> 13 | BD57: 7 | BE57: =IF(BB57="", AY57,IF(BB57=MIN(BB$51:BB$58),AY57+1,0)) -> 0 | BF57: =BE57*$F$2 -> 0 | BG57: =MOD($F11+BF57+$B445,$F$1) -> 13 | BL57: 7 | BM57: =IF(BH57="", BE57,IF(BH57=MIN(BH$51:BH$58),BE57+1,0)) -> 0 | BN57: =BM57*$F$2 -> 0 | BO57: =MOD($F11+BN57+$B445,$F$1) -> 13 | BR57: 7 | BS57: =IF(BP57="", BM57,IF(BP57=MIN(BP$51:BP$58),BM57+1,0)) -> 0 | BT57: =BS57*$F$2 -> 0 | BU57: =MOD($F11+BT57+$B445,$F$1) -> 13 | BX57: 7 | BY57: =IF(BV57="", BS57,IF(BV57=MIN(BV$51:BV$58),BS57+1,0)) -> 0 | BZ57: =BY57*$F$2 -> 0 | CA57: =MOD($F11+BZ57+$B445,$F$1) -> 13 | CB57: 24
B58: 8 | C58: =IF(B58=MIN(B$21:B$28),1,0) -> 0 | D58: 0 | E58: =MOD($F12+D58+$B$39,$F$1) -> 7 | J58: 8 | K58: =IF(F58="", C58,IF(F58=MIN(F$51:F$58),C58+1,0)) -> 0 | L58: =K58*$F$2 -> 0 | M58: =MOD($F12+L58+$B446,$F$1) -> 9 | P58: 8 | Q58: =IF(N58="", K58,IF(N58=MIN(N$51:N$58),K58+1,0)) -> 0 | R58: =Q58*$F$2 -> 0 | S58: =MOD($F12+R58+$B446,$F$1) -> 9 | X58: 8 | Y58: =IF(T58="", Q58,IF(T58=MIN(T$51:T$58),Q58+1,0)) -> 0 | Z58: =Y58*$F$2 -> 0 | AA58: =MOD($F12+Z58+$B446,$F$1) -> 9 | AD58: 8 | AE58: =IF(AB58="", Y58,IF(AB58=MIN(AB$51:AB$58),Y58+1,0)) -> 0 | AF58: =AE58*$F$2 -> 0 | AG58: =MOD($F12+AF58+$B446,$F$1) -> 9 | AJ58: 8 | AK58: =IF(AH58="",AE58,IF(AH58=MIN(AH$21:AH$28),AE58+1,0)) -> 0 | AL58: =AK58*$F$2 -> 0 | AM58: =MOD($F12+AL58+$B446,$F$1) -> 9 | AR58: 8 | AS58: =IF(AN58="", AK58,IF(AN58=MIN(AN$51:AN$58),AK58+1,0)) -> 0 | AT58: =AS58*$F$2 -> 0 | AU58: =MOD($F12+AT58+$B446,$F$1) -> 9 | AX58: 8 | AY58: =IF(AV58="", AS58,IF(AV58=MIN(AV$51:AV$58),AS58+1,0)) -> 0 | AZ58: =AY58*$F$2 -> 0 | BA58: =MOD($F12+AZ58+$B446,$F$1) -> 9 | BD58: 8 | BE58: =IF(BB58="", AY58,IF(BB58=MIN(BB$51:BB$58),AY58+1,0)) -> 0 | BF58: =BE58*$F$2 -> 0 | BG58: =MOD($F12+BF58+$B446,$F$1) -> 9 | BL58: 8 | BM58: =IF(BH58="", BE58,IF(BH58=MIN(BH$51:BH$58),BE58+1,0)) -> 0 | BN58: =BM58*$F$2 -> 0 | BO58: =MOD($F12+BN58+$B446,$F$1) -> 9 | BR58: 8 | BS58: =IF(BP58="", BM58,IF(BP58=MIN(BP$51:BP$58),BM58+1,0)) -> 0 | BT58: =BS58*$F$2 -> 0 | BU58: =MOD($F12+BT58+$B446,$F$1) -> 9 | BX58: 8 | BY58: =IF(BV58="", BS58,IF(BV58=MIN(BV$51:BV$58),BS58+1,0)) -> 0 | BZ58: =BY58*$F$2 -> 0 | CA58: =MOD($F12+BZ58+$B446,$F$1) -> 9
A59: 5 | B59: =O9 -> 10 | C59: CTR | D59: ctr * peer | E59: space 위치 | G59: =IF(COUNT(F60:F68) >0, COUNT(F60:F68)/2,"") -> 1 | I59: 5 | K59: CTR | L59: ctr * peer | M59: space 위치 | O59: 5 | Q59: CTR | R59: ctr * peer | S59: space 위치 | U59: =IF(COUNT(N60:N68,T60:T68) >0, COUNT(N60:N68,T60:T68)/2,"") -> 1 | W59: 5 | Y59: CTR | Z59: ctr * peer | AA59: space 위치 | AC59: 5 | AE59: CTR | AF59: ctr * peer | AG59: space 위치 | AI59: 5 | AK59: =IF(AH59="",AE59,IF(AH59=MIN(AH$21:AH$28),AE59+1,0)) -> CTR | AL59: ctr * peer | AM59: space 위치 | AO59: =IF(COUNT(AB60:AB68,AH60:AH68,AN60:AN68) >0, COUNT(AB60:AB68,AH60:AH68,AN60:AN68) /2,"") -> 1 | AQ59: 5 | AS59: CTR | AT59: ctr * peer | AU59: space 위치 | AW59: 5 | AY59: CTR | AZ59: ctr * peer | BA59: space 위치 | BC59: 5 | BE59: CTR | BF59: ctr * peer | BG59: space 위치 | BI59: =IF(COUNT(AV60:AV68,BB60:BB68,BH60:BH68) >0, COUNT(AV60:AV68,BB60:BB68,BH60:BH68) /2,"") -> 1 | BK59: 5 | BM59: CTR | BN59: ctr * peer | BO59: space 위치 | BQ59: 5 | BS59: CTR | BT59: ctr * peer | BU59: space 위치 | BW59: 5 | BY59: CTR | BZ59: ctr * peer | CA59: space 위치 | CC59: =IF(COUNT(BP60:BP68,BV60:BV68,CB60:CB68) >0, COUNT(BP60:BP68,BV60:BV68,CB60:CB68) /2,"") -> 1
B60: Peer 순서 | C60: 초기값 0 CTR=CTR+1 | D60: 계산 CTR*Peer 수 | E60: 계산 (Addr+SALT+CalCTR) % Space | J60: Peer 순서 | K60: CTR=CTR+1 | L60: 계산 CTR*Peer 수 | M60: 계산 (Addr+SALT+CalCTR) % Space | P60: Peer 순서 | Q60: CTR=CTR+1 | R60: 계산 CTR*Peer 수 | S60: 계산 (Addr+SALT+CalCTR) % Space | X60: Peer 순서 | Y60: CTR=CTR+1 | Z60: 계산 CTR*Peer 수 | AA60: 계산 (Addr+SALT+CalCTR) % Space | AD60: Peer 순서 | AE60: CTR=CTR+1 | AF60: 계산 CTR*Peer 수 | AG60: 계산 (Addr+SALT+CalCTR) % Space | AJ60: Peer 순서 | AK60: =IF(AH60="",AE60,IF(AH60=MIN(AH$21:AH$28),AE60+1,0)) -> CTR=CTR+1 | AL60: 계산 CTR*Peer 수 | AM60: 계산 (Addr+SALT+CalCTR) % Space | AR60: Peer 순서 | AS60: CTR=CTR+1 | AT60: 계산 CTR*Peer 수 | AU60: 계산 (Addr+SALT+CalCTR) % Space | AX60: Peer 순서 | AY60: CTR=CTR+1 | AZ60: 계산 CTR*Peer 수 | BA60: 계산 (Addr+SALT+CalCTR) % Space | BD60: Peer 순서 | BE60: CTR=CTR+1 | BF60: 계산 CTR*Peer 수 | BG60: 계산 (Addr+SALT+CalCTR) % Space | BL60: Peer 순서 | BM60: CTR=CTR+1 | BN60: 계산 CTR*Peer 수 | BO60: 계산 (Addr+SALT+CalCTR) % Space | BR60: Peer 순서 | BS60: CTR=CTR+1 | BT60: 계산 CTR*Peer 수 | BU60: 계산 (Addr+SALT+CalCTR) % Space | BX60: Peer 순서 | BY60: CTR=CTR+1 | BZ60: 계산 CTR*Peer 수 | CA60: 계산 (Addr+SALT+CalCTR) % Space
B61: 1 | C61: 0 | D61: 0 | E61: =MOD($F5+D61+$B$39,$F$1) -> 5 | F61: 16 | J61: 1 | K61: =IF(F61="", C61,IF(F61=MIN(F$61:F$68),C61+1,0)) -> 0 | L61: =K61*$F$2 -> 0 | M61: =MOD($F5+L61+$B$39,$F$1) -> 5 | P61: 1 | Q61: =IF(N61="", K61,IF(N61=MIN(N$61:N$68),K61+1,0)) -> 0 | R61: =Q61*$F$2 -> 0 | S61: =MOD($F5+R61+$B$39,$F$1) -> 5 | X61: 1 | Y61: =IF(T61="", Q61,IF(T61=MIN(T$61:T$68),Q61+1,0)) -> 0 | Z61: =Y61*$F$2 -> 0 | AA61: =MOD($F5+Z61+$B$39,$F$1) -> 5 | AB61: 8 | AD61: 1 | AE61: =IF(AB61="", Y61,IF(AB61=MIN(AB$61:AB$68),Y61+1,0)) -> 0 | AF61: =AE61*$F$2 -> 0 | AG61: =MOD($F5+AF61+$B$39,$F$1) -> 5 | AJ61: 1 | AK61: =IF(AH61="",AE61,IF(AH61=MIN(AH$21:AH$28),AE61+1,0)) -> 0 | AL61: =AK61*$F$2 -> 0 | AM61: =MOD($F5+AL61+$B$39,$F$1) -> 5 | AR61: 1 | AS61: =IF(AN61="", AK61,IF(AN61=MIN(AN$61:AN$68),AK61+1,0)) -> 0 | AT61: =AS61*$F$2 -> 0 | AU61: =MOD($F5+AT61+$B$39,$F$1) -> 5 | AX61: 1 | AY61: =IF(AV61="", AS61,IF(AV61=MIN(AV$61:AV$68),AS61+1,0)) -> 0 | AZ61: =AY61*$F$2 -> 0 | BA61: =MOD($F5+AZ61+$B$39,$F$1) -> 5 | BD61: 1 | BE61: =IF(BB61="", AY61,IF(BB61=MIN(BB$61:BB$68),AY61+1,0)) -> 0 | BF61: =BE61*$F$2 -> 0 | BG61: =MOD($F5+BF61+$B$39,$F$1) -> 5 | BL61: 1 | BM61: =IF(BH61="", BE61,IF(BH61=MIN(BH$61:BH$68),BE61+1,0)) -> 0 | BN61: =BM61*$F$2 -> 0 | BO61: =MOD($F5+BN61+$B$39,$F$1) -> 5 | BP61: 8 | BR61: 1 | BS61: =IF(BP61="", BM61,IF(BP61=MIN(BP$61:BP$68),BM61+1,0)) -> 0 | BT61: =BS61*$F$2 -> 0 | BU61: =MOD($F5+BT61+$B$39,$F$1) -> 5 | BX61: 1 | BY61: =IF(BV61="", BS61,IF(BV61=MIN(BV$61:BV$68),BS61+1,0)) -> 0 | BZ61: =BY61*$F$2 -> 0 | CA61: =MOD($F5+BZ61+$B$39,$F$1) -> 5
B62: 2 | C62: =IF(B62=MIN(B$21:B$28),1,0) -> 0 | D62: 0 | E62: =MOD($F6+D62+$B$39,$F$1) -> 1 | J62: 2 | K62: =IF(F62="", C62,IF(F62=MIN(F$61:F$68),C62+1,0)) -> 0 | L62: =K62*$F$2 -> 0 | M62: =MOD($F6+L62+$B$39,$F$1) -> 1 | P62: 2 | Q62: =IF(N62="", K62,IF(N62=MIN(N$61:N$68),K62+1,0)) -> 0 | R62: =Q62*$F$2 -> 0 | S62: =MOD($F6+R62+$B$39,$F$1) -> 1 | X62: 2 | Y62: =IF(T62="", Q62,IF(T62=MIN(T$61:T$68),Q62+1,0)) -> 0 | Z62: =Y62*$F$2 -> 0 | AA62: =MOD($F6+Z62+$B$39,$F$1) -> 1 | AD62: 2 | AE62: =IF(AB62="", Y62,IF(AB62=MIN(AB$61:AB$68),Y62+1,0)) -> 0 | AF62: =AE62*$F$2 -> 0 | AG62: =MOD($F6+AF62+$B$39,$F$1) -> 1 | AJ62: 2 | AK62: =IF(AH62="",AE62,IF(AH62=MIN(AH$21:AH$28),AE62+1,0)) -> 0 | AL62: =AK62*$F$2 -> 0 | AM62: =MOD($F6+AL62+$B$39,$F$1) -> 1 | AR62: 2 | AS62: =IF(AN62="", AK62,IF(AN62=MIN(AN$61:AN$68),AK62+1,0)) -> 0 | AT62: =AS62*$F$2 -> 0 | AU62: =MOD($F6+AT62+$B$39,$F$1) -> 1 | AX62: 2 | AY62: =IF(AV62="", AS62,IF(AV62=MIN(AV$61:AV$68),AS62+1,0)) -> 0 | AZ62: =AY62*$F$2 -> 0 | BA62: =MOD($F6+AZ62+$B$39,$F$1) -> 1 | BD62: 2 | BE62: =IF(BB62="", AY62,IF(BB62=MIN(BB$61:BB$68),AY62+1,0)) -> 0 | BF62: =BE62*$F$2 -> 0 | BG62: =MOD($F6+BF62+$B$39,$F$1) -> 1 | BL62: 2 | BM62: =IF(BH62="", BE62,IF(BH62=MIN(BH$61:BH$68),BE62+1,0)) -> 0 | BN62: =BM62*$F$2 -> 0 | BO62: =MOD($F6+BN62+$B$39,$F$1) -> 1 | BR62: 2 | BS62: =IF(BP62="", BM62,IF(BP62=MIN(BP$61:BP$68),BM62+1,0)) -> 0 | BT62: =BS62*$F$2 -> 0 | BU62: =MOD($F6+BT62+$B$39,$F$1) -> 1 | BX62: 2 | BY62: =IF(BV62="", BS62,IF(BV62=MIN(BV$61:BV$68),BS62+1,0)) -> 0 | BZ62: =BY62*$F$2 -> 0 | CA62: =MOD($F6+BZ62+$B$39,$F$1) -> 1
