Workbook

Sheet # 1. 정리
B2: A. | C2: 기본 DHT, 10개 노드
C3: USING_PACKET_CNT_FOR_TEST=0
C4: USING_TEST_NODE_IDX=-1
C5: #define DEF_BASE_M 10 | H5: 32
C6: iapl_chord.exe c 6000
C7: 2_SubNode.bat 9
B9: B. | C9: 패킷 기반 DHT, 10개 노드
C10: USING_PACKET_CNT_FOR_TEST=1
C11: USING_TEST_NODE_IDX=-1
C12: #define DEF_BASE_M 10
C13: iapl_chord.exe c 6000
C14: 2_SubNode.bat 9
B16: C. | C16: 패킷 기반 DHT, 10개 노드 (8번 Indx 100번)
C17: USING_PACKET_CNT_FOR_TEST=100
C18: USING_TEST_NODE_IDX=7
C19: #define DEF_BASE_M 10
C20: iapl_chord.exe c 6000
C21: 2_SubNode.bat 9
B23: 노드 | C23: DHT | D23: 패킷기반 | E23: 패킷기반 (단일노드) | F23: 패킷기반 (단일노드)
B24: 127.0.0.1:6000 | C24: =COUNTIF('2. 기본(Node 10개, 랜덤 10번 동작 )'!$E$3:$V$102,B24) -> 10 | D24: =COUNTIF('2. 패킷(Node 10개, 랜덤 10번 동작)'!$E$3:$V$102,B24) -> 10 | E24: =COUNTIF('2. 패킷(Node 10개, 고정 100번 동작)'!$E$3:$V$102,B24) -> 104 | F24: =E24/10 -> 10.4
B25: 127.0.0.1:6001 | C25: =COUNTIF('2. 기본(Node 10개, 랜덤 10번 동작 )'!$E$3:$V$102,B25) -> 1 | D25: =COUNTIF('2. 패킷(Node 10개, 랜덤 10번 동작)'!$E$3:$V$102,B25) -> 1 | E25: =COUNTIF('2. 패킷(Node 10개, 고정 100번 동작)'!$E$3:$V$102,B25) -> 7 | F25: =E25/10 -> 0.7
B26: 127.0.0.1:6002 | C26: =COUNTIF('2. 기본(Node 10개, 랜덤 10번 동작 )'!$E$3:$V$102,B26) -> 1 | D26: =COUNTIF('2. 패킷(Node 10개, 랜덤 10번 동작)'!$E$3:$V$102,B26) -> 5 | E26: =COUNTIF('2. 패킷(Node 10개, 고정 100번 동작)'!$E$3:$V$102,B26) -> 55 | F26: =E26/10 -> 5.5
B27: 127.0.0.1:6003 | C27: =COUNTIF('2. 기본(Node 10개, 랜덤 10번 동작 )'!$E$3:$V$102,B27) -> 1 | D27: =COUNTIF('2. 패킷(Node 10개, 랜덤 10번 동작)'!$E$3:$V$102,B27) -> 6 | E27: =COUNTIF('2. 패킷(Node 10개, 고정 100번 동작)'!$E$3:$V$102,B27) -> 100 | F27: =E27/10 -> 10
B28: 127.0.0.1:6004 | C28: =COUNTIF('2. 기본(Node 10개, 랜덤 10번 동작 )'!$E$3:$V$102,B28) -> 1 | D28: =COUNTIF('2. 패킷(Node 10개, 랜덤 10번 동작)'!$E$3:$V$102,B28) -> 7 | E28: =COUNTIF('2. 패킷(Node 10개, 고정 100번 동작)'!$E$3:$V$102,B28) -> 62 | F28: =E28/10 -> 6.2
B29: 127.0.0.1:6005 | C29: =COUNTIF('2. 기본(Node 10개, 랜덤 10번 동작 )'!$E$3:$V$102,B29) -> 1 | D29: =COUNTIF('2. 패킷(Node 10개, 랜덤 10번 동작)'!$E$3:$V$102,B29) -> 6 | E29: =COUNTIF('2. 패킷(Node 10개, 고정 100번 동작)'!$E$3:$V$102,B29) -> 69 | F29: =E29/10 -> 6.9
B30: 127.0.0.1:6006 | C30: =COUNTIF('2. 기본(Node 10개, 랜덤 10번 동작 )'!$E$3:$V$102,B30) -> 2 | D30: =COUNTIF('2. 패킷(Node 10개, 랜덤 10번 동작)'!$E$3:$V$102,B30) -> 3 | E30: =COUNTIF('2. 패킷(Node 10개, 고정 100번 동작)'!$E$3:$V$102,B30) -> 27 | F30: =E30/10 -> 2.7
B31: 127.0.0.1:6007 | C31: =COUNTIF('2. 기본(Node 10개, 랜덤 10번 동작 )'!$E$3:$V$102,B31) -> 6 | D31: =COUNTIF('2. 패킷(Node 10개, 랜덤 10번 동작)'!$E$3:$V$102,B31) -> 10 | E31: =COUNTIF('2. 패킷(Node 10개, 고정 100번 동작)'!$E$3:$V$102,B31) -> 106 | F31: =E31/10 -> 10.6
B32: 127.0.0.1:6008 | C32: =COUNTIF('2. 기본(Node 10개, 랜덤 10번 동작 )'!$E$3:$V$102,B32) -> 1 | D32: =COUNTIF('2. 패킷(Node 10개, 랜덤 10번 동작)'!$E$3:$V$102,B32) -> 2 | E32: =COUNTIF('2. 패킷(Node 10개, 고정 100번 동작)'!$E$3:$V$102,B32) -> 22 | F32: =E32/10 -> 2.2
B33: 127.0.0.1:6009 | C33: =COUNTIF('2. 기본(Node 10개, 랜덤 10번 동작 )'!$E$3:$V$102,B33) -> 2 | D33: =COUNTIF('2. 패킷(Node 10개, 랜덤 10번 동작)'!$E$3:$V$102,B33) -> 6 | E33: =COUNTIF('2. 패킷(Node 10개, 고정 100번 동작)'!$E$3:$V$102,B33) -> 89 | F33: =E33/10 -> 8.9
B34: 총노드수
C35: =SUM(C24:C34) -> 26 | D35: =SUM(D24:D34) -> 56 | E35: =SUM(E24:E34) -> 641 | F35: =E35/10 -> 64.1
C52: 기본모델 홉수 | D52: 제안모델 홉수
C53: 2 | D53: 2
C54: 2 | D54: 5
C55: 2 | D55: 5
C56: 3 | D56: 16
C57: 4 | D57: 6
C58: 3 | D58: 4 | P58: 노드 10개, 랜덤한 탐색 10번
C59: 3 | D59: 9
C60: 4 | D60: 6
C61: 1 | D61: 1
C62: 2 | D62: 2

Sheet 2. 기본(Node 10개, 랜덤 10번 동작 )
A2: 홉수
A3: =IF(COUNTA(E3:AN3)>0, COUNTA(E3:AN3), "") -> 2 | B3: Node(10) | C3: 0 | D3: 127.0.0.1:6000 -127.0.0.1:6004 | E3: 127.0.0.1:6000 | F3: 127.0.0.1:6004
A4: =IF(COUNTA(E4:AN4)>0, COUNTA(E4:AN4), "") -> 2 | B4: Node(10) | C4: 1 | D4: 127.0.0.1:6000 -127.0.0.1:6005 | E4: 127.0.0.1:6000 | F4: 127.0.0.1:6005
A5: =IF(COUNTA(E5:AN5)>0, COUNTA(E5:AN5), "") -> 2 | B5: Node(10) | C5: 2 | D5: 127.0.0.1:6000 -127.0.0.1:6007 | E5: 127.0.0.1:6000 | F5: 127.0.0.1:6007
A6: =IF(COUNTA(E6:AN6)>0, COUNTA(E6:AN6), "") -> 3 | B6: Node(10) | C6: 3 | D6: 127.0.0.1:6000 -127.0.0.1:6006 | E6: 127.0.0.1:6000 | F6: 127.0.0.1:6007 | G6: 127.0.0.1:6006
A7: =IF(COUNTA(E7:AN7)>0, COUNTA(E7:AN7), "") -> 4 | B7: Node(10) | C7: 4 | D7: 127.0.0.1:6000 -127.0.0.1:6001 | E7: 127.0.0.1:6000 | F7: 127.0.0.1:6007 | G7: 127.0.0.1:6006 | H7: 127.0.0.1:6001
A8: =IF(COUNTA(E8:AN8)>0, COUNTA(E8:AN8), "") -> 3 | B8: Node(10) | C8: 5 | D8: 127.0.0.1:6000 -127.0.0.1:6002 | E8: 127.0.0.1:6000 | F8: 127.0.0.1:6007 | G8: 127.0.0.1:6002
A9: =IF(COUNTA(E9:AN9)>0, COUNTA(E9:AN9), "") -> 3 | B9: Node(10) | C9: 6 | D9: 127.0.0.1:6000 -127.0.0.1:6009 | E9: 127.0.0.1:6000 | F9: 127.0.0.1:6007 | G9: 127.0.0.1:6009
A10: =IF(COUNTA(E10:AN10)>0, COUNTA(E10:AN10), "") -> 4 | B10: Node(10) | C10: 7 | D10: 127.0.0.1:6000 -127.0.0.1:6008 | E10: 127.0.0.1:6000 | F10: 127.0.0.1:6007 | G10: 127.0.0.1:6009 | H10: 127.0.0.1:6008
A11: =IF(COUNTA(E11:AN11)>0, COUNTA(E11:AN11), "") -> 1 | B11: Node(10) | C11: 8 | D11: 127.0.0.1:6000 -127.0.0.1:6000 | E11: 127.0.0.1:6000
A12: =IF(COUNTA(E12:AN12)>0, COUNTA(E12:AN12), "") -> 2 | B12: Node(10) | C12: 9 | D12: 127.0.0.1:6000 -127.0.0.1:6003 | E12: 127.0.0.1:6000 | F12: 127.0.0.1:6003
A13: =IF(COUNTA(E13:AN13)>0, COUNTA(E13:AN13), "")
A14: =IF(COUNTA(E14:AN14)>0, COUNTA(E14:AN14), "")
A15: =IF(COUNTA(E15:AN15)>0, COUNTA(E15:AN15), "")
A16: =IF(COUNTA(E16:AN16)>0, COUNTA(E16:AN16), "")
A17: =IF(COUNTA(E17:AN17)>0, COUNTA(E17:AN17), "")
A18: =IF(COUNTA(E18:AN18)>0, COUNTA(E18:AN18), "")
A19: =IF(COUNTA(E19:AN19)>0, COUNTA(E19:AN19), "")
A20: =IF(COUNTA(E20:AN20)>0, COUNTA(E20:AN20), "")
A21: =IF(COUNTA(E21:AN21)>0, COUNTA(E21:AN21), "")
A22: =IF(COUNTA(E22:AN22)>0, COUNTA(E22:AN22), "")
A23: =IF(COUNTA(E23:AN23)>0, COUNTA(E23:AN23), "")
A24: =IF(COUNTA(E24:AN24)>0, COUNTA(E24:AN24), "")
... A902: =IF(COUNTA(E902:AN902)>0, COUNTA(E902:AN902), "")

Sheet 2. 패킷(Node 10개, 랜덤 10번 동작)
A2: 홉수
A3: =IF(COUNTA(E3:AN3)>0, COUNTA(E3:AN3), "") -> 2 | B3: Node(10) | C3: 0 | D3: 127.0.0.1:6000 -127.0.0.1:6004 | E3: 127.0.0.1:6000 | F3: 127.0.0.1:6004
A4: =IF(COUNTA(E4:AN4)>0, COUNTA(E4:AN4), "") -> 5 | B4: Node(10) | C4: 1 | D4: 127.0.0.1:6000 -127.0.0.1:6005 | E4: 127.0.0.1:6000 | F4: 127.0.0.1:6007 | G4: 127.0.0.1:6003 | H4: 127.0.0.1:6004 | I4: 127.0.0.1:6005
A5: =IF(COUNTA(E5:AN5)>0, COUNTA(E5:AN5), "") -> 5 | B5: Node(10) | C5: 2 | D5: 127.0.0.1:6000 -127.0.0.1:6007 | E5: 127.0.0.1:6000 | F5: 127.0.0.1:6004 | G5: 127.0.0.1:6002 | H5: 127.0.0.1:6005 | I5: 127.0.0.1:6007
A6: =IF(COUNTA(E6:AN6)>0, COUNTA(E6:AN6), "") -> 16 | B6: Node(10) | C6: 3 | D6: 127.0.0.1:6000 -127.0.0.1:6006 | E6: 127.0.0.1:6000 | F6: 127.0.0.1:6005 | G6: 127.0.0.1:6009 | H6: 127.0.0.1:6007 | I6: 127.0.0.1:6002 | J6: 127.0.0.1:6009 | K6: 127.0.0.1:6008 | L6: 127.0.0.1:6007 | M6: 127.0.0.1:6009 | N6: 127.0.0.1:6003 | O6: 127.0.0.1:6004 | P6: 127.0.0.1:6005 | Q6: 127.0.0.1:6007 | R6: 127.0.0.1:6003 | S6: 127.0.0.1:6007 | T6: 127.0.0.1:6006
A7: =IF(COUNTA(E7:AN7)>0, COUNTA(E7:AN7), "") -> 6 | B7: Node(10) | C7: 4 | D7: 127.0.0.1:6000 -127.0.0.1:6001 | E7: 127.0.0.1:6000 | F7: 127.0.0.1:6007 | G7: 127.0.0.1:6002 | H7: 127.0.0.1:6003 | I7: 127.0.0.1:6006 | J7: 127.0.0.1:6001
A8: =IF(COUNTA(E8:AN8)>0, COUNTA(E8:AN8), "") -> 4 | B8: Node(10) | C8: 5 | D8: 127.0.0.1:6000 -127.0.0.1:6002 | E8: 127.0.0.1:6000 | F8: 127.0.0.1:6003 | G8: 127.0.0.1:6004 | H8: 127.0.0.1:6002
A9: =IF(COUNTA(E9:AN9)>0, COUNTA(E9:AN9), "") -> 9 | B9: Node(10) | C9: 6 | D9: 127.0.0.1:6000 -127.0.0.1:6009 | E9: 127.0.0.1:6000 | F9: 127.0.0.1:6004 | G9: 127.0.0.1:6005 | H9: 127.0.0.1:6007 | I9: 127.0.0.1:6006 | J9: 127.0.0.1:6004 | K9: 127.0.0.1:6007 | L9: 127.0.0.1:6002 | M9: 127.0.0.1:6009
A10: =IF(COUNTA(E10:AN10)>0, COUNTA(E10:AN10), "") -> 6 | B10: Node(10) | C10: 7 | D10: 127.0.0.1:6000 -127.0.0.1:6008 | E10: 127.0.0.1:6000 | F10: 127.0.0.1:6005 | G10: 127.0.0.1:6009 | H10: 127.0.0.1:6007 | I10: 127.0.0.1:6009 | J10: 127.0.0.1:6008
A11: =IF(COUNTA(E11:AN11)>0, COUNTA(E11:AN11), "") -> 1 | B11: Node(10) | C11: 8 | D11: 127.0.0.1:6000 -127.0.0.1:6000 | E11: 127.0.0.1:6000
A12: =IF(COUNTA(E12:AN12)>0, COUNTA(E12:AN12), "") -> 2 | B12: Node(10) | C12: 9 | D12: 127.0.0.1:6000 -127.0.0.1:6003 | E12: 127.0.0.1:6000 | F12: 127.0.0.1:6003
A13: =IF(COUNTA(E13:AN13)>0, COUNTA(E13:AN13), "")
A14: =IF(COUNTA(E14:AN14)>0, COUNTA(E14:AN14), "")
A15: =IF(COUNTA(E15:AN15)>0, COUNTA(E15:AN15), "")
A16: =IF(COUNTA(E16:AN16)>0, COUNTA(E16:AN16), "")
A17: =IF(COUNTA(E17:AN17)>0, COUNTA(E17:AN17), "")
A18: =IF(COUNTA(E18:AN18)>0, COUNTA(E18:AN18), "")
A19: =IF(COUNTA(E19:AN19)>0, COUNTA(E19:AN19), "")
A20: =IF(COUNTA(E20:AN20)>0, COUNTA(E20:AN20), "")
A21: =IF(COUNTA(E21:AN21)>0, COUNTA(E21:AN21), "")
A22: =IF(COUNTA(E22:AN22)>0, COUNTA(E22:AN22), "")
A23: =IF(COUNTA(E23:AN23)>0, COUNTA(E23:AN23), "")
A24: =IF(COUNTA(E24:AN24)>0, COUNTA(E24:AN24), "")
... A902: =IF(COUNTA(E902:AN902)>0, COUNTA(E902:AN902), "")

Sheet 2. 패킷(Node 10개, 고정 100번 동작)
A2: 홉수
A3: =IF(COUNTA(E3:AN3)>0, COUNTA(E3:AN3), "") -> 2 | B3: Node(10) | C3: 0 | D3: 127.0.0.1:6000 -127.0.0.1:6003 | E3: 127.0.0.1:6000 | F3: 127.0.0.1:6003
A4: =IF(COUNTA(E4:AN4)>0, COUNTA(E4:AN4), "") -> 4 | B4: Node(10) | C4: 1 | D4: 127.0.0.1:6000 -127.0.0.1:6003 | E4: 127.0.0.1:6000 | F4: 127.0.0.1:6004 | G4: 127.0.0.1:6002 | H4: 127.0.0.1:6003
A5: =IF(COUNTA(E5:AN5)>0, COUNTA(E5:AN5), "") -> 4 | B5: Node(10) | C5: 2 | D5: 127.0.0.1:6000 -127.0.0.1:6003 | E5: 127.0.0.1:6000 | F5: 127.0.0.1:6005 | G5: 127.0.0.1:6009 | H5: 127.0.0.1:6003
A6: =IF(COUNTA(E6:AN6)>0, COUNTA(E6:AN6), "") -> 3 | B6: Node(10) | C6: 3 | D6: 127.0.0.1:6000 -127.0.0.1:6003 | E6: 127.0.0.1:6000 | F6: 127.0.0.1:6007 | G6: 127.0.0.1:6003
A7: =IF(COUNTA(E7:AN7)>0, COUNTA(E7:AN7), "") -> 2 | B7: Node(10) | C7: 4 | D7: 127.0.0.1:6000 -127.0.0.1:6003 | E7: 127.0.0.1:6000 | F7: 127.0.0.1:6003
A8: =IF(COUNTA(E8:AN8)>0, COUNTA(E8:AN8), "") -> 15 | B8: Node(10) | C8: 5 | D8: 127.0.0.1:6000 -127.0.0.1:6003 | E8: 127.0.0.1:6000 | F8: 127.0.0.1:6004 | G8: 127.0.0.1:6005 | H8: 127.0.0.1:6007 | I8: 127.0.0.1:6006 | J8: 127.0.0.1:6009 | K8: 127.0.0.1:6004 | L8: 127.0.0.1:6007 | M8: 127.0.0.1:6002 | N8: 127.0.0.1:6005 | O8: 127.0.0.1:6009 | P8: 127.0.0.1:6007 | Q8: 127.0.0.1:6009 | R8: 127.0.0.1:6008 | S8: 127.0.0.1:6003
A9: =IF(COUNTA(E9:AN9)>0, COUNTA(E9:AN9), "") -> 4 | B9: Node(10) | C9: 6 | D9: 127.0.0.1:6000 -127.0.0.1:6003 | E9: 127.0.0.1:6000 | F9: 127.0.0.1:6005 | G9: 127.0.0.1:6007 | H9: 127.0.0.1:6003
A10: =IF(COUNTA(E10:AN10)>0, COUNTA(E10:AN10), "") -> 7 | B10: Node(10) | C10: 7 | D10: 127.0.0.1:6000 -127.0.0.1:6003 | E10: 127.0.0.1:6000 | F10: 127.0.0.1:6007 | G10: 127.0.0.1:6006 | H10: 127.0.0.1:6004 | I10: 127.0.0.1:6002 | J10: 127.0.0.1:6009 | K10: 127.0.0.1:6003
A11: =IF(COUNTA(E11:AN11)>0, COUNTA(E11:AN11), "") -> 2 | B11: Node(10) | C11: 8 | D11: 127.0.0.1:6000 -127.0.0.1:6003 | E11: 127.0.0.1:6000 | F11: 127.0.0.1:6003
A12: =IF(COUNTA(E12:AN12)>0, COUNTA(E12:AN12), "") -> 8 | B12: Node(10) | C12: 9 | D12: 127.0.0.1:6000 -127.0.0.1:6003 | E12: 127.0.0.1:6000 | F12: 127.0.0.1:6004 | G12: 127.0.0.1:6005 | H12: 127.0.0.1:6009 | I12: 127.0.0.1:6004 | J12: 127.0.0.1:6007 | K12: 127.0.0.1:6002 | L12: 127.0.0.1:6003
A13: =IF(COUNTA(E13:AN13)>0, COUNTA(E13:AN13), "") -> 6 | B13: Node(10) | C13: 10 | D13: 127.0.0.1:6000 -127.0.0.1:6003 | E13: 127.0.0.1:6000 | F13: 127.0.0.1:6005 | G13: 127.0.0.1:6007 | H13: 127.0.0.1:6009 | I13: 127.0.0.1:6007 | J13: 127.0.0.1:6003
A14: =IF(COUNTA(E14:AN14)>0, COUNTA(E14:AN14), "") -> 11 | B14: Node(10) | C14: 11 | D14: 127.0.0.1:6000 -127.0.0.1:6003 | E14: 127.0.0.1:6000 | F14: 127.0.0.1:6007 | G14: 127.0.0.1:6006 | H14: 127.0.0.1:6001 | I14: 127.0.0.1:6009 | J14: 127.0.0.1:6008 | K14: 127.0.0.1:6004 | L14: 127.0.0.1:6002 | M14: 127.0.0.1:6005 | N14: 127.0.0.1:6009 | O14: 127.0.0.1:6003
A15: =IF(COUNTA(E15:AN15)>0, COUNTA(E15:AN15), "") -> 2 | B15: Node(10) | C15: 12 | D15: 127.0.0.1:6000 -127.0.0.1:6003 | E15: 127.0.0.1:6000 | F15: 127.0.0.1:6003
A16: =IF(COUNTA(E16:AN16)>0, COUNTA(E16:AN16), "") -> 11 | B16: Node(10) | C16: 13 | D16: 127.0.0.1:6000 -127.0.0.1:6003 | E16: 127.0.0.1:6000 | F16: 127.0.0.1:6004 | G16: 127.0.0.1:6005 | H16: 127.0.0.1:6007 | I16: 127.0.0.1:6002 | J16: 127.0.0.1:6009 | K16: 127.0.0.1:6004 | L16: 127.0.0.1:6007 | M16: 127.0.0.1:6009 | N16: 127.0.0.1:6007 | O16: 127.0.0.1:6003
A17: =IF(COUNTA(E17:AN17)>0, COUNTA(E17:AN17), "") -> 9 | B17: Node(10) | C17: 14 | D17: 127.0.0.1:6000 -127.0.0.1:6003 | E17: 127.0.0.1:6000 | F17: 127.0.0.1:6005 | G17: 127.0.0.1:6009 | H17: 127.0.0.1:6008 | I17: 127.0.0.1:6005 | J17: 127.0.0.1:6007 | K17: 127.0.0.1:6006 | L17: 127.0.0.1:6002 | M17: 127.0.0.1:6003
A18: =IF(COUNTA(E18:AN18)>0, COUNTA(E18:AN18), "") -> 6 | B18: Node(10) | C18: 15 | D18: 127.0.0.1:6000 -127.0.0.1:6003 | E18: 127.0.0.1:6000 | F18: 127.0.0.1:6007 | G18: 127.0.0.1:6002 | H18: 127.0.0.1:6005 | I18: 127.0.0.1:6009 | J18: 127.0.0.1:6003
A19: =IF(COUNTA(E19:AN19)>0, COUNTA(E19:AN19), "") -> 2 | B19: Node(10) | C19: 16 | D19: 127.0.0.1:6000 -127.0.0.1:6003 | E19: 127.0.0.1:6000 | F19: 127.0.0.1:6003
A20: =IF(COUNTA(E20:AN20)>0, COUNTA(E20:AN20), "") -> 10 | B20: Node(10) | C20: 17 | D20: 127.0.0.1:6000 -127.0.0.1:6003 | E20: 127.0.0.1:6000 | F20: 127.0.0.1:6004 | G20: 127.0.0.1:6002 | H20: 127.0.0.1:6009 | I20: 127.0.0.1:6004 | J20: 127.0.0.1:6005 | K20: 127.0.0.1:6007 | L20: 127.0.0.1:6009 | M20: 127.0.0.1:6007 | N20: 127.0.0.1:6003
A21: =IF(COUNTA(E21:AN21)>0, COUNTA(E21:AN21), "") -> 8 | B21: Node(10) | C21: 18 | D21: 127.0.0.1:6000 -127.0.0.1:6003 | E21: 127.0.0.1:6000 | F21: 127.0.0.1:6005 | G21: 127.0.0.1:6009 | H21: 127.0.0.1:6008 | I21: 127.0.0.1:6007 | J21: 127.0.0.1:6006 | K21: 127.0.0.1:6009 | L21: 127.0.0.1:6003
A22: =IF(COUNTA(E22:AN22)>0, COUNTA(E22:AN22), "") -> 4 | B22: Node(10) | C22: 19 | D22: 127.0.0.1:6000 -127.0.0.1:6003 | E22: 127.0.0.1:6000 | F22: 127.0.0.1:6007 | G22: 127.0.0.1:6002 | H22: 127.0.0.1:6003
A23: =IF(COUNTA(E23:AN23)>0, COUNTA(E23:AN23), "") -> 2 | B23: Node(10) | C23: 20 | D23: 127.0.0.1:6000 -127.0.0.1:6003 | E23: 127.0.0.1:6000 | F23: 127.0.0.1:6003
A24: =IF(COUNTA(E24:AN24)>0, COUNTA(E24:AN24), "") -> 9 | B24: Node(10) | C24: 21 | D24: 127.0.0.1:6000 -127.0.0.1:6003 | E24: 127.0.0.1:6000 | F24: 127.0.0.1:6004 | G24: 127.0.0.1:6007 | H24: 127.0.0.1:6009 | I24: 127.0.0.1:6004 | J24: 127.0.0.1:6002 | K24: 127.0.0.1:6005 | L24: 127.0.0.1:6007 | M24: 127.0.0.1:6003
A25: =IF(COUNTA(E25:AN25)>0, COUNTA(E25:AN25), "") -> 15 | B25: Node(10) | C25: 22 | D25: 127.0.0.1:6000 -127.0.0.1:6003 | E25: 127.0.0.1:6000 | F25: 127.0.0.1:6005 | G25: 127.0.0.1:6009 | H25: 127.0.0.1:6007 | I25: 127.0.0.1:6006 | J25: 127.0.0.1:6004 | K25: 127.0.0.1:6005 | L25: 127.0.0.1:6007 | M25: 127.0.0.1:6002 | N25: 127.0.0.1:6009 | O25: 127.0.0.1:6008 | P25: 127.0.0.1:6000 | Q25: 127.0.0.1:6007 | R25: 127.0.0.1:6009 | S25: 127.0.0.1:6003
A26: =IF(COUNTA(E26:AN26)>0, COUNTA(E26:AN26), "") -> 2 | B26: Node(10) | C26: 23 | D26: 127.0.0.1:6000 -127.0.0.1:6003 | E26: 127.0.0.1:6000 | F26: 127.0.0.1:6003
A27: =IF(COUNTA(E27:AN27)>0, COUNTA(E27:AN27), "") -> 4 | B27: Node(10) | C27: 24 | D27: 127.0.0.1:6000 -127.0.0.1:6003 | E27: 127.0.0.1:6000 | F27: 127.0.0.1:6004 | G27: 127.0.0.1:6007 | H27: 127.0.0.1:6003
A28: =IF(COUNTA(E28:AN28)>0, COUNTA(E28:AN28), "") -> 6 | B28: Node(10) | C28: 25 | D28: 127.0.0.1:6000 -127.0.0.1:6003 | E28: 127.0.0.1:6000 | F28: 127.0.0.1:6005 | G28: 127.0.0.1:6009 | H28: 127.0.0.1:6004 | I28: 127.0.0.1:6002 | J28: 127.0.0.1:6003
A29: =IF(COUNTA(E29:AN29)>0, COUNTA(E29:AN29), "") -> 14 | B29: Node(10) | C29: 26 | D29: 127.0.0.1:6000 -127.0.0.1:6003 | E29: 127.0.0.1:6000 | F29: 127.0.0.1:6007 | G29: 127.0.0.1:6006 | H29: 127.0.0.1:6001 | I29: 127.0.0.1:6004 | J29: 127.0.0.1:6005 | K29: 127.0.0.1:6007 | L29: 127.0.0.1:6002 | M29: 127.0.0.1:6005 | N29: 127.0.0.1:6009 | O29: 127.0.0.1:6007 | P29: 127.0.0.1:6009 | Q29: 127.0.0.1:6008 | R29: 127.0.0.1:6003
A30: =IF(COUNTA(E30:AN30)>0, COUNTA(E30:AN30), "") -> 2 | B30: Node(10) | C30: 27 | D30: 127.0.0.1:6000 -127.0.0.1:6003 | E30: 127.0.0.1:6000 | F30: 127.0.0.1:6003
A31: =IF(COUNTA(E31:AN31)>0, COUNTA(E31:AN31), "") -> 4 | B31: Node(10) | C31: 28 | D31: 127.0.0.1:6000 -127.0.0.1:6003 | E31: 127.0.0.1:6000 | F31: 127.0.0.1:6004 | G31: 127.0.0.1:6007 | H31: 127.0.0.1:6003
A32: =IF(COUNTA(E32:AN32)>0, COUNTA(E32:AN32), "") -> 7 | B32: Node(10) | C32: 29 | D32: 127.0.0.1:6000 -127.0.0.1:6003 | E32: 127.0.0.1:6000 | F32: 127.0.0.1:6005 | G32: 127.0.0.1:6007 | H32: 127.0.0.1:6006 | I32: 127.0.0.1:6002 | J32: 127.0.0.1:6009 | K32: 127.0.0.1:6003
A33: =IF(COUNTA(E33:AN33)>0, COUNTA(E33:AN33), "") -> 4 | B33: Node(10) | C33: 30 | D33: 127.0.0.1:6000 -127.0.0.1:6003 | E33: 127.0.0.1:6000 | F33: 127.0.0.1:6007 | G33: 127.0.0.1:6002 | H33: 127.0.0.1:6003
A34: =IF(COUNTA(E34:AN34)>0, COUNTA(E34:AN34), "") -> 2 | B34: Node(10) | C34: 31 | D34: 127.0.0.1:6000 -127.0.0.1:6003 | E34: 127.0.0.1:6000 | F34: 127.0.0.1:6003
A35: =IF(COUNTA(E35:AN35)>0, COUNTA(E35:AN35), "") -> 11 | B35: Node(10) | C35: 32 | D35: 127.0.0.1:6000 -127.0.0.1:6003 | E35: 127.0.0.1:6000 | F35: 127.0.0.1:6004 | G35: 127.0.0.1:6002 | H35: 127.0.0.1:6005 | I35: 127.0.0.1:6009 | J35: 127.0.0.1:6004 | K35: 127.0.0.1:6005 | L35: 127.0.0.1:6007 | M35: 127.0.0.1:6009 | N35: 127.0.0.1:6007 | O35: 127.0.0.1:6003
A36: =IF(COUNTA(E36:AN36)>0, COUNTA(E36:AN36), "") -> 9 | B36: Node(10) | C36: 33 | D36: 127.0.0.1:6000 -127.0.0.1:6003 | E36: 127.0.0.1:6000 | F36: 127.0.0.1:6005 | G36: 127.0.0.1:6009 | H36: 127.0.0.1:6008 | I36: 127.0.0.1:6004 | J36: 127.0.0.1:6007 | K36: 127.0.0.1:6006 | L36: 127.0.0.1:6009 | M36: 127.0.0.1:6003
A37: =IF(COUNTA(E37:AN37)>0, COUNTA(E37:AN37), "") -> 7 | B37: Node(10) | C37: 34 | D37: 127.0.0.1:6000 -127.0.0.1:6003 | E37: 127.0.0.1:6000 | F37: 127.0.0.1:6007 | G37: 127.0.0.1:6002 | H37: 127.0.0.1:6009 | I37: 127.0.0.1:6004 | J37: 127.0.0.1:6002 | K37: 127.0.0.1:6003
A38: =IF(COUNTA(E38:AN38)>0, COUNTA(E38:AN38), "") -> 2 | B38: Node(10) | C38: 35 | D38: 127.0.0.1:6000 -127.0.0.1:6003 | E38: 127.0.0.1:6000 | F38: 127.0.0.1:6003
A39: =IF(COUNTA(E39:AN39)>0, COUNTA(E39:AN39), "") -> 7 | B39: Node(10) | C39: 36 | D39: 127.0.0.1:6000 -127.0.0.1:6003 | E39: 127.0.0.1:6000 | F39: 127.0.0.1:6004 | G39: 127.0.0.1:6005 | H39: 127.0.0.1:6007 | I39: 127.0.0.1:6009 | J39: 127.0.0.1:6007 | K39: 127.0.0.1:6003
A40: =IF(COUNTA(E40:AN40)>0, COUNTA(E40:AN40), "") -> 13 | B40: Node(10) | C40: 37 | D40: 127.0.0.1:6000 -127.0.0.1:6003 | E40: 127.0.0.1:6000 | F40: 127.0.0.1:6005 | G40: 127.0.0.1:6009 | H40: 127.0.0.1:6008 | I40: 127.0.0.1:6005 | J40: 127.0.0.1:6007 | K40: 127.0.0.1:6006 | L40: 127.0.0.1:6004 | M40: 127.0.0.1:6007 | N40: 127.0.0.1:6002 | O40: 127.0.0.1:6005 | P40: 127.0.0.1:6009 | Q40: 127.0.0.1:6003
A41: =IF(COUNTA(E41:AN41)>0, COUNTA(E41:AN41), "") -> 8 | B41: Node(10) | C41: 38 | D41: 127.0.0.1:6000 -127.0.0.1:6003 | E41: 127.0.0.1:6000 | F41: 127.0.0.1:6007 | G41: 127.0.0.1:6009 | H41: 127.0.0.1:6004 | I41: 127.0.0.1:6002 | J41: 127.0.0.1:6009 | K41: 127.0.0.1:6007 | L41: 127.0.0.1:6003
A42: =IF(COUNTA(E42:AN42)>0, COUNTA(E42:AN42), "") -> 2 | B42: Node(10) | C42: 39 | D42: 127.0.0.1:6000 -127.0.0.1:6003 | E42: 127.0.0.1:6000 | F42: 127.0.0.1:6003
A43: =IF(COUNTA(E43:AN43)>0, COUNTA(E43:AN43), "") -> 8 | B43: Node(10) | C43: 40 | D43: 127.0.0.1:6000 -127.0.0.1:6003 | E43: 127.0.0.1:6000 | F43: 127.0.0.1:6004 | G43: 127.0.0.1:6005 | H43: 127.0.0.1:6007 | I43: 127.0.0.1:6006 | J43: 127.0.0.1:6001 | K43: 127.0.0.1:6002 | L43: 127.0.0.1:6003
A44: =IF(COUNTA(E44:AN44)>0, COUNTA(E44:AN44), "") -> 10 | B44: Node(10) | C44: 41 | D44: 127.0.0.1:6000 -127.0.0.1:6003 | E44: 127.0.0.1:6000 | F44: 127.0.0.1:6005 | G44: 127.0.0.1:6009 | H44: 127.0.0.1:6008 | I44: 127.0.0.1:6007 | J44: 127.0.0.1:6002 | K44: 127.0.0.1:6005 | L44: 127.0.0.1:6007 | M44: 127.0.0.1:6009 | N44: 127.0.0.1:6003
A45: =IF(COUNTA(E45:AN45)>0, COUNTA(E45:AN45), "") -> 3 | B45: Node(10) | C45: 42 | D45: 127.0.0.1:6000 -127.0.0.1:6003 | E45: 127.0.0.1:6000 | F45: 127.0.0.1:6007 | G45: 127.0.0.1:6003
A46: =IF(COUNTA(E46:AN46)>0, COUNTA(E46:AN46), "") -> 2 | B46: Node(10) | C46: 43 | D46: 127.0.0.1:6000 -127.0.0.1:6003 | E46: 127.0.0.1:6000 | F46: 127.0.0.1:6003
A47: =IF(COUNTA(E47:AN47)>0, COUNTA(E47:AN47), "") -> 9 | B47: Node(10) | C47: 44 | D47: 127.0.0.1:6000 -127.0.0.1:6003 | E47: 127.0.0.1:6000 | F47: 127.0.0.1:6004 | G47: 127.0.0.1:6007 | H47: 127.0.0.1:6006 | I47: 127.0.0.1:6002 | J47: 127.0.0.1:6009 | K47: 127.0.0.1:6004 | L47: 127.0.0.1:6002 | M47: 127.0.0.1:6003
A48: =IF(COUNTA(E48:AN48)>0, COUNTA(E48:AN48), "") -> 12 | B48: Node(10) | C48: 45 | D48: 127.0.0.1:6000 -127.0.0.1:6003 | E48: 127.0.0.1:6000 | F48: 127.0.0.1:6005 | G48: 127.0.0.1:6009 | H48: 127.0.0.1:6007 | I48: 127.0.0.1:6002 | J48: 127.0.0.1:6005 | K48: 127.0.0.1:6007 | L48: 127.0.0.1:6009 | M48: 127.0.0.1:6008 | N48: 127.0.0.1:6000 | O48: 127.0.0.1:6007 | P48: 127.0.0.1:6003
A49: =IF(COUNTA(E49:AN49)>0, COUNTA(E49:AN49), "") -> 2 | B49: Node(10) | C49: 46 | D49: 127.0.0.1:6000 -127.0.0.1:6003 | E49: 127.0.0.1:6000 | F49: 127.0.0.1:6003
A50: =IF(COUNTA(E50:AN50)>0, COUNTA(E50:AN50), "") -> 5 | B50: Node(10) | C50: 47 | D50: 127.0.0.1:6000 -127.0.0.1:6003 | E50: 127.0.0.1:6000 | F50: 127.0.0.1:6004 | G50: 127.0.0.1:6005 | H50: 127.0.0.1:6009 | I50: 127.0.0.1:6003
A51: =IF(COUNTA(E51:AN51)>0, COUNTA(E51:AN51), "") -> 13 | B51: Node(10) | C51: 48 | D51: 127.0.0.1:6000 -127.0.0.1:6003 | E51: 127.0.0.1:6000 | F51: 127.0.0.1:6005 | G51: 127.0.0.1:6007 | H51: 127.0.0.1:6006 | I51: 127.0.0.1:6009 | J51: 127.0.0.1:6004 | K51: 127.0.0.1:6007 | L51: 127.0.0.1:6002 | M51: 127.0.0.1:6009 | N51: 127.0.0.1:6007 | O51: 127.0.0.1:6009 | P51: 127.0.0.1:6008 | Q51: 127.0.0.1:6003
A52: =IF(COUNTA(E52:AN52)>0, COUNTA(E52:AN52), "") -> 3 | B52: Node(10) | C52: 49 | D52: 127.0.0.1:6000 -127.0.0.1:6003 | E52: 127.0.0.1:6000 | F52: 127.0.0.1:6007 | G52: 127.0.0.1:6003
A53: =IF(COUNTA(E53:AN53)>0, COUNTA(E53:AN53), "") -> 2 | B53: Node(10) | C53: 50 | D53: 127.0.0.1:6000 -127.0.0.1:6003 | E53: 127.0.0.1:6000 | F53: 127.0.0.1:6003
A54: =IF(COUNTA(E54:AN54)>0, COUNTA(E54:AN54), "") -> 4 | B54: Node(10) | C54: 51 | D54: 127.0.0.1:6000 -127.0.0.1:6003 | E54: 127.0.0.1:6000 | F54: 127.0.0.1:6004 | G54: 127.0.0.1:6002 | H54: 127.0.0.1:6003
A55: =IF(COUNTA(E55:AN55)>0, COUNTA(E55:AN55), "") -> 4 | B55: Node(10) | C55: 52 | D55: 127.0.0.1:6000 -127.0.0.1:6003 | E55: 127.0.0.1:6000 | F55: 127.0.0.1:6005 | G55: 127.0.0.1:6009 | H55: 127.0.0.1:6003
A56: =IF(COUNTA(E56:AN56)>0, COUNTA(E56:AN56), "") -> 14 | B56: Node(10) | C56: 53 | D56: 127.0.0.1:6000 -127.0.0.1:6003 | E56: 127.0.0.1:6000 | F56: 127.0.0.1:6007 | G56: 127.0.0.1:6006 | H56: 127.0.0.1:6004 | I56: 127.0.0.1:6005 | J56: 127.0.0.1:6007 | K56: 127.0.0.1:6002 | L56: 127.0.0.1:6005 | M56: 127.0.0.1:6009 | N56: 127.0.0.1:6004 | O56: 127.0.0.1:6007 | P56: 127.0.0.1:6009 | Q56: 127.0.0.1:6007 | R56: 127.0.0.1:6003
A57: =IF(COUNTA(E57:AN57)>0, COUNTA(E57:AN57), "") -> 2 | B57: Node(10) | C57: 54 | D57: 127.0.0.1:6000 -127.0.0.1:6003 | E57: 127.0.0.1:6000 | F57: 127.0.0.1:6003
A58: =IF(COUNTA(E58:AN58)>0, COUNTA(E58:AN58), "") -> 12 | B58: Node(10) | C58: 55 | D58: 127.0.0.1:6000 -127.0.0.1:6003 | E58: 127.0.0.1:6000 | F58: 127.0.0.1:6004 | G58: 127.0.0.1:6002 | H58: 127.0.0.1:6009 | I58: 127.0.0.1:6008 | J58: 127.0.0.1:6004 | K58: 127.0.0.1:6005 | L58: 127.0.0.1:6007 | M58: 127.0.0.1:6006 | N58: 127.0.0.1:6001 | O58: 127.0.0.1:6009 | P58: 127.0.0.1:6003
A59: =IF(COUNTA(E59:AN59)>0, COUNTA(E59:AN59), "") -> 7 | B59: Node(10) | C59: 56 | D59: 127.0.0.1:6000 -127.0.0.1:6003 | E59: 127.0.0.1:6000 | F59: 127.0.0.1:6005 | G59: 127.0.0.1:6009 | H59: 127.0.0.1:6004 | I59: 127.0.0.1:6007 | J59: 127.0.0.1:6002 | K59: 127.0.0.1:6003
A60: =IF(COUNTA(E60:AN60)>0, COUNTA(E60:AN60), "") -> 5 | B60: Node(10) | C60: 57 | D60: 127.0.0.1:6000 -127.0.0.1:6003 | E60: 127.0.0.1:6000 | F60: 127.0.0.1:6007 | G60: 127.0.0.1:6009 | H60: 127.0.0.1:6007 | I60: 127.0.0.1:6003
A61: =IF(COUNTA(E61:AN61)>0, COUNTA(E61:AN61), "") -> 2 | B61: Node(10) | C61: 58 | D61: 127.0.0.1:6000 -127.0.0.1:6003 | E61: 127.0.0.1:6000 | F61: 127.0.0.1:6003
A62: =IF(COUNTA(E62:AN62)>0, COUNTA(E62:AN62), "") -> 12 | B62: Node(10) | C62: 59 | D62: 127.0.0.1:6000 -127.0.0.1:6003 | E62: 127.0.0.1:6000 | F62: 127.0.0.1:6004 | G62: 127.0.0.1:6002 | H62: 127.0.0.1:6005 | I62: 127.0.0.1:6007 | J62: 127.0.0.1:6006 | K62: 127.0.0.1:6002 | L62: 127.0.0.1:6009 | M62: 127.0.0.1:6008 | N62: 127.0.0.1:6005 | O62: 127.0.0.1:6009 | P62: 127.0.0.1:6003
A63: =IF(COUNTA(E63:AN63)>0, COUNTA(E63:AN63), "") -> 5 | B63: Node(10) | C63: 60 | D63: 127.0.0.1:6000 -127.0.0.1:6003 | E63: 127.0.0.1:6000 | F63: 127.0.0.1:6005 | G63: 127.0.0.1:6007 | H63: 127.0.0.1:6002 | I63: 127.0.0.1:6003
A64: =IF(COUNTA(E64:AN64)>0, COUNTA(E64:AN64), "") -> 8 | B64: Node(10) | C64: 61 | D64: 127.0.0.1:6000 -127.0.0.1:6003 | E64: 127.0.0.1:6000 | F64: 127.0.0.1:6007 | G64: 127.0.0.1:6009 | H64: 127.0.0.1:6004 | I64: 127.0.0.1:6005 | J64: 127.0.0.1:6009 | K64: 127.0.0.1:6007 | L64: 127.0.0.1:6003
A65: =IF(COUNTA(E65:AN65)>0, COUNTA(E65:AN65), "") -> 2 | B65: Node(10) | C65: 62 | D65: 127.0.0.1:6000 -127.0.0.1:6003 | E65: 127.0.0.1:6000 | F65: 127.0.0.1:6003
A66: =IF(COUNTA(E66:AN66)>0, COUNTA(E66:AN66), "") -> 12 | B66: Node(10) | C66: 63 | D66: 127.0.0.1:6000 -127.0.0.1:6003 | E66: 127.0.0.1:6000 | F66: 127.0.0.1:6004 | G66: 127.0.0.1:6007 | H66: 127.0.0.1:6006 | I66: 127.0.0.1:6009 | J66: 127.0.0.1:6008 | K66: 127.0.0.1:6007 | L66: 127.0.0.1:6002 | M66: 127.0.0.1:6005 | N66: 127.0.0.1:6007 | O66: 127.0.0.1:6009 | P66: 127.0.0.1:6003
A67: =IF(COUNTA(E67:AN67)>0, COUNTA(E67:AN67), "") -> 8 | B67: Node(10) | C67: 64 | D67: 127.0.0.1:6000 -127.0.0.1:6003 | E67: 127.0.0.1:6000 | F67: 127.0.0.1:6005 | G67: 127.0.0.1:6009 | H67: 127.0.0.1:6004 | I67: 127.0.0.1:6002 | J67: 127.0.0.1:6009 | K67: 127.0.0.1:6007 | L67: 127.0.0.1:6003
A68: =IF(COUNTA(E68:AN68)>0, COUNTA(E68:AN68), "") -> 8 | B68: Node(10) | C68: 65 | D68: 127.0.0.1:6000 -127.0.0.1:6003 | E68: 127.0.0.1:6000 | F68: 127.0.0.1:6007 | G68: 127.0.0.1:6006 | H68: 127.0.0.1:6004 | I68: 127.0.0.1:6005 | J68: 127.0.0.1:6007 | K68: 127.0.0.1:6002 | L68: 127.0.0.1:6003
A69: =IF(COUNTA(E69:AN69)>0, COUNTA(E69:AN69), "") -> 2 | B69: Node(10) | C69: 66 | D69: 127.0.0.1:6000 -127.0.0.1:6003 | E69: 127.0.0.1:6000 | F69: 127.0.0.1:6003
A70: =IF(COUNTA(E70:AN70)>0, COUNTA(E70:AN70), "") -> 9 | B70: Node(10) | C70: 67 | D70: 127.0.0.1:6000 -127.0.0.1:6003 | E70: 127.0.0.1:6000 | F70: 127.0.0.1:6004 | G70: 127.0.0.1:6007 | H70: 127.0.0.1:6009 | I70: 127.0.0.1:6008 | J70: 127.0.0.1:6000 | K70: 127.0.0.1:6005 | L70: 127.0.0.1:6009 | M70: 127.0.0.1:6003
A71: =IF(COUNTA(E71:AN71)>0, COUNTA(E71:AN71), "") -> 3 | B71: Node(10) | C71: 68 | D71: 127.0.0.1:6000 -127.0.0.1:6003 | E71: 127.0.0.1:6000 | F71: 127.0.0.1:6007 | G71: 127.0.0.1:6003
A72: =IF(COUNTA(E72:AN72)>0, COUNTA(E72:AN72), "") -> 2 | B72: Node(10) | C72: 69 | D72: 127.0.0.1:6000 -127.0.0.1:6003 | E72: 127.0.0.1:6000 | F72: 127.0.0.1:6003
A73: =IF(COUNTA(E73:AN73)>0, COUNTA(E73:AN73), "") -> 18 | B73: Node(10) | C73: 70 | D73: 127.0.0.1:6000 -127.0.0.1:6003 | E73: 127.0.0.1:6000 | F73: 127.0.0.1:6004 | G73: 127.0.0.1:6002 | H73: 127.0.0.1:6005 | I73: 127.0.0.1:6007 | J73: 127.0.0.1:6006 | K73: 127.0.0.1:6001 | L73: 127.0.0.1:6004 | M73: 127.0.0.1:6005 | N73: 127.0.0.1:6009 | O73: 127.0.0.1:6004 | P73: 127.0.0.1:6007 | Q73: 127.0.0.1:6002 | R73: 127.0.0.1:6009 | S73: 127.0.0.1:6007 | T73: 127.0.0.1:6009 | U73: 127.0.0.1:6008 | V73: 127.0.0.1:6003
A74: =IF(COUNTA(E74:AN74)>0, COUNTA(E74:AN74), "") -> 4 | B74: Node(10) | C74: 71 | D74: 127.0.0.1:6000 -127.0.0.1:6003 | E74: 127.0.0.1:6000 | F74: 127.0.0.1:6005 | G74: 127.0.0.1:6007 | H74: 127.0.0.1:6003
A75: =IF(COUNTA(E75:AN75)>0, COUNTA(E75:AN75), "") -> 5 | B75: Node(10) | C75: 72 | D75: 127.0.0.1:6000 -127.0.0.1:6003 | E75: 127.0.0.1:6000 | F75: 127.0.0.1:6007 | G75: 127.0.0.1:6006 | H75: 127.0.0.1:6002 | I75: 127.0.0.1:6003
A76: =IF(COUNTA(E76:AN76)>0, COUNTA(E76:AN76), "") -> 2 | B76: Node(10) | C76: 73 | D76: 127.0.0.1:6000 -127.0.0.1:6003 | E76: 127.0.0.1:6000 | F76: 127.0.0.1:6003
A77: =IF(COUNTA(E77:AN77)>0, COUNTA(E77:AN77), "") -> 6 | B77: Node(10) | C77: 74 | D77: 127.0.0.1:6000 -127.0.0.1:6003 | E77: 127.0.0.1:6000 | F77: 127.0.0.1:6004 | G77: 127.0.0.1:6002 | H77: 127.0.0.1:6005 | I77: 127.0.0.1:6009 | J77: 127.0.0.1:6003
A78: =IF(COUNTA(E78:AN78)>0, COUNTA(E78:AN78), "") -> 14 | B78: Node(10) | C78: 75 | D78: 127.0.0.1:6000 -127.0.0.1:6003 | E78: 127.0.0.1:6000 | F78: 127.0.0.1:6005 | G78: 127.0.0.1:6007 | H78: 127.0.0.1:6002 | I78: 127.0.0.1:6009 | J78: 127.0.0.1:6004 | K78: 127.0.0.1:6005 | L78: 127.0.0.1:6009 | M78: 127.0.0.1:6007 | N78: 127.0.0.1:6009 | O78: 127.0.0.1:6008 | P78: 127.0.0.1:6004 | Q78: 127.0.0.1:6007 | R78: 127.0.0.1:6003
A79: =IF(COUNTA(E79:AN79)>0, COUNTA(E79:AN79), "") -> 5 | B79: Node(10) | C79: 76 | D79: 127.0.0.1:6000 -127.0.0.1:6003 | E79: 127.0.0.1:6000 | F79: 127.0.0.1:6007 | G79: 127.0.0.1:6006 | H79: 127.0.0.1:6009 | I79: 127.0.0.1:6003
A80: =IF(COUNTA(E80:AN80)>0, COUNTA(E80:AN80), "") -> 2 | B80: Node(10) | C80: 77 | D80: 127.0.0.1:6000 -127.0.0.1:6003 | E80: 127.0.0.1:6000 | F80: 127.0.0.1:6003
A81: =IF(COUNTA(E81:AN81)>0, COUNTA(E81:AN81), "") -> 4 | B81: Node(10) | C81: 78 | D81: 127.0.0.1:6000 -127.0.0.1:6003 | E81: 127.0.0.1:6000 | F81: 127.0.0.1:6004 | G81: 127.0.0.1:6002 | H81: 127.0.0.1:6003
A82: =IF(COUNTA(E82:AN82)>0, COUNTA(E82:AN82), "") -> 12 | B82: Node(10) | C82: 79 | D82: 127.0.0.1:6000 -127.0.0.1:6003 | E82: 127.0.0.1:6000 | F82: 127.0.0.1:6005 | G82: 127.0.0.1:6007 | H82: 127.0.0.1:6002 | I82: 127.0.0.1:6005 | J82: 127.0.0.1:6009 | K82: 127.0.0.1:6004 | L82: 127.0.0.1:6005 | M82: 127.0.0.1:6007 | N82: 127.0.0.1:6009 | O82: 127.0.0.1:6007 | P82: 127.0.0.1:6003
A83: =IF(COUNTA(E83:AN83)>0, COUNTA(E83:AN83), "") -> 11 | B83: Node(10) | C83: 80 | D83: 127.0.0.1:6000 -127.0.0.1:6003 | E83: 127.0.0.1:6000 | F83: 127.0.0.1:6007 | G83: 127.0.0.1:6006 | H83: 127.0.0.1:6004 | I83: 127.0.0.1:6007 | J83: 127.0.0.1:6002 | K83: 127.0.0.1:6009 | L83: 127.0.0.1:6008 | M83: 127.0.0.1:6005 | N83: 127.0.0.1:6009 | O83: 127.0.0.1:6003
A84: =IF(COUNTA(E84:AN84)>0, COUNTA(E84:AN84), "") -> 2 | B84: Node(10) | C84: 81 | D84: 127.0.0.1:6000 -127.0.0.1:6003 | E84: 127.0.0.1:6000 | F84: 127.0.0.1:6003
A85: =IF(COUNTA(E85:AN85)>0, COUNTA(E85:AN85), "") -> 4 | B85: Node(10) | C85: 82 | D85: 127.0.0.1:6000 -127.0.0.1:6003 | E85: 127.0.0.1:6000 | F85: 127.0.0.1:6004 | G85: 127.0.0.1:6002 | H85: 127.0.0.1:6003
A86: =IF(COUNTA(E86:AN86)>0, COUNTA(E86:AN86), "") -> 9 | B86: Node(10) | C86: 83 | D86: 127.0.0.1:6000 -127.0.0.1:6003 | E86: 127.0.0.1:6000 | F86: 127.0.0.1:6005 | G86: 127.0.0.1:6007 | H86: 127.0.0.1:6009 | I86: 127.0.0.1:6004 | J86: 127.0.0.1:6005 | K86: 127.0.0.1:6009 | L86: 127.0.0.1:6007 | M86: 127.0.0.1:6003
A87: =IF(COUNTA(E87:AN87)>0, COUNTA(E87:AN87), "") -> 13 | B87: Node(10) | C87: 84 | D87: 127.0.0.1:6000 -127.0.0.1:6003 | E87: 127.0.0.1:6000 | F87: 127.0.0.1:6007 | G87: 127.0.0.1:6006 | H87: 127.0.0.1:6001 | I87: 127.0.0.1:6002 | J87: 127.0.0.1:6005 | K87: 127.0.0.1:6007 | L87: 127.0.0.1:6002 | M87: 127.0.0.1:6009 | N87: 127.0.0.1:6008 | O87: 127.0.0.1:6007 | P87: 127.0.0.1:6009 | Q87: 127.0.0.1:6003
A88: =IF(COUNTA(E88:AN88)>0, COUNTA(E88:AN88), "") -> 2 | B88: Node(10) | C88: 85 | D88: 127.0.0.1:6000 -127.0.0.1:6003 | E88: 127.0.0.1:6000 | F88: 127.0.0.1:6003
A89: =IF(COUNTA(E89:AN89)>0, COUNTA(E89:AN89), "") -> 4 | B89: Node(10) | C89: 86 | D89: 127.0.0.1:6000 -127.0.0.1:6003 | E89: 127.0.0.1:6000 | F89: 127.0.0.1:6004 | G89: 127.0.0.1:6007 | H89: 127.0.0.1:6003
A90: =IF(COUNTA(E90:AN90)>0, COUNTA(E90:AN90), "") -> 6 | B90: Node(10) | C90: 87 | D90: 127.0.0.1:6000 -127.0.0.1:6003 | E90: 127.0.0.1:6000 | F90: 127.0.0.1:6005 | G90: 127.0.0.1:6009 | H90: 127.0.0.1:6004 | I90: 127.0.0.1:6002 | J90: 127.0.0.1:6003
A91: =IF(COUNTA(E91:AN91)>0, COUNTA(E91:AN91), "") -> 13 | B91: Node(10) | C91: 88 | D91: 127.0.0.1:6000 -127.0.0.1:6003 | E91: 127.0.0.1:6000 | F91: 127.0.0.1:6007 | G91: 127.0.0.1:6006 | H91: 127.0.0.1:6002 | I91: 127.0.0.1:6005 | J91: 127.0.0.1:6007 | K91: 127.0.0.1:6002 | L91: 127.0.0.1:6009 | M91: 127.0.0.1:6007 | N91: 127.0.0.1:6009 | O91: 127.0.0.1:6008 | P91: 127.0.0.1:6000 | Q91: 127.0.0.1:6003
A92: =IF(COUNTA(E92:AN92)>0, COUNTA(E92:AN92), "") -> 5 | B92: Node(10) | C92: 89 | D92: 127.0.0.1:6000 -127.0.0.1:6003 | E92: 127.0.0.1:6000 | F92: 127.0.0.1:6004 | G92: 127.0.0.1:6005 | H92: 127.0.0.1:6009 | I92: 127.0.0.1:6003
A93: =IF(COUNTA(E93:AN93)>0, COUNTA(E93:AN93), "") -> 4 | B93: Node(10) | C93: 90 | D93: 127.0.0.1:6000 -127.0.0.1:6003 | E93: 127.0.0.1:6000 | F93: 127.0.0.1:6005 | G93: 127.0.0.1:6007 | H93: 127.0.0.1:6003
A94: =IF(COUNTA(E94:AN94)>0, COUNTA(E94:AN94), "") -> 8 | B94: Node(10) | C94: 91 | D94: 127.0.0.1:6000 -127.0.0.1:6003 | E94: 127.0.0.1:6000 | F94: 127.0.0.1:6007 | G94: 127.0.0.1:6006 | H94: 127.0.0.1:6009 | I94: 127.0.0.1:6004 | J94: 127.0.0.1:6007 | K94: 127.0.0.1:6002 | L94: 127.0.0.1:6003
A95: =IF(COUNTA(E95:AN95)>0, COUNTA(E95:AN95), "") -> 2 | B95: Node(10) | C95: 92 | D95: 127.0.0.1:6000 -127.0.0.1:6003 | E95: 127.0.0.1:6000 | F95: 127.0.0.1:6003
A96: =IF(COUNTA(E96:AN96)>0, COUNTA(E96:AN96), "") -> 9 | B96: Node(10) | C96: 93 | D96: 127.0.0.1:6000 -127.0.0.1:6003 | E96: 127.0.0.1:6000 | F96: 127.0.0.1:6004 | G96: 127.0.0.1:6002 | H96: 127.0.0.1:6005 | I96: 127.0.0.1:6009 | J96: 127.0.0.1:6007 | K96: 127.0.0.1:6009 | L96: 127.0.0.1:6008 | M96: 127.0.0.1:6003
A97: =IF(COUNTA(E97:AN97)>0, COUNTA(E97:AN97), "") -> 4 | B97: Node(10) | C97: 94 | D97: 127.0.0.1:6000 -127.0.0.1:6003 | E97: 127.0.0.1:6000 | F97: 127.0.0.1:6005 | G97: 127.0.0.1:6007 | H97: 127.0.0.1:6003
A98: =IF(COUNTA(E98:AN98)>0, COUNTA(E98:AN98), "") -> 7 | B98: Node(10) | C98: 95 | D98: 127.0.0.1:6000 -127.0.0.1:6003 | E98: 127.0.0.1:6000 | F98: 127.0.0.1:6007 | G98: 127.0.0.1:6006 | H98: 127.0.0.1:6004 | I98: 127.0.0.1:6005 | J98: 127.0.0.1:6009 | K98: 127.0.0.1:6003
A99: =IF(COUNTA(E99:AN99)>0, COUNTA(E99:AN99), "") -> 2 | B99: Node(10) | C99: 96 | D99: 127.0.0.1:6000 -127.0.0.1:6003 | E99: 127.0.0.1:6000 | F99: 127.0.0.1:6003
A100: =IF(COUNTA(E100:AN100)>0, COUNTA(E100:AN100), "") -> 8 | B100: Node(10) | C100: 97 | D100: 127.0.0.1:6000 -127.0.0.1:6003 | E100: 127.0.0.1:6000 | F100: 127.0.0.1:6004 | G100: 127.0.0.1:6007 | H100: 127.0.0.1:6002 | I100: 127.0.0.1:6009 | J100: 127.0.0.1:6004 | K100: 127.0.0.1:6002 | L100: 127.0.0.1:6003
A101: =IF(COUNTA(E101:AN101)>0, COUNTA(E101:AN101), "") -> 6 | B101: Node(10) | C101: 98 | D101: 127.0.0.1:6000 -127.0.0.1:6003 | E101: 127.0.0.1:6000 | F101: 127.0.0.1:6005 | G101: 127.0.0.1:6007 | H101: 127.0.0.1:6009 | I101: 127.0.0.1:6007 | J101: 127.0.0.1:6003
...

Sheet 3. 패킷(Node 128개, 랜덤 128번 동작)
B2: 홉수 | F2: 1 | G2: 2 | H2: 3 | I2: 4 | J2: 5 | K2: 6 | L2: 7 | M2: 8 | N2: 9 | O2: 10 | P2: 11 | Q2: 12 | R2: 13 | S2: 14 | T2: 15 | U2: 16 | V2: 17 | W2: 18 | X2: 19 | Y2: 20 | Z2: 21 | AA2: 22 | AB2: 23 | AC2: 24 | AD2: 25 | AE2: 26 | AF2: 27 | AG2: 28 | AH2: 29 | AI2: 30 | AJ2: 31 | AK2: 32 | AL2: 33 | AM2: 34 | AN2: 35 | AO2: 36 | AP2: 37 | AQ2: 38 | AR2: 39 | AS2: 40 | AT2: 41 | AU2: 42 | AV2: 43 | AW2: 44 | AX2: 45 | AY2: 46 | AZ2: 47 | BA2: 48 | BB2: 49 | BC2: 50 | BD2: 51 | BE2: 52 | BF2: 53 | BG2: 54 | BH2: 55 | BI2: 56 | BJ2: 57 | BK2: 58 | BL2: 59 | BM2: 60 | BN2: 61 | BO2: 62 | BP2: 63 | BQ2: 64 | BR2: 65 | BS2: 66 | BT2: 67 | BU2: 68 | BV2: 69 | BW2: 70 | BX2: 71 | BY2: 72 | BZ2: 73 | CA2: 74 | CB2: 75 | CC2: 76 | CD2: 77 | CE2: 78 | CF2: 79 | CG2: 80 | CH2: 81 | CI2: 82 | CJ2: 83 | CK2: 84 | CL2: 85 | CM2: 86 | CN2: 87 | CO2: 88 | CP2: 89 | CQ2: 90 | CR2: 91 | CS2: 92 | CT2: 93 | CU2: 94 | CV2: 95 | CW2: 96 | CX2: 97 | CY2: 98 | CZ2: 99 | DA2: 100 | DB2: 101 | DC2: 102 | DD2: 103 | DE2: 104 | DF2: 105 | DG2: 106 | DH2: 107 | DI2: 108 | DJ2: 109 | DK2: 110 | DL2: 111 | DM2: 112 | DN2: 113 | DO2: 114 | DP2: 115 | DQ2: 116 | DR2: 117 | DS2: 118 | DT2: 119 | DU2: 120 | DV2: 121 | DW2: 122 | DX2: 123 | DY2: 124 | DZ2: 125 | EA2: 126 | EB2: 127 | EC2: 128 | ED2: 129 | EE2: 130 | EF2: 131 | EG2: 132 | EH2: 133 | EI2: 134 | EJ2: 135 | EK2: 136 | EL2: 137 | EM2: 138 | EN2: 139 | EO2: 140 | EP2: 141 | EQ2: 142 | ER2: 143 | ES2: 144 | ET2: 145 | EU2: 146 | EV2: 147 | EW2: 148 | EX2: 149 | EY2: 150 | EZ2: 151 | FA2: 152 | FB2: 153 | FC2: 154 | FD2: 155 | FE2: 156 | FF2: 157 | FG2: 158 | FH2: 159 | FI2: 160 | FJ2: 161 | FK2: 162 | FL2: 163 | FM2: 164 | FN2: 165 | FO2: 166 | FP2: 167 | FQ2: 168 | FR2: 169 | FS2: 170 | FT2: 171 | FU2: 172 | FV2: 173 | FW2: 174 | FX2: 175 | FY2: 176 | FZ2: 177 | GA2: 178 | GB2: 179 | GC2: 180 | GD2: 181 | GE2: 182 | GF2: 183 | GG2: 184 | GH2: 185 | GI2: 186 | GJ2: 187 | GK2: 188 | GL2: 189 | GM2: 190 | GN2: 191 | GO2: 192 | GP2: 193 | GQ2: 194 | GR2: 195 | GS2: 196 | GT2: 197 | GU2: 198 | GV2: 199 | GW2: 200 | GX2: 201 | GY2: 202 | GZ2: 203 | HA2: 204 | HB2: 205 | HC2: 206 | HD2: 207 | HE2: 208 | HF2: 209 | HG2: 210 | HH2: 211 | HI2: 212 | HJ2: 213 | HK2: 214 | HL2: 215 | HM2: 216 | HN2: 217 | HO2: 218 | HP2: 219 | HQ2: 220 | HR2: 221 | HS2: 222 | HT2: 223 | HU2: 224 | HV2: 225 | HW2: 226 | HX2: 227 | HY2: 228 | HZ2: 229 | IA2: 230 | IB2: 231 | IC2: 232 | ID2: 233 | IE2: 234 | IF2: 235 | IG2: 236 | IH2: 237 | II2: 238 | IJ2: 239 | IK2: 240 | IL2: 241 | IM2: 242 | IN2: 243 | IO2: 244 | IP2: 245 | IQ2: 246 | IR2: 247 | IS2: 248 | IT2: 249 | IU2: 250 | IV2: 251 | IW2: 252 | IX2: 253 | IY2: 254 | IZ2: 255 | JA2: 256 | JB2: 257 | JC2: 258 | JD2: 259 | JE2: 260 | JF2: 261 | JG2: 262 | JH2: 263 | JI2: 264 | JJ2: 265 | JK2: 266 | JL2: 267 | JM2: 268 | JN2: 269 | JO2: 270 | JP2: 271 | JQ2: 272 | JR2: 273 | JS2: 274 | JT2: 275 | JU2: 276 | JV2: 277 | JW2: 278 | JX2: 279 | JY2: 280 | JZ2: 281 | KA2: 282 | KB2: 283 | KC2: 284 | KD2: 285 | KE2: 286 | KF2: 287 | KG2: 288 | KH2: 289 | KI2: 290 | KJ2: 291 | KK2: 292 | KL2: 293 | KM2: 294 | KN2: 295 | KO2: 296 | KP2: 297 | KQ2: 298 | KR2: 299 | KS2: 300 | KT2: 301 | KU2: 302 | KV2: 303 | KW2: 304 | KX2: 305 | KY2: 306 | KZ2: 307 | LA2: 308 | LB2: 309 | LC2: 310 | LD2: 311 | LE2: 312 | LF2: 313 | LG2: 314 | LH2: 315 | LI2: 316 | LJ2: 317 | LK2: 318 | LL2: 319 | LM2: 320 | LN2: 321 | LO2: 322 | LP2: 323 | LQ2: 324 | LR2: 325 | LS2: 326 | LT2: 327 | LU2: 328 | LV2: 329 | LW2: 330 | LX2: 331 | LY2: 332 | LZ2: 333 | MA2: 334 | MB2: 335 | MC2: 336 | MD2: 337 | ME2: 338 | MF2: 339 | MG2: 340 | MH2: 341 | MI2: 342 | MJ2: 343 | MK2: 344 | ML2: 345 | MM2: 346 | MN2: 347 | MO2: 348 | MP2: 349 | MQ2: 350 | MR2: 351 | MS2: 352 | MT2: 353 | MU2: 354 | MV2: 355 | MW2: 356 | MX2: 357 | MY2: 358 | MZ2: 359 | NA2: 360 | NB2: 361 | NC2: 362 | ND2: 363 | NE2: 364 | NF2: 365 | NG2: 366 | NH2: 367 | NI2: 368 | NJ2: 369 | NK2: 370 | NL2: 371 | NM2: 372 | NN2: 373 | NO2: 374 | NP2: 375 | NQ2: 376 | NR2: 377 | NS2: 378 | NT2: 379 | NU2: 380 | NV2: 381 | NW2: 382 | NX2: 383 | NY2: 384 | NZ2: 385 | OA2: 386 | OB2: 387 | OC2: 388 | OD2: 389 | OE2: 390 | OF2: 391 | OG2: 392 | OH2: 393 | OI2: 394 | OJ2: 395 | OK2: 396 | OL2: 397 | OM2: 398 | ON2: 399 | OO2: 400 | OP2: 401 | OQ2: 402 | OR2: 403 | OS2: 404 | OT2: 405 | OU2: 406 | OV2: 407 | OW2: 408 | OX2: 409 | OY2: 410 | OZ2: 411 | PA2: 412 | PB2: 413 | PC2: 414 | PD2: 415 | PE2: 416 | PF2: 417 | PG2: 418 | PH2: 419 | PI2: 420 | PJ2: 421 | PK2: 422 | PL2: 423 | PM2: 424 | PN2: 425 | PO2: 426 | PP2: 427 | PQ2: 428 | PR2: 429 | PS2: 430 | PT2: 431 | PU2: 432 | PV2: 433 | PW2: 434 | PX2: 435 | PY2: 436 | PZ2: 437 | QA2: 438 | QB2: 439 | QC2: 440 | QD2: 441 | QE2: 442 | QF2: 443 | QG2: 444 | QH2: 445 | QI2: 446 | QJ2: 447 | QK2: 448 | QL2: 449 | QM2: 450 | QN2: 451 | QO2: 452 | QP2: 453 | QQ2: 454 | QR2: 455 | QS2: 456 | QT2: 457 | QU2: 458 | QV2: 459 | QW2: 460 | QX2: 461 | QY2: 462 | QZ2: 463 | RA2: 464 | RB2: 465 | RC2: 466 | RD2: 467 | RE2: 468 | RF2: 469 | RG2: 470 | RH2: 471 | RI2: 472 | RJ2: 473 | RK2: 474 | RL2: 475 | RM2: 476 | RN2: 477 | RO2: 478 | RP2: 479 | RQ2: 480 | RR2: 481 | RS2: 482 | RT2: 483 | RU2: 484 | RV2: 485 | RW2: 486 | RX2: 487 | RY2: 488 | RZ2: 489 | SA2: 490 | SB2: 491 | SC2: 492 | SD2: 493 | SE2: 494 | SF2: 495 | SG2: 496 | SH2: 497 | SI2: 498 | SJ2: 499 | SK2: 500 | SL2: 501 | SM2: 502 | SN2: 503 | SO2: 504 | SP2: 505 | SQ2: 506 | SR2: 507 | SS2: 508 | ST2: 509 | SU2: 510 | SV2: 511 | SW2: 512 | SX2: 513 | SY2: 514 | SZ2: 515 | TA2: 516 | TB2: 517 | TC2: 518 | TD2: 519 | TE2: 520 | TF2: 521 | TG2: 522 | TH2: 523 | TI2: 524 | TJ2: 525 | TK2: 526 | TL2: 527 | TM2: 528 | TN2: 529 | TO2: 530 | TP2: 531 | TQ2: 532 | TR2: 533 | TS2: 534 | TT2: 535 | TU2: 536 | TV2: 537 | TW2: 538 | TX2: 539 | TY2: 540 | TZ2: 541 | UA2: 542 | UB2: 543 | UC2: 544 | UD2: 545 | UE2: 546 | UF2: 547 | UG2: 548 | UH2: 549 | UI2: 550 | UJ2: 551 | UK2: 552 | UL2: 553 | UM2: 554 | UN2: 555 | UO2: 556 | UP2: 557 | UQ2: 558 | UR2: 559 | US2: 560 | UT2: 561 | UU2: 562 | UV2: 563 | UW2: 564 | UX2: 565 | UY2: 566 | UZ2: 567 | VA2: 568 | VB2: 569 | VC2: 570 | VD2: 571 | VE2: 572 | VF2: 573 | VG2: 574 | VH2: 575 | VI2: 576 | VJ2: 577 | VK2: 578 | VL2: 579 | VM2: 580 | VN2: 581 | VO2: 582 | VP2: 583 | VQ2: 584 | VR2: 585 | VS2: 586 | VT2: 587 | VU2: 588 | VV2: 589 | VW2: 590 | VX2: 591 | VY2: 592 | VZ2: 593 | WA2: 594 | WB2: 595 | WC2: 596 | WD2: 597 | WE2: 598 | WF2: 599 | WG2: 600 | WH2: 601 | WI2: 602 | WJ2: 603 | WK2: 604 | WL2: 605 | WM2: 606 | WN2: 607 | WO2: 608 | WP2: 609 | WQ2: 610 | WR2: 611 | WS2: 612 | WT2: 613 | WU2: 614 | WV2: 615 | WW2: 616 | WX2: 617 | WY2: 618 | WZ2: 619 | XA2: 620 | XB2: 621 | XC2: 622 | XD2: 623 | XE2: 624 | XF2: 625 | XG2: 626 | XH2: 627 | XI2: 628 | XJ2: 629 | XK2: 630 | XL2: 631 | XM2: 632 | XN2: 633 | XO2: 634 | XP2: 635 | XQ2: 636 | XR2: 637 | XS2: 638 | XT2: 639 | XU2: 640 | XV2: 641 | XW2: 642 | XX2: 643 | XY2: 644 | XZ2: 645 | YA2: 646 | YB2: 647 | YC2: 648 | YD2: 649 | YE2: 650 | YF2: 651 | YG2: 652 | YH2: 653 | YI2: 654 | YJ2: 655 | YK2: 656 | YL2: 657 | YM2: 658 | YN2: 659 | YO2: 660 | YP2: 661 | YQ2: 662 | YR2: 663 | YS2: 664 | YT2: 665 | YU2: 666 | YV2: 667 | YW2: 668 | YX2: 669 | YY2: 670 | YZ2: 671 | ZA2: 672 | ZB2: 673 | ZC2: 674 | ZD2: 675 | ZE2: 676 | ZF2: 677 | ZG2: 678 | ZH2: 679 | ZI2: 680 | ZJ2: 681 | ZK2: 682 | ZL2: 683 | ZM2: 684 | ZN2: 685 | ZO2: 686 | ZP2: 687 | ZQ2: 688 | ZR2: 689 | ZS2: 690 | ZT2: 691 | ZU2: 692 | ZV2: 693 | ZW2: 694 | ZX2: 695 | ZY2: 696 | ZZ2: 697 | AAA2: 698 | AAB2: 699 | AAC2: 700 | AAD2: 701 | AAE2: 702 | AAF2: 703 | AAG2: 704 | AAH2: 705 | AAI2: 706 | AAJ2: 707 | AAK2: 708 | AAL2: 709 | AAM2: 710 | AAN2: 711 | AAO2: 712 | AAP2: 713 | AAQ2: 714 | AAR2: 715 | AAS2: 716 | AAT2: 717 | AAU2: 718 | AAV2: 719 | AAW2: 720 | AAX2: 721 | AAY2: 722 | AAZ2: 723 | ABA2: 724 | ABB2: 725 | ABC2: 726 | ABD2: 727 | ABE2: 728 | ABF2: 729 | ABG2: 730 | ABH2: 731 | ABI2: 732 | ABJ2: 733 | ABK2: 734 | ABL2: 735 | ABM2: 736 | ABN2: 737 | ABO2: 738 | ABP2: 739 | ABQ2: 740 | ABR2: 741 | ABS2: 742 | ABT2: 743 | ABU2: 744 | ABV2: 745 | ABW2: 746 | ABX2: 747 | ABY2: 748 | ABZ2: 749 | ACA2: 750 | ACB2: 751 | ACC2: 752 | ACD2: 753 | ACE2: 754 | ACF2: 755 | ACG2: 756 | ACH2: 757 | ACI2: 758 | ACJ2: 759 | ACK2: 760 | ACL2: 761 | ACM2: 762 | ACN2: 763 | ACO2: 764 | ACP2: 765 | ACQ2: 766 | ACR2: 767 | ACS2: 768 | ACT2: 769 | ACU2: 770 | ACV2: 771 | ACW2: 772 | ACX2: 773 | ACY2: 774 | ACZ2: 775 | ADA2: 776 | ADB2: 777 | ADC2: 778 | ADD2: 779 | ADE2: 780 | ADF2: 781 | ADG2: 782 | ADH2: 783 | ADI2: 784 | ADJ2: 785 | ADK2: 786 | ADL2: 787 | ADM2: 788 | ADN2: 789 | ADO2: 790 | ADP2: 791 | ADQ2: 792 | ADR2: 793 | ADS2: 794 | ADT2: 795 | ADU2: 796 | ADV2: 797 | ADW2: 798 | ADX2: 799 | ADY2: 800 | ADZ2: 801 | AEA2: 802 | AEB2: 803 | AEC2: 804 | AED2: 805 | AEE2: 806 | AEF2: 807 | AEG2: 808 | AEH2: 809 | AEI2: 810 | AEJ2: 811 | AEK2: 812 | AEL2: 813 | AEM2: 814 | AEN2: 815 | AEO2: 816 | AEP2: 817 | AEQ2: 818 | AER2: 819 | AES2: 820 | AET2: 821 | AEU2: 822 | AEV2: 823 | AEW2: 824 | AEX2: 825 | AEY2: 826 | AEZ2: 827 | AFA2: 828 | AFB2: 829 | AFC2: 830 | AFD2: 831 | AFE2: 832 | AFF2: 833 | AFG2: 834 | AFH2: 835 | AFI2: 836 | AFJ2: 837 | AFK2: 838 | AFL2: 839 | AFM2: 840 | AFN2: 841 | AFO2: 842 | AFP2: 843 | AFQ2: 844 | AFR2: 845 | AFS2: 846 | AFT2: 847 | AFU2: 848 | AFV2: 849 | AFW2: 850 | AFX2: 851 | AFY2: 852 | AFZ2: 853 | AGA2: 854 | AGB2: 855 | AGC2: 856 | AGD2: 857 | AGE2: 858 | AGF2: 859 | AGG2: 860 | AGH2: 861 | AGI2: 862 | AGJ2: 863 | AGK2: 864 | AGL2: 865 | AGM2: 866 | AGN2: 867 | AGO2: 868 | AGP2: 869 | AGQ2: 870 | AGR2: 871 | AGS2: 872 | AGT2: 873 | AGU2: 874 | AGV2: 875 | AGW2: 876 | AGX2: 877 | AGY2: 878 | AGZ2: 879 | AHA2: 880 | AHB2: 881 | AHC2: 882 | AHD2: 883 | AHE2: 884 | AHF2: 885 | AHG2: 886 | AHH2: 887 | AHI2: 888 | AHJ2: 889 | AHK2: 890 | AHL2: 891 | AHM2: 892 | AHN2: 893 | AHO2: 894 | AHP2: 895 | AHQ2: 896 | AHR2: 897 | AHS2: 898 | AHT2: 899 | AHU2: 900 | AHV2: 901 | AHW2: 902 | AHX2: 903 | AHY2: 904 | AHZ2: 905 | AIA2: 906 | AIB2: 907 | AIC2: 908 | AID2: 909 | AIE2: 910 | AIF2: 911 | AIG2: 912 | AIH2: 913 | AII2: 914 | AIJ2: 915 | AIK2: 916 | AIL2: 917 | AIM2: 918 | AIN2: 919 | AIO2: 920 | AIP2: 921 | AIQ2: 922 | AIR2: 923 | AIS2: 924 | AIT2: 925 | AIU2: 926 | AIV2: 927 | AIW2: 928 | AIX2: 929 | AIY2: 930 | AIZ2: 931 | AJA2: 932 | AJB2: 933 | AJC2: 934 | AJD2: 935 | AJE2: 936 | AJF2: 937 | AJG2: 938 | AJH2: 939 | AJI2: 940 | AJJ2: 941 | AJK2: 942 | AJL2: 943 | AJM2: 944 | AJN2: 945 | AJO2: 946 | AJP2: 947 | AJQ2: 948 | AJR2: 949 | AJS2: 950 | AJT2: 951 | AJU2: 952 | AJV2: 953 | AJW2: 954 | AJX2: 955 | AJY2: 956 | AJZ2: 957 | AKA2: 958 | AKB2: 959 | AKC2: 960 | AKD2: 961 | AKE2: 962 | AKF2: 963 | AKG2: 964 | AKH2: 965 | AKI2: 966 | AKJ2: 967 | AKK2: 968 | AKL2: 969 | AKM2: 970 | AKN2: 971 | AKO2: 972 | AKP2: 973 | AKQ2: 974 | AKR2: 975 | AKS2: 976 | AKT2: 977 | AKU2: 978 | AKV2: 979 | AKW2: 980 | AKX2: 981 | AKY2: 982 | AKZ2: 983 | ALA2: 984 | ALB2: 985 | ALC2: 986 | ALD2: 987 | ALE2: 988 | ALF2: 989 | ALG2: 990 | ALH2: 991 | ALI2: 992 | ALJ2: 993 | ALK2: 994 | ALL2: 995 | ALM2: 996 | ALN2: 997 | ALO2: 998 | ALP2: 999 | ALQ2: 1000 | ALR2: 1001
A3: =IF(COUNTIF(E3:ALS3, "*FOUND*") > 0, "", "F") | B3: =IF(COUNTA(F3:AO3)>0, COUNTA(F3:AO3), "") -> 5 | C3: Node(128) | D3: 0 | E3: 127.0.0.1:6000 - 127.0.0.1:6019 | F3: 127.0.0.1:6000 | G3: 127.0.0.1:6061 | H3: 127.0.0.1:6115 | I3: 127.0.0.1:6019 | J3: # FOUND
A4: =IF(COUNTIF(E4:ALS4, "*FOUND*") > 0, "", "F") | B4: =IF(COUNTA(F4:AO4)>0, COUNTA(F4:AO4), "") -> 11 | C4: Node(128) | D4: 1 | E4: 127.0.0.1:6000 - 127.0.0.1:6126 | F4: 127.0.0.1:6000 | G4: 127.0.0.1:6000 | H4: 127.0.0.1:6000 | I4: 127.0.0.1:6109 | J4: 127.0.0.1:6061 | K4: 127.0.0.1:6018 | L4: 127.0.0.1:6078 | M4: 127.0.0.1:6017 | N4: 127.0.0.1:6019 | O4: 127.0.0.1:6126 | P4: # FOUND
A5: =IF(COUNTIF(E5:ALS5, "*FOUND*") > 0, "", "F") | B5: =IF(COUNTA(F5:AO5)>0, COUNTA(F5:AO5), "") -> 6 | C5: Node(128) | D5: 2 | E5: 127.0.0.1:6000 - 127.0.0.1:6041 | F5: 127.0.0.1:6000 | G5: 127.0.0.1:6107 | H5: 127.0.0.1:6054 | I5: 127.0.0.1:6119 | J5: 127.0.0.1:6041 | K5: # FOUND
A6: =IF(COUNTIF(E6:ALS6, "*FOUND*") > 0, "", "F") | B6: =IF(COUNTA(F6:AO6)>0, COUNTA(F6:AO6), "") -> 6 | C6: Node(128) | D6: 3 | E6: 127.0.0.1:6000 - 127.0.0.1:6127 | F6: 127.0.0.1:6000 | G6: 127.0.0.1:6022 | H6: 127.0.0.1:6116 | I6: 127.0.0.1:6126 | J6: 127.0.0.1:6127 | K6: # FOUND
A7: =IF(COUNTIF(E7:ALS7, "*FOUND*") > 0, "", "F") | B7: =IF(COUNTA(F7:AO7)>0, COUNTA(F7:AO7), "") -> 15 | C7: Node(128) | D7: 4 | E7: 127.0.0.1:6000 - 127.0.0.1:6046 | F7: 127.0.0.1:6000 | G7: 127.0.0.1:6081 | H7: 127.0.0.1:6115 | I7: 127.0.0.1:6018 | J7: 127.0.0.1:6018 | K7: 127.0.0.1:6037 | L7: 127.0.0.1:6111 | M7: 127.0.0.1:6017 | N7: 127.0.0.1:6047 | O7: 127.0.0.1:6009 | P7: 127.0.0.1:6110 | Q7: 127.0.0.1:6041 | R7: 127.0.0.1:6127 | S7: 127.0.0.1:6046 | T7: # FOUND
A8: =IF(COUNTIF(E8:ALS8, "*FOUND*") > 0, "", "F") | B8: =IF(COUNTA(F8:AO8)>0, COUNTA(F8:AO8), "") -> 36 | C8: Node(128) | D8: 5 | E8: 127.0.0.1:6000 - 127.0.0.1:6029 | F8: 127.0.0.1:6000 | G8: 127.0.0.1:6071 | H8: 127.0.0.1:6061 | I8: 127.0.0.1:6023 | J8: 127.0.0.1:6055 | K8: 127.0.0.1:6115 | L8: 127.0.0.1:6079 | M8: 127.0.0.1:6013 | N8: 127.0.0.1:6119 | O8: 127.0.0.1:6035 | P8: 127.0.0.1:6071 | Q8: 127.0.0.1:6076 | R8: 127.0.0.1:6057 | S8: 127.0.0.1:6061 | T8: 127.0.0.1:6061 | U8: 127.0.0.1:6055 | V8: 127.0.0.1:6018 | W8: 127.0.0.1:6047 | X8: 127.0.0.1:6047 | Y8: 127.0.0.1:6051 | Z8: 127.0.0.1:6009 | AA8: 127.0.0.1:6020 | AB8: 127.0.0.1:6042 | AC8: 127.0.0.1:6021 | AD8: 127.0.0.1:6119 | AE8: 127.0.0.1:6037 | AF8: 127.0.0.1:6037 | AG8: 127.0.0.1:6047 | AH8: 127.0.0.1:6123 | AI8: 127.0.0.1:6009 | AJ8: 127.0.0.1:6009 | AK8: 127.0.0.1:6006 | AL8: 127.0.0.1:6014 | AM8: 127.0.0.1:6127 | AN8: 127.0.0.1:6074 | AO8: 127.0.0.1:6031 | AP8: 127.0.0.1:6083 | AQ8: 127.0.0.1:6094 | AR8: 127.0.0.1:6119 | AS8: 127.0.0.1:6011 | AT8: 127.0.0.1:6075 | AU8: 127.0.0.1:6126 | AV8: 127.0.0.1:6035 | AW8: 127.0.0.1:6035 | AX8: 127.0.0.1:6076 | AY8: 127.0.0.1:6076 | AZ8: 127.0.0.1:6059 | BA8: 127.0.0.1:6004 | BB8: 127.0.0.1:6054 | BC8: 127.0.0.1:6037 | BD8: 127.0.0.1:6020 | BE8: 127.0.0.1:6020 | BF8: 127.0.0.1:6065 | BG8: 127.0.0.1:6042 | BH8: 127.0.0.1:6120 | BI8: 127.0.0.1:6105 | BJ8: 127.0.0.1:6034 | BK8: 127.0.0.1:6041 | BL8: 127.0.0.1:6074 | BM8: 127.0.0.1:6074 | BN8: 127.0.0.1:6035 | BO8: 127.0.0.1:6059 | BP8: 127.0.0.1:6059 | BQ8: 127.0.0.1:6018 | BR8: 127.0.0.1:6123 | BS8: 127.0.0.1:6123 | BT8: 127.0.0.1:6117 | BU8: 127.0.0.1:6009 | BV8: 127.0.0.1:6042 | BW8: 127.0.0.1:6042 | BX8: 127.0.0.1:6089 | BY8: 127.0.0.1:6094 | BZ8: 127.0.0.1:6035 | CA8: 127.0.0.1:6047 | CB8: 127.0.0.1:6020 | CC8: 127.0.0.1:6077 | CD8: 127.0.0.1:6042 | CE8: 127.0.0.1:6105 | CF8: 127.0.0.1:6106 | CG8: 127.0.0.1:6001 | CH8: 127.0.0.1:6115 | CI8: 127.0.0.1:6085 | CJ8: 127.0.0.1:6119 | CK8: 127.0.0.1:6003 | CL8: 127.0.0.1:6019 | CM8: 127.0.0.1:6074 | CN8: 127.0.0.1:6076 | CO8: 127.0.0.1:6018 | CP8: 127.0.0.1:6120 | CQ8: 127.0.0.1:6120 | CR8: 127.0.0.1:6106 | CS8: 127.0.0.1:6106 | CT8: 127.0.0.1:6050 | CU8: 127.0.0.1:6001 | CV8: 127.0.0.1:6066 | CW8: 127.0.0.1:6013 | CX8: 127.0.0.1:6030 | CY8: 127.0.0.1:6098 | CZ8: 127.0.0.1:6119 | DA8: 127.0.0.1:6119 | DB8: 127.0.0.1:6096 | DC8: 127.0.0.1:6041 | DD8: 127.0.0.1:6035 | DE8: 127.0.0.1:6106 | DF8: 127.0.0.1:6087 | DG8: 127.0.0.1:6001 | DH8: 127.0.0.1:6001 | DI8: 127.0.0.1:6013 | DJ8: 127.0.0.1:6013 | DK8: 127.0.0.1:6012 | DL8: 127.0.0.1:6119 | DM8: 127.0.0.1:6019 | DN8: 127.0.0.1:6076 | DO8: 127.0.0.1:6037 | DP8: 127.0.0.1:6106 | DQ8: 127.0.0.1:6044 | DR8: 127.0.0.1:6001 | DS8: 127.0.0.1:6098 | DT8: 127.0.0.1:6011 | DU8: 127.0.0.1:6011 | DV8: 127.0.0.1:6097 | DW8: 127.0.0.1:6075 | DX8: 127.0.0.1:6101 | DY8: 127.0.0.1:6095 | DZ8: 127.0.0.1:6094 | EA8: 127.0.0.1:6120 | EB8: 127.0.0.1:6044 | EC8: 127.0.0.1:6044 | ED8: 127.0.0.1:6066 | EE8: 127.0.0.1:6066 | EF8: 127.0.0.1:6068 | EG8: 127.0.0.1:6013 | EH8: 127.0.0.1:6098 | EI8: 127.0.0.1:6098 | EJ8: 127.0.0.1:6103 | EK8: 127.0.0.1:6019 | EL8: 127.0.0.1:6051 | EM8: 127.0.0.1:6051 | EN8: 127.0.0.1:6123 | EO8: 127.0.0.1:6020 | EP8: 127.0.0.1:6082 | EQ8: 127.0.0.1:6042 | ER8: 127.0.0.1:6001 | ES8: 127.0.0.1:6040 | ET8: 127.0.0.1:6019 | EU8: 127.0.0.1:6011 | EV8: 127.0.0.1:6101 | EW8: 127.0.0.1:6101 | EX8: 127.0.0.1:6048 | EY8: 127.0.0.1:6083 | EZ8: 127.0.0.1:6035 | FA8: 127.0.0.1:6010 | FB8: 127.0.0.1:6052 | FC8: 127.0.0.1:6034 | FD8: 127.0.0.1:6076 | FE8: 127.0.0.1:6020 | FF8: 127.0.0.1:6118 | FG8: 127.0.0.1:6042 | FH8: 127.0.0.1:6012 | FI8: 127.0.0.1:6030 | FJ8: 127.0.0.1:6030 | FK8: 127.0.0.1:6011 | FL8: 127.0.0.1:6048 | FM8: 127.0.0.1:6048 | FN8: 127.0.0.1:6036 | FO8: 127.0.0.1:6052 | FP8: 127.0.0.1:6076 | FQ8: 127.0.0.1:6044 | FR8: 127.0.0.1:6079 | FS8: 127.0.0.1:6079 | FT8: 127.0.0.1:6030 | FU8: 127.0.0.1:6048 | FV8: 127.0.0.1:6010 | FW8: 127.0.0.1:6010 | FX8: 127.0.0.1:6099 | FY8: 127.0.0.1:6061 | FZ8: 127.0.0.1:6054 | GA8: 127.0.0.1:6026 | GB8: 127.0.0.1:6017 | GC8: 127.0.0.1:6022 | GD8: 127.0.0.1:6022 | GE8: 127.0.0.1:6049 | GF8: 127.0.0.1:6110 | GG8: 127.0.0.1:6020 | GH8: 127.0.0.1:6120 | GI8: 127.0.0.1:6011 | GJ8: 127.0.0.1:6027 | GK8: 127.0.0.1:6061 | GL8: 127.0.0.1:6017 | GM8: 127.0.0.1:6017 | GN8: 127.0.0.1:6067 | GO8: 127.0.0.1:6019 | GP8: 127.0.0.1:6092 | GQ8: 127.0.0.1:6127 | GR8: 127.0.0.1:6035 | GS8: 127.0.0.1:6071 | GT8: 127.0.0.1:6071 | GU8: 127.0.0.1:6057 | GV8: 127.0.0.1:6059 | GW8: 127.0.0.1:6037 | GX8: 127.0.0.1:6011 | GY8: 127.0.0.1:6049 | GZ8: 127.0.0.1:6049 | HA8: 127.0.0.1:6038 | HB8: 127.0.0.1:6014 | HC8: 127.0.0.1:6020 | HD8: 127.0.0.1:6106 | HE8: 127.0.0.1:6068 | HF8: 127.0.0.1:6068 | HG8: 127.0.0.1:6079 | HH8: 127.0.0.1:6011 | HI8: 127.0.0.1:6092 | HJ8: 127.0.0.1:6092 | HK8: 127.0.0.1:6080 | HL8: 127.0.0.1:6127 | HM8: 127.0.0.1:6076 | HN8: 127.0.0.1:6109 | HO8: 127.0.0.1:6109 | HP8: 127.0.0.1:6023 | HQ8: 127.0.0.1:6023 | HR8: 127.0.0.1:6090 | HS8: 127.0.0.1:6055 | HT8: 127.0.0.1:6056 | HU8: 127.0.0.1:6054 | HV8: 127.0.0.1:6054 | HW8: 127.0.0.1:6017 | HX8: 127.0.0.1:6116 | HY8: 127.0.0.1:6123 | HZ8: 127.0.0.1:6077 | IA8: 127.0.0.1:6077 | IB8: 127.0.0.1:6082 | IC8: 127.0.0.1:6082 | ID8: 127.0.0.1:6118 | IE8: 127.0.0.1:6118 | IF8: 127.0.0.1:6120 | IG8: 127.0.0.1:6036 | IH8: 127.0.0.1:6036 | II8: 127.0.0.1:6010 | IJ8: 127.0.0.1:6000 | IK8: 127.0.0.1:6061 | IL8: 127.0.0.1:6100 | IM8: 127.0.0.1:6127 | IN8: 127.0.0.1:6018 | IO8: 127.0.0.1:6030 | IP8: 127.0.0.1:6026 | IQ8: 127.0.0.1:6026 | IR8: 127.0.0.1:6064 | IS8: 127.0.0.1:6017 | IT8: 127.0.0.1:6110 | IU8: 127.0.0.1:6038 | IV8: 127.0.0.1:6038 | IW8: 127.0.0.1:6091 | IX8: 127.0.0.1:6100 | IY8: 127.0.0.1:6082 | IZ8: 127.0.0.1:6120 | JA8: 127.0.0.1:6104 | JB8: 127.0.0.1:6034 | JC8: 127.0.0.1:6044 | JD8: 127.0.0.1:6030 | JE8: 127.0.0.1:6015 | JF8: 127.0.0.1:6119 | JG8: 127.0.0.1:6041 | JH8: 127.0.0.1:6059 | JI8: 127.0.0.1:6047 | JJ8: 127.0.0.1:6118 | JK8: 127.0.0.1:6106 | JL8: 127.0.0.1:6011 | JM8: 127.0.0.1:6075 | JN8: 127.0.0.1:6075 | JO8: 127.0.0.1:6112 | JP8: 127.0.0.1:6041 | JQ8: 127.0.0.1:6020 | JR8: 127.0.0.1:6066 | JS8: 127.0.0.1:6079 | JT8: 127.0.0.1:6101 | JU8: 127.0.0.1:6036 | JV8: 127.0.0.1:6099 | JW8: 127.0.0.1:6099 | JX8: 127.0.0.1:6000 | JY8: 127.0.0.1:6000 | JZ8: 127.0.0.1:6027 | KA8: 127.0.0.1:6027 | KB8: 127.0.0.1:6109 | KC8: 127.0.0.1:6056 | KD8: 127.0.0.1:6056 | KE8: 127.0.0.1:6107 | KF8: 127.0.0.1:6107 | KG8: 127.0.0.1:6026 | KH8: 127.0.0.1:6114 | KI8: 127.0.0.1:6017 | KJ8: 127.0.0.1:6072 | KK8: 127.0.0.1:6029 | KL8: # FOUND
A9: =IF(COUNTIF(E9:ALS9, "*FOUND*") > 0, "", "F") | B9: =IF(COUNTA(F9:AO9)>0, COUNTA(F9:AO9), "") -> 36 | C9: Node(128) | D9: 6 | E9: 127.0.0.1:6000 - 127.0.0.1:6074 | F9: 127.0.0.1:6000 | G9: 127.0.0.1:6109 | H9: 127.0.0.1:6107 | I9: 127.0.0.1:6064 | J9: 127.0.0.1:6064 | K9: 127.0.0.1:6114 | L9: 127.0.0.1:6114 | M9: 127.0.0.1:6069 | N9: 127.0.0.1:6017 | O9: 127.0.0.1:6034 | P9: 127.0.0.1:6081 | Q9: 127.0.0.1:6081 | R9: 127.0.0.1:6085 | S9: 127.0.0.1:6085 | T9: 127.0.0.1:6015 | U9: 127.0.0.1:6015 | V9: 127.0.0.1:6003 | W9: 127.0.0.1:6003 | X9: 127.0.0.1:6092 | Y9: 127.0.0.1:6024 | Z9: 127.0.0.1:6127 | AA9: 127.0.0.1:6101 | AB9: 127.0.0.1:6000 | AC9: 127.0.0.1:6107 | AD9: 127.0.0.1:6114 | AE9: 127.0.0.1:6070 | AF9: 127.0.0.1:6017 | AG9: 127.0.0.1:6019 | AH9: 127.0.0.1:6126 | AI9: 127.0.0.1:6076 | AJ9: 127.0.0.1:6057 | AK9: 127.0.0.1:6057 | AL9: 127.0.0.1:6004 | AM9: 127.0.0.1:6018 | AN9: 127.0.0.1:6107 | AO9: 127.0.0.1:6070 | AP9: 127.0.0.1:6070 | AQ9: 127.0.0.1:6022 | AR9: 127.0.0.1:6038 | AS9: 127.0.0.1:6043 | AT9: 127.0.0.1:6072 | AU9: 127.0.0.1:6120 | AV9: 127.0.0.1:6105 | AW9: 127.0.0.1:6105 | AX9: 127.0.0.1:6084 | AY9: 127.0.0.1:6034 | AZ9: 127.0.0.1:6034 | BA9: 127.0.0.1:6124 | BB9: 127.0.0.1:6041 | BC9: 127.0.0.1:6092 | BD9: 127.0.0.1:6108 | BE9: 127.0.0.1:6074 | BF9: # FOUND
A10: =IF(COUNTIF(E10:ALS10, "*FOUND*") > 0, "", "F") | B10: =IF(COUNTA(F10:AO10)>0, COUNTA(F10:AO10), "") -> 8 | C10: Node(128) | D10: 7 | E10: 127.0.0.1:6000 - 127.0.0.1:6035 | F10: 127.0.0.1:6000 | G10: 127.0.0.1:6022 | H10: 127.0.0.1:6125 | I10: 127.0.0.1:6094 | J10: 127.0.0.1:6094 | K10: 127.0.0.1:6016 | L10: 127.0.0.1:6035 | M10: # FOUND
A11: =IF(COUNTIF(E11:ALS11, "*FOUND*") > 0, "", "F") | B11: =IF(COUNTA(F11:AO11)>0, COUNTA(F11:AO11), "") -> 36 | C11: Node(128) | D11: 8 | E11: 127.0.0.1:6000 - 127.0.0.1:6076 | F11: 127.0.0.1:6000 | G11: 127.0.0.1:6081 | H11: 127.0.0.1:6003 | I11: 127.0.0.1:6071 | J11: 127.0.0.1:6025 | K11: 127.0.0.1:6017 | L11: 127.0.0.1:6047 | M11: 127.0.0.1:6044 | N11: 127.0.0.1:6011 | O11: 127.0.0.1:6011 | P11: 127.0.0.1:6097 | Q11: 127.0.0.1:6097 | R11: 127.0.0.1:6101 | S11: 127.0.0.1:6107 | T11: 127.0.0.1:6022 | U11: 127.0.0.1:6081 | V11: 127.0.0.1:6092 | W11: 127.0.0.1:6122 | X11: 127.0.0.1:6035 | Y11: 127.0.0.1:6059 | Z11: 127.0.0.1:6020 | AA11: 127.0.0.1:6101 | AB11: 127.0.0.1:6045 | AC11: 127.0.0.1:6072 | AD11: 127.0.0.1:6125 | AE11: 127.0.0.1:6125 | AF11: 127.0.0.1:6104 | AG11: 127.0.0.1:6104 | AH11: 127.0.0.1:6063 | AI11: 127.0.0.1:6034 | AJ11: 127.0.0.1:6119 | AK11: 127.0.0.1:6037 | AL11: 127.0.0.1:6114 | AM11: 127.0.0.1:6022 | AN11: 127.0.0.1:6092 | AO11: 127.0.0.1:6071 | AP11: 127.0.0.1:6009 | AQ11: 127.0.0.1:6105 | AR11: 127.0.0.1:6001 | AS11: 127.0.0.1:6086 | AT11: 127.0.0.1:6127 | AU11: 127.0.0.1:6046 | AV11: 127.0.0.1:6076 | AW11: # FOUND
A12: =IF(COUNTIF(E12:ALS12, "*FOUND*") > 0, "", "F") | B12: =IF(COUNTA(F12:AO12)>0, COUNTA(F12:AO12), "") -> 36 | C12: Node(128) | D12: 9 | E12: 127.0.0.1:6000 - 127.0.0.1:6059 | F12: 127.0.0.1:6000 | G12: 127.0.0.1:6071 | H12: 127.0.0.1:6001 | I12: 127.0.0.1:6061 | J12: 127.0.0.1:6115 | K12: 127.0.0.1:6115 | L12: 127.0.0.1:6119 | M12: 127.0.0.1:6011 | N12: 127.0.0.1:6101 | O12: 127.0.0.1:6108 | P12: 127.0.0.1:6108 | Q12: 127.0.0.1:6031 | R12: 127.0.0.1:6031 | S12: 127.0.0.1:6002 | T12: 127.0.0.1:6035 | U12: 127.0.0.1:6106 | V12: 127.0.0.1:6099 | W12: 127.0.0.1:6027 | X12: 127.0.0.1:6090 | Y12: 127.0.0.1:6090 | Z12: 127.0.0.1:6008 | AA12: 127.0.0.1:6055 | AB12: 127.0.0.1:6055 | AC12: 127.0.0.1:6054 | AD12: 127.0.0.1:6116 | AE12: 127.0.0.1:6049 | AF12: 127.0.0.1:6045 | AG12: 127.0.0.1:6045 | AH12: 127.0.0.1:6125 | AI12: 127.0.0.1:6060 | AJ12: 127.0.0.1:6034 | AK12: 127.0.0.1:6041 | AL12: 127.0.0.1:6074 | AM12: 127.0.0.1:6031 | AN12: 127.0.0.1:6122 | AO12: 127.0.0.1:6122 | AP12: 127.0.0.1:6071 | AQ12: 127.0.0.1:6061 | AR12: 127.0.0.1:6018 | AS12: 127.0.0.1:6078 | AT12: 127.0.0.1:6037 | AU12: 127.0.0.1:6111 | AV12: 127.0.0.1:6047 | AW12: 127.0.0.1:6011 | AX12: 127.0.0.1:6048 | AY12: 127.0.0.1:6027 | AZ12: 127.0.0.1:6064 | BA12: 127.0.0.1:6069 | BB12: 127.0.0.1:6069 | BC12: 127.0.0.1:6070 | BD12: 127.0.0.1:6049 | BE12: 127.0.0.1:6104 | BF12: 127.0.0.1:6060 | BG12: 127.0.0.1:6060 | BH12: 127.0.0.1:6102 | BI12: 127.0.0.1:6034 | BJ12: 127.0.0.1:6076 | BK12: 127.0.0.1:6018 | BL12: 127.0.0.1:6018 | BM12: 127.0.0.1:6037 | BN12: 127.0.0.1:6037 | BO12: 127.0.0.1:6047 | BP12: 127.0.0.1:6022 | BQ12: 127.0.0.1:6009 | BR12: 127.0.0.1:6001 | BS12: 127.0.0.1:6115 | BT12: 127.0.0.1:6019 | BU12: 127.0.0.1:6074 | BV12: 127.0.0.1:6074 | BW12: 127.0.0.1:6035 | BX12: 127.0.0.1:6010 | BY12: 127.0.0.1:6027 | BZ12: 127.0.0.1:6049 | CA12: 127.0.0.1:6081 | CB12: 127.0.0.1:6057 | CC12: 127.0.0.1:6007 | CD12: 127.0.0.1:6017 | CE12: 127.0.0.1:6022 | CF12: 127.0.0.1:6116 | CG12: 127.0.0.1:6116 | CH12: 127.0.0.1:6110 | CI12: 127.0.0.1:6110 | CJ12: 127.0.0.1:6014 | CK12: 127.0.0.1:6091 | CL12: 127.0.0.1:6091 | CM12: 127.0.0.1:6073 | CN12: 127.0.0.1:6100 | CO12: 127.0.0.1:6043 | CP12: 127.0.0.1:6043 | CQ12: 127.0.0.1:6045 | CR12: 127.0.0.1:6104 | CS12: 127.0.0.1:6102 | CT12: 127.0.0.1:6102 | CU12: 127.0.0.1:6081 | CV12: 127.0.0.1:6001 | CW12: 127.0.0.1:6066 | CX12: 127.0.0.1:6030 | CY12: 127.0.0.1:6098 | CZ12: 127.0.0.1:6113 | DA12: 127.0.0.1:6019 | DB12: 127.0.0.1:6076 | DC12: 127.0.0.1:6037 | DD12: 127.0.0.1:6020 | DE12: 127.0.0.1:6091 | DF12: 127.0.0.1:6043 | DG12: 127.0.0.1:6125 | DH12: 127.0.0.1:6081 | DI12: 127.0.0.1:6115 | DJ12: 127.0.0.1:6127 | DK12: 127.0.0.1:6029 | DL12: 127.0.0.1:6076 | DM12: 127.0.0.1:6020 | DN12: 127.0.0.1:6042 | DO12: 127.0.0.1:6095 | DP12: 127.0.0.1:6048 | DQ12: 127.0.0.1:6064 | DR12: 127.0.0.1:6070 | DS12: 127.0.0.1:6038 | DT12: 127.0.0.1:6045 | DU12: 127.0.0.1:6063 | DV12: 127.0.0.1:6063 | DW12: 127.0.0.1:6060 | DX12: 127.0.0.1:6081 | DY12: 127.0.0.1:6081 | DZ12: 127.0.0.1:6085 | EA12: 127.0.0.1:6003 | EB12: 127.0.0.1:6007 | EC12: 127.0.0.1:6047 | ED12: 127.0.0.1:6009 | EE12: 127.0.0.1:6112 | EF12: 127.0.0.1:6101 | EG12: 127.0.0.1:6095 | EH12: 127.0.0.1:6095 | EI12: 127.0.0.1:6032 | EJ12: 127.0.0.1:6074 | EK12: 127.0.0.1:6076 | EL12: 127.0.0.1:6044 | EM12: 127.0.0.1:6101 | EN12: 127.0.0.1:6101 | EO12: 127.0.0.1:6048 | EP12: 127.0.0.1:6104 | EQ12: 127.0.0.1:6081 | ER12: 127.0.0.1:6003 | ES12: 127.0.0.1:6040 | ET12: 127.0.0.1:6011 | EU12: 127.0.0.1:6027 | EV12: 127.0.0.1:6081 | EW12: 127.0.0.1:6092 | EX12: 127.0.0.1:6004 | EY12: 127.0.0.1:6004 | EZ12: 127.0.0.1:6093 | FA12: 127.0.0.1:6054 | FB12: 127.0.0.1:6094 | FC12: 127.0.0.1:6034 | FD12: 127.0.0.1:6044 | FE12: 127.0.0.1:6109 | FF12: 127.0.0.1:6026 | FG12: 127.0.0.1:6070 | FH12: 127.0.0.1:6045 | FI12: 127.0.0.1:6081 | FJ12: 127.0.0.1:6057 | FK12: 127.0.0.1:6006 | FL12: 127.0.0.1:6020 | FM12: 127.0.0.1:6020 | FN12: 127.0.0.1:6065 | FO12: 127.0.0.1:6065 | FP12: 127.0.0.1:6077 | FQ12: 127.0.0.1:6118 | FR12: 127.0.0.1:6044 | FS12: 127.0.0.1:6085 | FT12: 127.0.0.1:6092 | FU12: 127.0.0.1:6042 | FV12: 127.0.0.1:6021 | FW12: 127.0.0.1:6120 | FX12: 127.0.0.1:6120 | FY12: 127.0.0.1:6106 | FZ12: 127.0.0.1:6102 | GA12: 127.0.0.1:6085 | GB12: 127.0.0.1:6108 | GC12: 127.0.0.1:6122 | GD12: 127.0.0.1:6057 | GE12: 127.0.0.1:6001 | GF12: 127.0.0.1:6001 | GG12: 127.0.0.1:6013 | GH12: 127.0.0.1:6103 | GI12: 127.0.0.1:6011 | GJ12: 127.0.0.1:6049 | GK12: 127.0.0.1:6092 | GL12: 127.0.0.1:6095 | GM12: 127.0.0.1:6083 | GN12: 127.0.0.1:6083 | GO12: 127.0.0.1:6039 | GP12: 127.0.0.1:6035 | GQ12: 127.0.0.1:6071 | GR12: 127.0.0.1:6076 | GS12: 127.0.0.1:6109 | GT12: 127.0.0.1:6070 | GU12: 127.0.0.1:6081 | GV12: 127.0.0.1:6001 | GW12: 127.0.0.1:6098 | GX12: 127.0.0.1:6040 | GY12: 127.0.0.1:6040 | GZ12: 127.0.0.1:6005 | HA12: 127.0.0.1:6019 | HB12: 127.0.0.1:6051 | HC12: 127.0.0.1:6020 | HD12: 127.0.0.1:6077 | HE12: 127.0.0.1:6120 | HF12: 127.0.0.1:6044 | HG12: 127.0.0.1:6001 | HH12: 127.0.0.1:6040 | HI12: 127.0.0.1:6053 | HJ12: 127.0.0.1:6019 | HK12: 127.0.0.1:6011 | HL12: 127.0.0.1:6092 | HM12: 127.0.0.1:6127 | HN12: 127.0.0.1:6074 | HO12: 127.0.0.1:6037 | HP12: 127.0.0.1:6106 | HQ12: 127.0.0.1:6001 | HR12: 127.0.0.1:6086 | HS12: 127.0.0.1:6101 | HT12: 127.0.0.1:6036 | HU12: 127.0.0.1:6000 | HV12: 127.0.0.1:6061 | HW12: 127.0.0.1:6023 | HX12: 127.0.0.1:6008 | HY12: 127.0.0.1:6008 | HZ12: 127.0.0.1:6056 | IA12: 127.0.0.1:6114 | IB12: 127.0.0.1:6038 | IC12: 127.0.0.1:6104 | ID12: 127.0.0.1:6003 | IE12: 127.0.0.1:6019 | IF12: 127.0.0.1:6092 | IG12: 127.0.0.1:6092 | IH12: 127.0.0.1:6080 | II12: 127.0.0.1:6080 | IJ12: 127.0.0.1:6024 | IK12: 127.0.0.1:6024 | IL12: 127.0.0.1:6108 | IM12: 127.0.0.1:6071 | IN12: 127.0.0.1:6071 | IO12: 127.0.0.1:6057 | IP12: 127.0.0.1:6061 | IQ12: 127.0.0.1:6061 | IR12: 127.0.0.1:6055 | IS12: 127.0.0.1:6017 | IT12: 127.0.0.1:6017 | IU12: 127.0.0.1:6067 | IV12: 127.0.0.1:6051 | IW12: 127.0.0.1:6120 | IX12: 127.0.0.1:6011 | IY12: 127.0.0.1:6075 | IZ12: 127.0.0.1:6086 | JA12: 127.0.0.1:6086 | JB12: 127.0.0.1:6095 | JC12: 127.0.0.1:6039 | JD12: 127.0.0.1:6036 | JE12: 127.0.0.1:6109 | JF12: 127.0.0.1:6091 | JG12: 127.0.0.1:6045 | JH12: 127.0.0.1:6085 | JI12: 127.0.0.1:6078 | JJ12: 127.0.0.1:6078 | JK12: 127.0.0.1:6025 | JL12: 127.0.0.1:6037 | JM12: 127.0.0.1:6011 | JN12: 127.0.0.1:6011 | JO12: 127.0.0.1:6097 | JP12: 127.0.0.1:6048 | JQ12: 127.0.0.1:6122 | JR12: 127.0.0.1:6007 | JS12: 127.0.0.1:6007 | JT12: 127.0.0.1:6009 | JU12: 127.0.0.1:6110 | JV12: 127.0.0.1:6100 | JW12: 127.0.0.1:6100 | JX12: 127.0.0.1:6072 | JY12: 127.0.0.1:6072 | JZ12: 127.0.0.1:6021 | KA12: 127.0.0.1:6125 | KB12: 127.0.0.1:6015 | KC12: 127.0.0.1:6092 | KD12: 127.0.0.1:6024 | KE12: 127.0.0.1:6031 | KF12: 127.0.0.1:6071 | KG12: 127.0.0.1:6004 | KH12: 127.0.0.1:6078 | KI12: 127.0.0.1:6111 | KJ12: 127.0.0.1:6111 | KK12: 127.0.0.1:6007 | KL12: 127.0.0.1:6042 | KM12: 127.0.0.1:6120 | KN12: 127.0.0.1:6036 | KO12: 127.0.0.1:6069 | KP12: 127.0.0.1:6022 | KQ12: 127.0.0.1:6022 | KR12: 127.0.0.1:6049 | KS12: 127.0.0.1:6006 | KT12: 127.0.0.1:6006 | KU12: 127.0.0.1:6042 | KV12: 127.0.0.1:6042 | KW12: 127.0.0.1:6089 | KX12: 127.0.0.1:6120 | KY12: 127.0.0.1:6104 | KZ12: 127.0.0.1:6071 | LA12: 127.0.0.1:6025 | LB12: 127.0.0.1:6025 | LC12: 127.0.0.1:6111 | LD12: 127.0.0.1:6009 | LE12: 127.0.0.1:6020 | LF12: 127.0.0.1:6082 | LG12: 127.0.0.1:6106 | LH12: 127.0.0.1:6106 | LI12: 127.0.0.1:6050 | LJ12: 127.0.0.1:6050 | LK12: 127.0.0.1:6087 | LL12: 127.0.0.1:6087 | LM12: 127.0.0.1:6044 | LN12: 127.0.0.1:6044 | LO12: 127.0.0.1:6066 | LP12: 127.0.0.1:6011 | LQ12: 127.0.0.1:6101 | LR12: 127.0.0.1:6000 | LS12: 127.0.0.1:6000 | LT12: 127.0.0.1:6027 | LU12: 127.0.0.1:6057 | LV12: 127.0.0.1:6059 | LW12: # FOUND
A13: =IF(COUNTIF(E13:ALS13, "*FOUND*") > 0, "", "F") | B13: =IF(COUNTA(F13:AO13)>0, COUNTA(F13:AO13), "") -> 36 | C13: Node(128) | D13: 10 | E13: 127.0.0.1:6000 - 127.0.0.1:6018 | F13: 127.0.0.1:6000 | G13: 127.0.0.1:6109 | H13: 127.0.0.1:6085 | I13: 127.0.0.1:6012 | J13: 127.0.0.1:6012 | K13: 127.0.0.1:6098 | L13: 127.0.0.1:6112 | M13: 127.0.0.1:6112 | N13: 127.0.0.1:6086 | O13: 127.0.0.1:6083 | P13: 127.0.0.1:6052 | Q13: 127.0.0.1:6052 | R13: 127.0.0.1:6061 | S13: 127.0.0.1:6017 | T13: 127.0.0.1:6116 | U13: 127.0.0.1:6100 | V13: 127.0.0.1:6021 | W13: 127.0.0.1:6021 | X13: 127.0.0.1:6094 | Y13: 127.0.0.1:6124 | Z13: 127.0.0.1:6044 | AA13: 127.0.0.1:6079 | AB13: 127.0.0.1:6107 | AC13: 127.0.0.1:6125 | AD13: 127.0.0.1:6031 | AE13: 127.0.0.1:6025 | AF13: 127.0.0.1:6007 | AG13: 127.0.0.1:6084 | AH13: 127.0.0.1:6106 | AI13: 127.0.0.1:6087 | AJ13: 127.0.0.1:6079 | AK13: 127.0.0.1:6085 | AL13: 127.0.0.1:6119 | AM13: 127.0.0.1:6003 | AN13: 127.0.0.1:6003 | AO13: 127.0.0.1:6092 | AP13: 127.0.0.1:6108 | AQ13: 127.0.0.1:6078 | AR13: 127.0.0.1:6007 | AS13: 127.0.0.1:6040 | AT13: 127.0.0.1:6028 | AU13: 127.0.0.1:6019 | AV13: 127.0.0.1:6019 | AW13: 127.0.0.1:6126 | AX13: 127.0.0.1:6092 | AY13: 127.0.0.1:6122 | AZ13: 127.0.0.1:6105 | BA13: 127.0.0.1:6040 | BB13: 127.0.0.1:6075 | BC13: 127.0.0.1:6083 | BD13: 127.0.0.1:6061 | BE13: 127.0.0.1:6100 | BF13: 127.0.0.1:6016 | BG13: 127.0.0.1:6106 | BH13: 127.0.0.1:6044 | BI13: 127.0.0.1:6030 | BJ13: 127.0.0.1:6030 | BK13: 127.0.0.1:6011 | BL13: 127.0.0.1:6048 | BM13: 127.0.0.1:6083 | BN13: 127.0.0.1:6017 | BO13: 127.0.0.1:6110 | BP13: 127.0.0.1:6072 | BQ13: 127.0.0.1:6094 | BR13: 127.0.0.1:6119 | BS13: 127.0.0.1:6119 | BT13: 127.0.0.1:6096 | BU13: 127.0.0.1:6037 | BV13: 127.0.0.1:6114 | BW13: 127.0.0.1:6063 | BX13: 127.0.0.1:6102 | BY13: 127.0.0.1:6092 | BZ13: 127.0.0.1:6071 | CA13: 127.0.0.1:6009 | CB13: 127.0.0.1:6009 | CC13: 127.0.0.1:6006 | CD13: 127.0.0.1:6089 | CE13: 127.0.0.1:6089 | CF13: 127.0.0.1:6105 | CG13: 127.0.0.1:6052 | CH13: 127.0.0.1:6054 | CI13: 127.0.0.1:6119 | CJ13: 127.0.0.1:6019 | CK13: 127.0.0.1:6041 | CL13: 127.0.0.1:6035 | CM13: 127.0.0.1:6035 | CN13: 127.0.0.1:6076 | CO13: 127.0.0.1:6076 | CP13: 127.0.0.1:6059 | CQ13: 127.0.0.1:6004 | CR13: 127.0.0.1:6007 | CS13: 127.0.0.1:6017 | CT13: 127.0.0.1:6072 | CU13: 127.0.0.1:6034 | CV13: 127.0.0.1:6081 | CW13: 127.0.0.1:6115 | CX13: 127.0.0.1:6079 | CY13: 127.0.0.1:6013 | CZ13: 127.0.0.1:6113 | DA13: 127.0.0.1:6011 | DB13: 127.0.0.1:6027 | DC13: 127.0.0.1:6061 | DD13: 127.0.0.1:6115 | DE13: 127.0.0.1:6085 | DF13: 127.0.0.1:6085 | DG13: 127.0.0.1:6015 | DH13: 127.0.0.1:6122 | DI13: 127.0.0.1:6052 | DJ13: 127.0.0.1:6017 | DK13: 127.0.0.1:6034 | DL13: 127.0.0.1:6034 | DM13: 127.0.0.1:6124 | DN13: 127.0.0.1:6081 | DO13: 127.0.0.1:6081 | DP13: 127.0.0.1:6085 | DQ13: 127.0.0.1:6003 | DR13: 127.0.0.1:6071 | DS13: 127.0.0.1:6001 | DT13: 127.0.0.1:6061 | DU13: 127.0.0.1:6018 | DV13: # FOUND
A14: =IF(COUNTIF(E14:ALS14, "*FOUND*") > 0, "", "F") | B14: =IF(COUNTA(F14:AO14)>0, COUNTA(F14:AO14), "") -> 35 | C14: Node(128) | D14: 11 | E14: 127.0.0.1:6000 - 127.0.0.1:6037 | F14: 127.0.0.1:6000 | G14: 127.0.0.1:6107 | H14: 127.0.0.1:6015 | I14: 127.0.0.1:6025 | J14: 127.0.0.1:6105 | K14: 127.0.0.1:6034 | L14: 127.0.0.1:6115 | M14: 127.0.0.1:6115 | N14: 127.0.0.1:6119 | O14: 127.0.0.1:6035 | P14: 127.0.0.1:6059 | Q14: 127.0.0.1:6018 | R14: 127.0.0.1:6120 | S14: 127.0.0.1:6105 | T14: 127.0.0.1:6106 | U14: 127.0.0.1:6068 | V14: 127.0.0.1:6030 | W14: 127.0.0.1:6048 | X14: 127.0.0.1:6048 | Y14: 127.0.0.1:6036 | Z14: 127.0.0.1:6063 | AA14: 127.0.0.1:6081 | AB14: 127.0.0.1:6003 | AC14: 127.0.0.1:6007 | AD14: 127.0.0.1:6047 | AE14: 127.0.0.1:6047 | AF14: 127.0.0.1:6051 | AG14: 127.0.0.1:6044 | AH14: 127.0.0.1:6011 | AI14: 127.0.0.1:6049 | AJ14: 127.0.0.1:6110 | AK14: 127.0.0.1:6034 | AL14: 127.0.0.1:6119 | AM14: 127.0.0.1:6037 | AN14: # FOUND
A15: =IF(COUNTIF(E15:ALS15, "*FOUND*") > 0, "", "F") | B15: =IF(COUNTA(F15:AO15)>0, COUNTA(F15:AO15), "") -> 19 | C15: Node(128) | D15: 12 | E15: 127.0.0.1:6000 - 127.0.0.1:6047 | F15: 127.0.0.1:6000 | G15: 127.0.0.1:6022 | H15: 127.0.0.1:6038 | I15: 127.0.0.1:6060 | J15: 127.0.0.1:6085 | K15: 127.0.0.1:6092 | L15: 127.0.0.1:6004 | M15: 127.0.0.1:6009 | N15: 127.0.0.1:6042 | O15: 127.0.0.1:6105 | P15: 127.0.0.1:6105 | Q15: 127.0.0.1:6084 | R15: 127.0.0.1:6084 | S15: 127.0.0.1:6121 | T15: 127.0.0.1:6034 | U15: 127.0.0.1:6041 | V15: 127.0.0.1:6059 | W15: 127.0.0.1:6047 | X15: # FOUND
A16: =IF(COUNTIF(E16:ALS16, "*FOUND*") > 0, "", "F") | B16: =IF(COUNTA(F16:AO16)>0, COUNTA(F16:AO16), "") -> 36 | C16: Node(128) | D16: 13 | E16: 127.0.0.1:6000 - 127.0.0.1:6051 | F16: 127.0.0.1:6000 | G16: 127.0.0.1:6081 | H16: 127.0.0.1:6092 | I16: 127.0.0.1:6042 | J16: 127.0.0.1:6001 | K16: 127.0.0.1:6115 | L16: 127.0.0.1:6019 | M16: 127.0.0.1:6076 | N16: 127.0.0.1:6037 | O16: 127.0.0.1:6047 | P16: 127.0.0.1:6118 | Q16: 127.0.0.1:6030 | R16: 127.0.0.1:6026 | S16: 127.0.0.1:6049 | T16: 127.0.0.1:6049 | U16: 127.0.0.1:6038 | V16: 127.0.0.1:6085 | W16: 127.0.0.1:6108 | X16: 127.0.0.1:6089 | Y16: 127.0.0.1:6084 | Z16: 127.0.0.1:6001 | AA16: 127.0.0.1:6066 | AB16: 127.0.0.1:6101 | AC16: 127.0.0.1:6107 | AD16: 127.0.0.1:6078 | AE16: 127.0.0.1:6089 | AF16: 127.0.0.1:6001 | AG16: 127.0.0.1:6001 | AH16: 127.0.0.1:6013 | AI16: 127.0.0.1:6088 | AJ16: 127.0.0.1:6126 | AK16: 127.0.0.1:6126 | AL16: 127.0.0.1:6041 | AM16: 127.0.0.1:6020 | AN16: 127.0.0.1:6118 | AO16: 127.0.0.1:6101 | AP16: 127.0.0.1:6045 | AQ16: 127.0.0.1:6108 | AR16: 127.0.0.1:6095 | AS16: 127.0.0.1:6052 | AT16: 127.0.0.1:6034 | AU16: 127.0.0.1:6076 | AV16: 127.0.0.1:6020 | AW16: 127.0.0.1:6120 | AX16: 127.0.0.1:6120 | AY16: 127.0.0.1:6106 | AZ16: 127.0.0.1:6011 | BA16: 127.0.0.1:6092 | BB16: 127.0.0.1:6095 | BC16: 127.0.0.1:6061 | BD16: 127.0.0.1:6023 | BE16: 127.0.0.1:6056 | BF16: 127.0.0.1:6070 | BG16: 127.0.0.1:6092 | BH16: 127.0.0.1:6127 | BI16: 127.0.0.1:6076 | BJ16: 127.0.0.1:6044 | BK16: 127.0.0.1:6101 | BL16: 127.0.0.1:6108 | BM16: 127.0.0.1:6074 | BN16: 127.0.0.1:6048 | BO16: 127.0.0.1:6010 | BP16: 127.0.0.1:6090 | BQ16: 127.0.0.1:6056 | BR16: 127.0.0.1:6043 | BS16: 127.0.0.1:6104 | BT16: 127.0.0.1:6105 | BU16: 127.0.0.1:6001 | BV16: 127.0.0.1:6098 | BW16: 127.0.0.1:6083 | BX16: 127.0.0.1:6094 | BY16: 127.0.0.1:6035 | BZ16: 127.0.0.1:6106 | CA16: 127.0.0.1:6099 | CB16: 127.0.0.1:6109 | CC16: 127.0.0.1:6004 | CD16: 127.0.0.1:6042 | CE16: 127.0.0.1:6012 | CF16: 127.0.0.1:6103 | CG16: 127.0.0.1:6103 | CH16: 127.0.0.1:6113 | CI16: 127.0.0.1:6113 | CJ16: 127.0.0.1:6040 | CK16: 127.0.0.1:6112 | CL16: 127.0.0.1:6095 | CM16: 127.0.0.1:6054 | CN16: 127.0.0.1:6026 | CO16: 127.0.0.1:6104 | CP16: 127.0.0.1:6034 | CQ16: 127.0.0.1:6044 | CR16: 127.0.0.1:6109 | CS16: 127.0.0.1:6061 | CT16: 127.0.0.1:6061 | CU16: 127.0.0.1:6055 | CV16: 127.0.0.1:6115 | CW16: 127.0.0.1:6127 | CX16: 127.0.0.1:6018 | CY16: 127.0.0.1:6107 | CZ16: 127.0.0.1:6054 | DA16: 127.0.0.1:6054 | DB16: 127.0.0.1:6017 | DC16: 127.0.0.1:6047 | DD16: 127.0.0.1:6044 | DE16: 127.0.0.1:6085 | DF16: 127.0.0.1:6078 | DG16: 127.0.0.1:6098 | DH16: 127.0.0.1:6017 | DI16: 127.0.0.1:6022 | DJ16: 127.0.0.1:6125 | DK16: 127.0.0.1:6089 | DL16: 127.0.0.1:6103 | DM16: 127.0.0.1:6040 | DN16: 127.0.0.1:6095 | DO16: 127.0.0.1:6094 | DP16: 127.0.0.1:6120 | DQ16: 127.0.0.1:6044 | DR16: 127.0.0.1:6001 | DS16: 127.0.0.1:6040 | DT16: 127.0.0.1:6052 | DU16: 127.0.0.1:6076 | DV16: 127.0.0.1:6109 | DW16: 127.0.0.1:6109 | DX16: 127.0.0.1:6023 | DY16: 127.0.0.1:6107 | DZ16: 127.0.0.1:6107 | EA16: 127.0.0.1:6026 | EB16: 127.0.0.1:6015 | EC16: 127.0.0.1:6103 | ED16: 127.0.0.1:6028 | EE16: 127.0.0.1:6011 | EF16: 127.0.0.1:6075 | EG16: 127.0.0.1:6061 | EH16: 127.0.0.1:6054 | EI16: 127.0.0.1:6116 | EJ16: 127.0.0.1:6094 | EK16: 127.0.0.1:6104 | EL16: 127.0.0.1:6104 | EM16: 127.0.0.1:6063 | EN16: 127.0.0.1:6085 | EO16: 127.0.0.1:6012 | EP16: 127.0.0.1:6113 | EQ16: 127.0.0.1:6005 | ER16: 127.0.0.1:6011 | ES16: 127.0.0.1:6011 | ET16: 127.0.0.1:6097 | EU16: 127.0.0.1:6027 | EV16: 127.0.0.1:6027 | EW16: 127.0.0.1:6109 | EX16: 127.0.0.1:6056 | EY16: 127.0.0.1:6085 | EZ16: 127.0.0.1:6119 | FA16: 127.0.0.1:6011 | FB16: 127.0.0.1:6101 | FC16: 127.0.0.1:6095 | FD16: 127.0.0.1:6074 | FE16: 127.0.0.1:6031 | FF16: 127.0.0.1:6089 | FG16: 127.0.0.1:6039 | FH16: 127.0.0.1:6039 | FI16: 127.0.0.1:6062 | FJ16: 127.0.0.1:6035 | FK16: 127.0.0.1:6010 | FL16: 127.0.0.1:6070 | FM16: 127.0.0.1:6009 | FN16: 127.0.0.1:6105 | FO16: 127.0.0.1:6040 | FP16: 127.0.0.1:6017 | FQ16: 127.0.0.1:6017 | FR16: 127.0.0.1:6067 | FS16: 127.0.0.1:6067 | FT16: 127.0.0.1:6116 | FU16: 127.0.0.1:6034 | FV16: 127.0.0.1:6081 | FW16: 127.0.0.1:6057 | FX16: 127.0.0.1:6057 | FY16: 127.0.0.1:6004 | FZ16: 127.0.0.1:6013 | GA16: 127.0.0.1:6095 | GB16: 127.0.0.1:6048 | GC16: 127.0.0.1:6027 | GD16: 127.0.0.1:6090 | GE16: 127.0.0.1:6107 | GF16: 127.0.0.1:6064 | GG16: 127.0.0.1:6049 | GH16: 127.0.0.1:6045 | GI16: 127.0.0.1:6042 | GJ16: 127.0.0.1:6095 | GK16: 127.0.0.1:6095 | GL16: 127.0.0.1:6032 | GM16: 127.0.0.1:6048 | GN16: 127.0.0.1:6064 | GO16: 127.0.0.1:6104 | GP16: 127.0.0.1:6060 | GQ16: 127.0.0.1:6092 | GR16: 127.0.0.1:6092 | GS16: 127.0.0.1:6080 | GT16: 127.0.0.1:6108 | GU16: 127.0.0.1:6108 | GV16: 127.0.0.1:6031 | GW16: 127.0.0.1:6083 | GX16: 127.0.0.1:6035 | GY16: 127.0.0.1:6071 | GZ16: 127.0.0.1:6061 | HA16: 127.0.0.1:6017 | HB16: 127.0.0.1:6116 | HC16: 127.0.0.1:6126 | HD16: 127.0.0.1:6127 | HE16: 127.0.0.1:6120 | HF16: 127.0.0.1:6011 | HG16: 127.0.0.1:6048 | HH16: 127.0.0.1:6104 | HI16: 127.0.0.1:6102 | HJ16: 127.0.0.1:6071 | HK16: 127.0.0.1:6076 | HL16: 127.0.0.1:6057 | HM16: 127.0.0.1:6078 | HN16: 127.0.0.1:6017 | HO16: 127.0.0.1:6110 | HP16: 127.0.0.1:6115 | HQ16: 127.0.0.1:6018 | HR16: 127.0.0.1:6078 | HS16: 127.0.0.1:6037 | HT16: 127.0.0.1:6020 | HU16: 127.0.0.1:6106 | HV16: 127.0.0.1:6102 | HW16: 127.0.0.1:6001 | HX16: 127.0.0.1:6086 | HY16: 127.0.0.1:6052 | HZ16: 127.0.0.1:6099 | IA16: 127.0.0.1:6107 | IB16: 127.0.0.1:6114 | IC16: 127.0.0.1:6003 | ID16: 127.0.0.1:6040 | IE16: 127.0.0.1:6019 | IF16: 127.0.0.1:6051 | IG16: # FOUND
A17: =IF(COUNTIF(E17:ALS17, "*FOUND*") > 0, "", "F") | B17: =IF(COUNTA(F17:AO17)>0, COUNTA(F17:AO17), "") -> 36 | C17: Node(128) | D17: 14 | E17: 127.0.0.1:6000 - 127.0.0.1:6123 | F17: 127.0.0.1:6000 | G17: 127.0.0.1:6071 | H17: 127.0.0.1:6071 | I17: 127.0.0.1:6057 | J17: 127.0.0.1:6007 | K17: 127.0.0.1:6009 | L17: 127.0.0.1:6001 | M17: 127.0.0.1:6061 | N17: 127.0.0.1:6100 | O17: 127.0.0.1:6034 | P17: 127.0.0.1:6034 | Q17: 127.0.0.1:6124 | R17: 127.0.0.1:6124 | S17: 127.0.0.1:6115 | T17: 127.0.0.1:6079 | U17: 127.0.0.1:6079 | V17: 127.0.0.1:6030 | W17: 127.0.0.1:6015 | X17: 127.0.0.1:6119 | Y17: 127.0.0.1:6003 | Z17: 127.0.0.1:6019 | AA17: 127.0.0.1:6011 | AB17: 127.0.0.1:6027 | AC17: 127.0.0.1:6064 | AD17: 127.0.0.1:6015 | AE17: 127.0.0.1:6015 | AF17: 127.0.0.1:6003 | AG17: 127.0.0.1:6003 | AH17: 127.0.0.1:6092 | AI17: 127.0.0.1:6024 | AJ17: 127.0.0.1:6122 | AK17: 127.0.0.1:6035 | AL17: 127.0.0.1:6035 | AM17: 127.0.0.1:6076 | AN17: 127.0.0.1:6076 | AO17: 127.0.0.1:6059 | AP17: 127.0.0.1:6020 | AQ17: 127.0.0.1:6066 | AR17: 127.0.0.1:6107 | AS17: 127.0.0.1:6070 | AT17: 127.0.0.1:6017 | AU17: 127.0.0.1:6072 | AV17: 127.0.0.1:6119 | AW17: 127.0.0.1:6119 | AX17: 127.0.0.1:6096 | AY17: 127.0.0.1:6003 | AZ17: 127.0.0.1:6071 | BA17: 127.0.0.1:6004 | BB17: 127.0.0.1:6054 | BC17: 127.0.0.1:6094 | BD17: 127.0.0.1:6094 | BE17: 127.0.0.1:6016 | BF17: 127.0.0.1:6104 | BG17: 127.0.0.1:6081 | BH17: 127.0.0.1:6001 | BI17: 127.0.0.1:6115 | BJ17: 127.0.0.1:6085 | BK17: 127.0.0.1:6085 | BL17: 127.0.0.1:6015 | BM17: 127.0.0.1:6092 | BN17: 127.0.0.1:6108 | BO17: 127.0.0.1:6122 | BP17: 127.0.0.1:6122 | BQ17: 127.0.0.1:6071 | BR17: 127.0.0.1:6025 | BS17: 127.0.0.1:6103 | BT17: 127.0.0.1:6112 | BU17: 127.0.0.1:6052 | BV17: 127.0.0.1:6052 | BW17: 127.0.0.1:6061 | BX17: 127.0.0.1:6115 | BY17: 127.0.0.1:6115 | BZ17: 127.0.0.1:6119 | CA17: 127.0.0.1:6019 | CB17: 127.0.0.1:6092 | CC17: 127.0.0.1:6122 | CD17: 127.0.0.1:6057 | CE17: 127.0.0.1:6006 | CF17: 127.0.0.1:6084 | CG17: 127.0.0.1:6013 | CH17: 127.0.0.1:6054 | CI17: 127.0.0.1:6119 | CJ17: 127.0.0.1:6041 | CK17: 127.0.0.1:6101 | CL17: 127.0.0.1:6101 | CM17: 127.0.0.1:6048 | CN17: 127.0.0.1:6122 | CO17: 127.0.0.1:6007 | CP17: 127.0.0.1:6042 | CQ17: 127.0.0.1:6021 | CR17: 127.0.0.1:6016 | CS17: 127.0.0.1:6016 | CT17: 127.0.0.1:6034 | CU17: 127.0.0.1:6115 | CV17: 127.0.0.1:6019 | CW17: 127.0.0.1:6019 | CX17: 127.0.0.1:6126 | CY17: 127.0.0.1:6076 | CZ17: 127.0.0.1:6018 | DA17: 127.0.0.1:6037 | DB17: 127.0.0.1:6106 | DC17: 127.0.0.1:6001 | DD17: 127.0.0.1:6066 | DE17: 127.0.0.1:6085 | DF17: 127.0.0.1:6003 | DG17: 127.0.0.1:6007 | DH17: 127.0.0.1:6084 | DI17: 127.0.0.1:6040 | DJ17: 127.0.0.1:6011 | DK17: 127.0.0.1:6049 | DL17: 127.0.0.1:6104 | DM17: 127.0.0.1:6003 | DN17: 127.0.0.1:6040 | DO17: 127.0.0.1:6040 | DP17: 127.0.0.1:6005 | DQ17: 127.0.0.1:6005 | DR17: 127.0.0.1:6053 | DS17: 127.0.0.1:6011 | DT17: 127.0.0.1:6092 | DU17: 127.0.0.1:6071 | DV17: 127.0.0.1:6009 | DW17: 127.0.0.1:6112 | DX17: 127.0.0.1:6061 | DY17: 127.0.0.1:6018 | DZ17: 127.0.0.1:6047 | EA17: 127.0.0.1:6022 | EB17: 127.0.0.1:6081 | EC17: 127.0.0.1:6115 | ED17: 127.0.0.1:6127 | EE17: 127.0.0.1:6101 | EF17: 127.0.0.1:6036 | EG17: 127.0.0.1:6071 | EH17: 127.0.0.1:6001 | EI17: 127.0.0.1:6001 | EJ17: 127.0.0.1:6013 | EK17: 127.0.0.1:6119 | EL17: 127.0.0.1:6035 | EM17: 127.0.0.1:6059 | EN17: 127.0.0.1:6066 | EO17: 127.0.0.1:6013 | EP17: 127.0.0.1:6030 | EQ17: 127.0.0.1:6098 | ER17: 127.0.0.1:6119 | ES17: 127.0.0.1:6037 | ET17: 127.0.0.1:6011 | EU17: 127.0.0.1:6075 | EV17: 127.0.0.1:6116 | EW17: 127.0.0.1:6049 | EX17: 127.0.0.1:6081 | EY17: 127.0.0.1:6081 | EZ17: 127.0.0.1:6085 | FA17: 127.0.0.1:6092 | FB17: 127.0.0.1:6004 | FC17: 127.0.0.1:6018 | FD17: 127.0.0.1:6123 | FE17: # FOUND
A18: =IF(COUNTIF(E18:ALS18, "*FOUND*") > 0, "", "F") | B18: =IF(COUNTA(F18:AO18)>0, COUNTA(F18:AO18), "") -> 36 | C18: Node(128) | D18: 15 | E18: 127.0.0.1:6000 - 127.0.0.1:6117 | F18: 127.0.0.1:6000 | G18: 127.0.0.1:6061 | H18: 127.0.0.1:6023 | I18: 127.0.0.1:6064 | J18: 127.0.0.1:6025 | K18: 127.0.0.1:6017 | L18: 127.0.0.1:6034 | M18: 127.0.0.1:6119 | N18: 127.0.0.1:6011 | O18: 127.0.0.1:6011 | P18: 127.0.0.1:6097 | Q18: 127.0.0.1:6049 | R18: 127.0.0.1:6092 | S18: 127.0.0.1:6042 | T18: 127.0.0.1:6120 | U18: 127.0.0.1:6036 | V18: 127.0.0.1:6052 | W18: 127.0.0.1:6054 | X18: 127.0.0.1:6037 | Y18: 127.0.0.1:6114 | Z18: 127.0.0.1:6007 | AA18: 127.0.0.1:6040 | AB18: 127.0.0.1:6053 | AC18: 127.0.0.1:6053 | AD18: 127.0.0.1:6028 | AE18: 127.0.0.1:6028 | AF18: 127.0.0.1:6088 | AG18: 127.0.0.1:6011 | AH18: 127.0.0.1:6101 | AI18: 127.0.0.1:6000 | AJ18: 127.0.0.1:6000 | AK18: 127.0.0.1:6027 | AL18: 127.0.0.1:6049 | AM18: 127.0.0.1:6006 | AN18: 127.0.0.1:6013 | AO18: 127.0.0.1:6013 | AP18: 127.0.0.1:6012 | AQ18: 127.0.0.1:6088 | AR18: 127.0.0.1:6088 | AS18: 127.0.0.1:6075 | AT18: 127.0.0.1:6126 | AU18: 127.0.0.1:6123 | AV18: 127.0.0.1:6101 | AW18: 127.0.0.1:6107 | AX18: 127.0.0.1:6022 | AY18: 127.0.0.1:6092 | AZ18: 127.0.0.1:6095 | BA18: 127.0.0.1:6083 | BB18: 127.0.0.1:6036 | BC18: 127.0.0.1:6036 | BD18: 127.0.0.1:6010 | BE18: 127.0.0.1:6102 | BF18: 127.0.0.1:6034 | BG18: 127.0.0.1:6041 | BH18: 127.0.0.1:6092 | BI18: 127.0.0.1:6127 | BJ18: 127.0.0.1:6108 | BK18: 127.0.0.1:6071 | BL18: 127.0.0.1:6061 | BM18: 127.0.0.1:6061 | BN18: 127.0.0.1:6055 | BO18: 127.0.0.1:6018 | BP18: 127.0.0.1:6120 | BQ18: 127.0.0.1:6104 | BR18: 127.0.0.1:6071 | BS18: 127.0.0.1:6076 | BT18: 127.0.0.1:6037 | BU18: 127.0.0.1:6111 | BV18: 127.0.0.1:6105 | BW18: 127.0.0.1:6052 | BX18: 127.0.0.1:6017 | BY18: 127.0.0.1:6019 | BZ18: 127.0.0.1:6041 | CA18: 127.0.0.1:6041 | CB18: 127.0.0.1:6127 | CC18: 127.0.0.1:6127 | CD18: 127.0.0.1:6046 | CE18: 127.0.0.1:6120 | CF18: 127.0.0.1:6105 | CG18: 127.0.0.1:6034 | CH18: 127.0.0.1:6076 | CI18: 127.0.0.1:6020 | CJ18: 127.0.0.1:6101 | CK18: 127.0.0.1:6045 | CL18: 127.0.0.1:6072 | CM18: 127.0.0.1:6029 | CN18: 127.0.0.1:6120 | CO18: 127.0.0.1:6120 | CP18: 127.0.0.1:6106 | CQ18: 127.0.0.1:6106 | CR18: 127.0.0.1:6050 | CS18: 127.0.0.1:6044 | CT18: 127.0.0.1:6044 | CU18: 127.0.0.1:6066 | CV18: 127.0.0.1:6066 | CW18: 127.0.0.1:6068 | CX18: 127.0.0.1:6011 | CY18: 127.0.0.1:6048 | CZ18: 127.0.0.1:6083 | DA18: 127.0.0.1:6083 | DB18: 127.0.0.1:6039 | DC18: 127.0.0.1:6052 | DD18: 127.0.0.1:6034 | DE18: 127.0.0.1:6044 | DF18: 127.0.0.1:6079 | DG18: 127.0.0.1:6011 | DH18: 127.0.0.1:6027 | DI18: 127.0.0.1:6081 | DJ18: 127.0.0.1:6003 | DK18: 127.0.0.1:6019 | DL18: 127.0.0.1:6074 | DM18: 127.0.0.1:6074 | DN18: 127.0.0.1:6035 | DO18: 127.0.0.1:6047 | DP18: 127.0.0.1:6009 | DQ18: 127.0.0.1:6110 | DR18: 127.0.0.1:6041 | DS18: 127.0.0.1:6074 | DT18: 127.0.0.1:6076 | DU18: 127.0.0.1:6044 | DV18: 127.0.0.1:6030 | DW18: 127.0.0.1:6030 | DX18: 127.0.0.1:6011 | DY18: 127.0.0.1:6049 | DZ18: 127.0.0.1:6110 | EA18: 127.0.0.1:6020 | EB18: 127.0.0.1:6091 | EC18: 127.0.0.1:6104 | ED18: 127.0.0.1:6105 | EE18: 127.0.0.1:6106 | EF18: 127.0.0.1:6087 | EG18: 127.0.0.1:6011 | EH18: 127.0.0.1:6092 | EI18: 127.0.0.1:6092 | EJ18: 127.0.0.1:6080 | EK18: 127.0.0.1:6031 | EL18: 127.0.0.1:6035 | EM18: 127.0.0.1:6106 | EN18: 127.0.0.1:6044 | EO18: 127.0.0.1:6011 | EP18: 127.0.0.1:6075 | EQ18: 127.0.0.1:6101 | ER18: 127.0.0.1:6108 | ES18: 127.0.0.1:6078 | ET18: 127.0.0.1:6078 | EU18: 127.0.0.1:6025 | EV18: 127.0.0.1:6037 | EW18: 127.0.0.1:6037 | EX18: 127.0.0.1:6047 | EY18: 127.0.0.1:6047 | EZ18: 127.0.0.1:6051 | FA18: 127.0.0.1:6009 | FB18: 127.0.0.1:6020 | FC18: 127.0.0.1:6042 | FD18: 127.0.0.1:6042 | FE18: 127.0.0.1:6089 | FF18: 127.0.0.1:6094 | FG18: 127.0.0.1:6034 | FH18: 127.0.0.1:6081 | FI18: 127.0.0.1:6092 | FJ18: 127.0.0.1:6024 | FK18: 127.0.0.1:6071 | FL18: 127.0.0.1:6071 | FM18: 127.0.0.1:6057 | FN18: 127.0.0.1:6001 | FO18: 127.0.0.1:6098 | FP18: 127.0.0.1:6011 | FQ18: 127.0.0.1:6011 | FR18: 127.0.0.1:6097 | FS18: 127.0.0.1:6092 | FT18: 127.0.0.1:6108 | FU18: 127.0.0.1:6089 | FV18: 127.0.0.1:6120 | FW18: 127.0.0.1:6044 | FX18: 127.0.0.1:6101 | FY18: 127.0.0.1:6095 | FZ18: 127.0.0.1:6039 | GA18: 127.0.0.1:6061 | GB18: 127.0.0.1:6054 | GC18: 127.0.0.1:6026 | GD18: 127.0.0.1:6025 | GE18: 127.0.0.1:6025 | GF18: 127.0.0.1:6111 | GG18: 127.0.0.1:6113 | GH18: 127.0.0.1:6075 | GI18: 127.0.0.1:6075 | GJ18: 127.0.0.1:6112 | GK18: 127.0.0.1:6014 | GL18: 127.0.0.1:6014 | GM18: 127.0.0.1:6033 | GN18: 127.0.0.1:6127 | GO18: 127.0.0.1:6029 | GP18: 127.0.0.1:6048 | GQ18: 127.0.0.1:6048 | GR18: 127.0.0.1:6036 | GS18: 127.0.0.1:6099 | GT18: 127.0.0.1:6022 | GU18: 127.0.0.1:6009 | GV18: 127.0.0.1:6009 | GW18: 127.0.0.1:6006 | GX18: 127.0.0.1:6086 | GY18: 127.0.0.1:6061 | GZ18: 127.0.0.1:6017 | HA18: 127.0.0.1:6047 | HB18: 127.0.0.1:6123 | HC18: 127.0.0.1:6049 | HD18: 127.0.0.1:6049 | HE18: 127.0.0.1:6038 | HF18: 127.0.0.1:6092 | HG18: 127.0.0.1:6122 | HH18: 127.0.0.1:6105 | HI18: 127.0.0.1:6105 | HJ18: 127.0.0.1:6084 | HK18: 127.0.0.1:6052 | HL18: 127.0.0.1:6076 | HM18: 127.0.0.1:6109 | HN18: 127.0.0.1:6107 | HO18: 127.0.0.1:6125 | HP18: 127.0.0.1:6094 | HQ18: 127.0.0.1:6124 | HR18: 127.0.0.1:6119 | HS18: 127.0.0.1:6003 | HT18: 127.0.0.1:6003 | HU18: 127.0.0.1:6092 | HV18: 127.0.0.1:6071 | HW18: 127.0.0.1:6004 | HX18: 127.0.0.1:6004 | HY18: 127.0.0.1:6093 | HZ18: 127.0.0.1:6093 | IA18: 127.0.0.1:6078 | IB18: 127.0.0.1:6111 | IC18: 127.0.0.1:6017 | ID18: 127.0.0.1:6022 | IE18: 127.0.0.1:6116 | IF18: 127.0.0.1:6116 | IG18: 127.0.0.1:6110 | IH18: 127.0.0.1:6038 | II18: 127.0.0.1:6006 | IJ18: 127.0.0.1:6014 | IK18: 127.0.0.1:6058 | IL18: 127.0.0.1:6127 | IM18: 127.0.0.1:6074 | IN18: 127.0.0.1:6037 | IO18: 127.0.0.1:6020 | IP18: 127.0.0.1:6020 | IQ18: 127.0.0.1:6065 | IR18: 127.0.0.1:6082 | IS18: 127.0.0.1:6050 | IT18: 127.0.0.1:6079 | IU18: 127.0.0.1:6101 | IV18: 127.0.0.1:6101 | IW18: 127.0.0.1:6048 | IX18: 127.0.0.1:6010 | IY18: 127.0.0.1:6071 | IZ18: 127.0.0.1:6025 | JA18: 127.0.0.1:6007 | JB18: 127.0.0.1:6017 | JC18: 127.0.0.1:6017 | JD18: 127.0.0.1:6067 | JE18: 127.0.0.1:6110 | JF18: 127.0.0.1:6110 | JG18: 127.0.0.1:6014 | JH18: 127.0.0.1:6100 | JI18: 127.0.0.1:6115 | JJ18: 127.0.0.1:6018 | JK18: 127.0.0.1:6030 | JL18: 127.0.0.1:6048 | JM18: 127.0.0.1:6027 | JN18: 127.0.0.1:6057 | JO18: 127.0.0.1:6061 | JP18: 127.0.0.1:6100 | JQ18: 127.0.0.1:6127 | JR18: 127.0.0.1:6035 | JS18: 127.0.0.1:6010 | JT18: 127.0.0.1:6052 | JU18: 127.0.0.1:6099 | JV18: 127.0.0.1:6081 | JW18: 127.0.0.1:6057 | JX18: 127.0.0.1:6059 | JY18: 127.0.0.1:6109 | JZ18: 127.0.0.1:6026 | KA18: 127.0.0.1:6017 | KB18: 127.0.0.1:6116 | KC18: 127.0.0.1:6100 | KD18: 127.0.0.1:6082 | KE18: 127.0.0.1:6068 | KF18: 127.0.0.1:6101 | KG18: 127.0.0.1:6036 | KH18: 127.0.0.1:6000 | KI18: 127.0.0.1:6109 | KJ18: 127.0.0.1:6070 | KK18: 127.0.0.1:6070 | KL18: 127.0.0.1:6022 | KM18: 127.0.0.1:6022 | KN18: 127.0.0.1:6049 | KO18: 127.0.0.1:6045 | KP18: 127.0.0.1:6045 | KQ18: 127.0.0.1:6125 | KR18: 127.0.0.1:6125 | KS18: 127.0.0.1:6104 | KT18: 127.0.0.1:6034 | KU18: 127.0.0.1:6034 | KV18: 127.0.0.1:6124 | KW18: 127.0.0.1:6019 | KX18: 127.0.0.1:6076 | KY18: 127.0.0.1:6057 | KZ18: 127.0.0.1:6057 | LA18: 127.0.0.1:6004 | LB18: 127.0.0.1:6078 | LC18: 127.0.0.1:6007 | LD18: 127.0.0.1:6047 | LE18: 127.0.0.1:6020 | LF18: 127.0.0.1:6077 | LG18: 127.0.0.1:6106 | LH18: 127.0.0.1:6068 | LI18: 127.0.0.1:6107 | LJ18: 127.0.0.1:6015 | LK18: 127.0.0.1:6122 | LL18: 127.0.0.1:6052 | LM18: 127.0.0.1:6052 | LN18: 127.0.0.1:6061 | LO18: 127.0.0.1:6115 | LP18: 127.0.0.1:6079 | LQ18: 127.0.0.1:6107 | LR18: 127.0.0.1:6078 | LS18: 127.0.0.1:6009 | LT18: 127.0.0.1:6042 | LU18: 127.0.0.1:6105 | LV18: 127.0.0.1:6001 | LW18: 127.0.0.1:6040 | LX18: 127.0.0.1:6028 | LY18: 127.0.0.1:6075 | LZ18: 127.0.0.1:6086 | MA18: 127.0.0.1:6100 | MB18: 127.0.0.1:6043 | MC18: 127.0.0.1:6102 | MD18: 127.0.0.1:6102 | ME18: 127.0.0.1:6081 | MF18: 127.0.0.1:6001 | MG18: 127.0.0.1:6086 | MH18: 127.0.0.1:6127 | MI18: 127.0.0.1:6076 | MJ18: 127.0.0.1:6076 | MK18: 127.0.0.1:6059 | ML18: 127.0.0.1:6004 | MM18: 127.0.0.1:6025 | MN18: 127.0.0.1:6009 | MO18: 127.0.0.1:6105 | MP18: 127.0.0.1:6040 | MQ18: 127.0.0.1:6075 | MR18: 127.0.0.1:6083 | MS18: 127.0.0.1:6052 | MT18: 127.0.0.1:6054 | MU18: 127.0.0.1:6054 | MV18: 127.0.0.1:6017 | MW18: 127.0.0.1:6110 | MX18: 127.0.0.1:6100 | MY18: 127.0.0.1:6100 | MZ18: 127.0.0.1:6072 | NA18: 127.0.0.1:6120 | NB18: 127.0.0.1:6011 | NC18: 127.0.0.1:6101 | ND18: 127.0.0.1:6000 | NE18: 127.0.0.1:6107 | NF18: 127.0.0.1:6054 | NG18: 127.0.0.1:6116 | NH18: 127.0.0.1:6094 | NI18: 127.0.0.1:6119 | NJ18: 127.0.0.1:6119 | NK18: 127.0.0.1:6096 | NL18: 127.0.0.1:6096 | NM18: 127.0.0.1:6019 | NN18: 127.0.0.1:6051 | NO18: 127.0.0.1:6051 | NP18: 127.0.0.1:6123 | NQ18: 127.0.0.1:6009 | NR18: 127.0.0.1:6001 | NS18: 127.0.0.1:6061 | NT18: 127.0.0.1:6018 | NU18: 127.0.0.1:6107 | NV18: 127.0.0.1:6107 | NW18: 127.0.0.1:6026 | NX18: 127.0.0.1:6026 | NY18: 127.0.0.1:6064 | NZ18: 127.0.0.1:6017 | OA18: 127.0.0.1:6072 | OB18: 127.0.0.1:6125 | OC18: 127.0.0.1:6060 | OD18: 127.0.0.1:6071 | OE18: 127.0.0.1:6009 | OF18: 127.0.0.1:6112 | OG18: 127.0.0.1:6041 | OH18: 127.0.0.1:6035 | OI18: 127.0.0.1:6071 | OJ18: 127.0.0.1:6001 | OK18: 127.0.0.1:6115 | OL18: 127.0.0.1:6085 | OM18: 127.0.0.1:6108 | ON18: 127.0.0.1:6095 | OO18: 127.0.0.1:6052 | OP18: 127.0.0.1:6017 | OQ18: 127.0.0.1:6034 | OR18: 127.0.0.1:6115 | OS18: 127.0.0.1:6115 | OT18: 127.0.0.1:6119 | OU18: 127.0.0.1:6019 | OV18: 127.0.0.1:6011 | OW18: 127.0.0.1:6048 | OX18: 127.0.0.1:6064 | OY18: 127.0.0.1:6064 | OZ18: 127.0.0.1:6114 | PA18: 127.0.0.1:6017 | PB18: 127.0.0.1:6019 | PC18: 127.0.0.1:6092 | PD18: 127.0.0.1:6004 | PE18: 127.0.0.1:6007 | PF18: 127.0.0.1:6007 | PG18: 127.0.0.1:6009 | PH18: 127.0.0.1:6110 | PI18: 127.0.0.1:6072 | PJ18: 127.0.0.1:6072 | PK18: 127.0.0.1:6021 | PL18: 127.0.0.1:6034 | PM18: 127.0.0.1:6119 | PN18: 127.0.0.1:6041 | PO18: 127.0.0.1:6059 | PP18: 127.0.0.1:6059 | PQ18: 127.0.0.1:6018 | PR18: 127.0.0.1:6078 | PS18: 127.0.0.1:6089 | PT18: 127.0.0.1:6089 | PU18: 127.0.0.1:6105 | PV18: 127.0.0.1:6052 | PW18: 127.0.0.1:6034 | PX18: 127.0.0.1:6041 | PY18: 127.0.0.1:6020 | PZ18: 127.0.0.1:6082 | QA18: 127.0.0.1:6101 | QB18: 127.0.0.1:6107 | QC18: 127.0.0.1:6064 | QD18: 127.0.0.1:6069 | QE18: 127.0.0.1:6038 | QF18: 127.0.0.1:6014 | QG18: 127.0.0.1:6072 | QH18: 127.0.0.1:6094 | QI18: 127.0.0.1:6035 | QJ18: 127.0.0.1:6035 | QK18: 127.0.0.1:6076 | QL18: 127.0.0.1:6018 | QM18: 127.0.0.1:6018 | QN18: 127.0.0.1:6037 | QO18: 127.0.0.1:6106 | QP18: 127.0.0.1:6011 | QQ18: 127.0.0.1:6027 | QR18: 127.0.0.1:6061 | QS18: 127.0.0.1:6023 | QT18: 127.0.0.1:6070 | QU18: 127.0.0.1:6049 | QV18: 127.0.0.1:6104 | QW18: 127.0.0.1:6104 | QX18: 127.0.0.1:6063 | QY18: 127.0.0.1:6003 | QZ18: 127.0.0.1:6071 | RA18: 127.0.0.1:6061 | RB18: 127.0.0.1:6061 | RC18: 127.0.0.1:6055 | RD18: 127.0.0.1:6056 | RE18: 127.0.0.1:6004 | RF18: 127.0.0.1:6009 | RG18: 127.0.0.1:6020 | RH18: 127.0.0.1:6118 | RI18: 127.0.0.1:6045 | RJ18: 127.0.0.1:6104 | RK18: 127.0.0.1:6060 | RL18: 127.0.0.1:6084 | RM18: 127.0.0.1:6034 | RN18: 127.0.0.1:6076 | RO18: 127.0.0.1:6037 | RP18: 127.0.0.1:6011 | RQ18: 127.0.0.1:6049 | RR18: 127.0.0.1:6081 | RS18: 127.0.0.1:6115 | RT18: 127.0.0.1:6019 | RU18: 127.0.0.1:6019 | RV18: 127.0.0.1:6126 | RW18: 127.0.0.1:6101 | RX18: 127.0.0.1:6045 | RY18: 127.0.0.1:6063 | RZ18: 127.0.0.1:6071 | SA18: 127.0.0.1:6076 | SB18: 127.0.0.1:6020 | SC18: 127.0.0.1:6120 | SD18: 127.0.0.1:6036 | SE18: 127.0.0.1:6109 | SF18: 127.0.0.1:6091 | SG18: 127.0.0.1:6102 | SH18: 127.0.0.1:6085 | SI18: 127.0.0.1:6078 | SJ18: 127.0.0.1:6098 | SK18: 127.0.0.1:6098 | SL18: 127.0.0.1:6103 | SM18: 127.0.0.1:6039 | SN18: 127.0.0.1:6017 | SO18: 127.0.0.1:6047 | SP18: 127.0.0.1:6118 | SQ18: 127.0.0.1:6042 | SR18: 127.0.0.1:6001 | SS18: 127.0.0.1:6066 | ST18: 127.0.0.1:6079 | SU18: 127.0.0.1:6085 | SV18: 127.0.0.1:6012 | SW18: 127.0.0.1:6095 | SX18: 127.0.0.1:6061 | SY18: 127.0.0.1:6054 | SZ18: 127.0.0.1:6094 | TA18: 127.0.0.1:6120 | TB18: 127.0.0.1:6104 | TC18: 127.0.0.1:6102 | TD18: 127.0.0.1:6092 | TE18: 127.0.0.1:6042 | TF18: 127.0.0.1:6012 | TG18: 127.0.0.1:6054 | TH18: 127.0.0.1:6119 | TI18: 127.0.0.1:6035 | TJ18: 127.0.0.1:6059 | TK18: 127.0.0.1:6037 | TL18: 127.0.0.1:6114 | TM18: 127.0.0.1:6114 | TN18: 127.0.0.1:6069 | TO18: 127.0.0.1:6060 | TP18: 127.0.0.1:6034 | TQ18: 127.0.0.1:6044 | TR18: 127.0.0.1:6109 | TS18: 127.0.0.1:6085 | TT18: 127.0.0.1:6119 | TU18: 127.0.0.1:6037 | TV18: 127.0.0.1:6111 | TW18: 127.0.0.1:6047 | TX18: 127.0.0.1:6044 | TY18: 127.0.0.1:6085 | TZ18: 127.0.0.1:6085 | UA18: 127.0.0.1:6015 | UB18: 127.0.0.1:6025 | UC18: 127.0.0.1:6105 | UD18: 127.0.0.1:6034 | UE18: 127.0.0.1:6081 | UF18: 127.0.0.1:6081 | UG18: 127.0.0.1:6085 | UH18: 127.0.0.1:6003 | UI18: 127.0.0.1:6007 | UJ18: 127.0.0.1:6042 | UK18: 127.0.0.1:6095 | UL18: 127.0.0.1:6054 | UM18: 127.0.0.1:6037 | UN18: 127.0.0.1:6037 | UO18: 127.0.0.1:6047 | UP18: 127.0.0.1:6011 | UQ18: 127.0.0.1:6092 | UR18: 127.0.0.1:6095 | US18: 127.0.0.1:6094 | UT18: 127.0.0.1:6104 | UU18: 127.0.0.1:6081 | UV18: 127.0.0.1:6003 | UW18: 127.0.0.1:6040 | UX18: 127.0.0.1:6112 | UY18: 127.0.0.1:6101 | UZ18: 127.0.0.1:6108 | VA18: 127.0.0.1:6074 | VB18: 127.0.0.1:6120 | VC18: 127.0.0.1:6105 | VD18: 127.0.0.1:6106 | VE18: 127.0.0.1:6099 | VF18: 127.0.0.1:6071 | VG18: 127.0.0.1:6071 | VH18: 127.0.0.1:6057 | VI18: 127.0.0.1:6078 | VJ18: 127.0.0.1:6017 | VK18: 127.0.0.1:6022 | VL18: 127.0.0.1:6038 | VM18: 127.0.0.1:6038 | VN18: 127.0.0.1:6091 | VO18: 127.0.0.1:6085 | VP18: 127.0.0.1:6092 | VQ18: 127.0.0.1:6127 | VR18: 127.0.0.1:6018 | VS18: 127.0.0.1:6047 | VT18: 127.0.0.1:6022 | VU18: 127.0.0.1:6125 | VV18: 127.0.0.1:6081 | VW18: 127.0.0.1:6092 | VX18: 127.0.0.1:6092 | VY18: 127.0.0.1:6080 | VZ18: 127.0.0.1:6122 | WA18: 127.0.0.1:6035 | WB18: 127.0.0.1:6047 | WC18: 127.0.0.1:6009 | WD18: 127.0.0.1:6009 | WE18: 127.0.0.1:6006 | WF18: 127.0.0.1:6020 | WG18: 127.0.0.1:6106 | WH18: 127.0.0.1:6102 | WI18: 127.0.0.1:6071 | WJ18: 127.0.0.1:6004 | WK18: 127.0.0.1:6042 | WL18: 127.0.0.1:6021 | WM18: 127.0.0.1:6119 | WN18: 127.0.0.1:6011 | WO18: 127.0.0.1:6075 | WP18: 127.0.0.1:6061 | WQ18: 127.0.0.1:6017 | WR18: 127.0.0.1:6017 | WS18: 127.0.0.1:6067 | WT18: 127.0.0.1:6072 | WU18: 127.0.0.1:6034 | WV18: 127.0.0.1:6034 | WW18: 127.0.0.1:6124 | WX18: 127.0.0.1:6041 | WY18: 127.0.0.1:6101 | WZ18: 127.0.0.1:6095 | XA18: 127.0.0.1:6074 | XB18: 127.0.0.1:6048 | XC18: 127.0.0.1:6104 | XD18: 127.0.0.1:6003 | XE18: 127.0.0.1:6019 | XF18: 127.0.0.1:6041 | XG18: 127.0.0.1:6092 | XH18: 127.0.0.1:6024 | XI18: 127.0.0.1:6078 | XJ18: 127.0.0.1:6037 | XK18: 127.0.0.1:6020 | XL18: 127.0.0.1:6066 | XM18: 127.0.0.1:6030 | XN18: 127.0.0.1:6026 | XO18: 127.0.0.1:6114 | XP18: 127.0.0.1:6070 | XQ18: 127.0.0.1:6038 | XR18: 127.0.0.1:6043 | XS18: 127.0.0.1:6085 | XT18: 127.0.0.1:6108 | XU18: 127.0.0.1:6108 | XV18: 127.0.0.1:6031 | XW18: 127.0.0.1:6031 | XX18: 127.0.0.1:6002 | XY18: 127.0.0.1:6002 | XZ18: 127.0.0.1:6122 | YA18: 127.0.0.1:6122 | YB18: 127.0.0.1:6071 | YC18: 127.0.0.1:6025 | YD18: 127.0.0.1:6103 | YE18: 127.0.0.1:6017 | YF18: 127.0.0.1:6116 | YG18: 127.0.0.1:6034 | YH18: 127.0.0.1:6115 | YI18: 127.0.0.1:6127 | YJ18: 127.0.0.1:6120 | YK18: 127.0.0.1:6120 | YL18: 127.0.0.1:6106 | YM18: 127.0.0.1:6001 | YN18: 127.0.0.1:6001 | YO18: 127.0.0.1:6013 | YP18: 127.0.0.1:6098 | YQ18: 127.0.0.1:6113 | YR18: 127.0.0.1:6086 | YS18: 127.0.0.1:6101 | YT18: 127.0.0.1:6101 | YU18: 127.0.0.1:6048 | YV18: 127.0.0.1:6122 | YW18: 127.0.0.1:6057 | YX18: 127.0.0.1:6007 | YY18: 127.0.0.1:6084 | YZ18: 127.0.0.1:6106 | ZA18: 127.0.0.1:6106 | ZB18: 127.0.0.1:6050 | ZC18: 127.0.0.1:6011 | ZD18: 127.0.0.1:6011 | ZE18: 127.0.0.1:6097 | ZF18: 127.0.0.1:6075 | ZG18: 127.0.0.1:6116 | ZH18: 127.0.0.1:6126 | ZI18: 127.0.0.1:6092 | ZJ18: 127.0.0.1:6108 | ZK18: 127.0.0.1:6122 | ZL18: 127.0.0.1:6007 | ZM18: 127.0.0.1:6040 | ZN18: 127.0.0.1:6095 | ZO18: 127.0.0.1:6048 | ZP18: 127.0.0.1:6083 | ZQ18: 127.0.0.1:6061 | ZR18: 127.0.0.1:6100 | ZS18: 127.0.0.1:6021 | ZT18: 127.0.0.1:6074 | ZU18: 127.0.0.1:6031 | ZV18: 127.0.0.1:6122 | ZW18: 127.0.0.1:6105 | ZX18: 127.0.0.1:6105 | ZY18: 127.0.0.1:6084 | ZZ18: 127.0.0.1:6084 | AAA18: 127.0.0.1:6121 | AAB18: 127.0.0.1:6106 | AAC18: 127.0.0.1:6087 | AAD18: 127.0.0.1:6099 | AAE18: 127.0.0.1:6061 | AAF18: 127.0.0.1:6115 | AAG18: 127.0.0.1:6018 | AAH18: 127.0.0.1:6123 | AAI18: 127.0.0.1:6123 | AAJ18: 127.0.0.1:6117 | AAK18: # FOUND
A19: =IF(COUNTIF(E19:ALS19, "*FOUND*") > 0, "", "F") | B19: =IF(COUNTA(F19:AO19)>0, COUNTA(F19:AO19), "") -> 36 | C19: Node(128) | D19: 16 | E19: 127.0.0.1:6000 - 127.0.0.1:6020 | F19: 127.0.0.1:6000 | G19: 127.0.0.1:6022 | H19: 127.0.0.1:6081 | I19: 127.0.0.1:6057 | J19: 127.0.0.1:6006 | K19: 127.0.0.1:6042 | L19: 127.0.0.1:6120 | M19: 127.0.0.1:6044 | N19: 127.0.0.1:6001 | O19: 127.0.0.1:6098 | P19: 127.0.0.1:6040 | Q19: 127.0.0.1:6052 | R19: 127.0.0.1:6076 | S19: 127.0.0.1:6109 | T19: 127.0.0.1:6004 | U19: 127.0.0.1:6013 | V19: 127.0.0.1:6103 | W19: 127.0.0.1:6019 | X19: 127.0.0.1:6074 | Y19: 127.0.0.1:6074 | Z19: 127.0.0.1:6035 | AA19: 127.0.0.1:6106 | AB19: 127.0.0.1:6044 | AC19: 127.0.0.1:6044 | AD19: 127.0.0.1:6066 | AE19: 127.0.0.1:6011 | AF19: 127.0.0.1:6101 | AG19: 127.0.0.1:6036 | AH19: 127.0.0.1:6069 | AI19: 127.0.0.1:6003 | AJ19: 127.0.0.1:6003 | AK19: 127.0.0.1:6092 | AL19: 127.0.0.1:6122 | AM19: 127.0.0.1:6052 | AN19: 127.0.0.1:6099 | AO19: 127.0.0.1:6099 | AP19: 127.0.0.1:6000 | AQ19: 127.0.0.1:6081 | AR19: 127.0.0.1:6001 | AS19: 127.0.0.1:6040 | AT19: 127.0.0.1:6017 | AU19: 127.0.0.1:6110 | AV19: 127.0.0.1:6115 | AW19: 127.0.0.1:6079 | AX19: 127.0.0.1:6013 | AY19: 127.0.0.1:6113 | AZ19: 127.0.0.1:6052 | BA19: 127.0.0.1:6052 | BB19: 127.0.0.1:6061 | BC19: 127.0.0.1:6018 | BD19: 127.0.0.1:6120 | BE19: 127.0.0.1:6011 | BF19: 127.0.0.1:6048 | BG19: 127.0.0.1:6048 | BH19: 127.0.0.1:6036 | BI19: 127.0.0.1:6063 | BJ19: 127.0.0.1:6105 | BK19: 127.0.0.1:6001 | BL19: 127.0.0.1:6086 | BM19: 127.0.0.1:6086 | BN19: 127.0.0.1:6095 | BO19: 127.0.0.1:6095 | BP19: 127.0.0.1:6032 | BQ19: 127.0.0.1:6032 | BR19: 127.0.0.1:6083 | BS19: 127.0.0.1:6017 | BT19: 127.0.0.1:6072 | BU19: 127.0.0.1:6119 | BV19: 127.0.0.1:6003 | BW19: 127.0.0.1:6071 | BX19: 127.0.0.1:6009 | BY19: 127.0.0.1:6105 | BZ19: 127.0.0.1:6040 | CA19: 127.0.0.1:6019 | CB19: 127.0.0.1:6076 | CC19: 127.0.0.1:6057 | CD19: 127.0.0.1:6001 | CE19: 127.0.0.1:6061 | CF19: 127.0.0.1:6023 | CG19: 127.0.0.1:6073 | CH19: 127.0.0.1:6073 | CI19: 127.0.0.1:6043 | CJ19: 127.0.0.1:6080 | CK19: 127.0.0.1:6071 | CL19: 127.0.0.1:6001 | CM19: 127.0.0.1:6115 | CN19: 127.0.0.1:6085 | CO19: 127.0.0.1:6078 | CP19: 127.0.0.1:6078 | CQ19: 127.0.0.1:6025 | CR19: 127.0.0.1:6017 | CS19: 127.0.0.1:6034 | CT19: 127.0.0.1:6119 | CU19: 127.0.0.1:6119 | CV19: 127.0.0.1:6096 | CW19: 127.0.0.1:6041 | CX19: 127.0.0.1:6127 | CY19: 127.0.0.1:6101 | CZ19: 127.0.0.1:6000 | DA19: 127.0.0.1:6071 | DB19: 127.0.0.1:6061 | DC19: 127.0.0.1:6061 | DD19: 127.0.0.1:6055 | DE19: 127.0.0.1:6055 | DF19: 127.0.0.1:6054 | DG19: 127.0.0.1:6026 | DH19: 127.0.0.1:6070 | DI19: 127.0.0.1:6045 | DJ19: 127.0.0.1:6081 | DK19: 127.0.0.1:6115 | DL19: 127.0.0.1:6115 | DM19: 127.0.0.1:6119 | DN19: 127.0.0.1:6019 | DO19: 127.0.0.1:6051 | DP19: 127.0.0.1:6120 | DQ19: 127.0.0.1:6036 | DR19: 127.0.0.1:6071 | DS19: 127.0.0.1:6076 | DT19: 127.0.0.1:6076 | DU19: 127.0.0.1:6059 | DV19: 127.0.0.1:6020 | DW19: # FOUND
A20: =IF(COUNTIF(E20:ALS20, "*FOUND*") > 0, "", "F") | B20: =IF(COUNTA(F20:AO20)>0, COUNTA(F20:AO20), "") -> 36 | C20: Node(128) | D20: 17 | E20: 127.0.0.1:6000 - 127.0.0.1:6065 | F20: 127.0.0.1:6000 | G20: 127.0.0.1:6061 | H20: 127.0.0.1:6054 | I20: 127.0.0.1:6054 | J20: 127.0.0.1:6017 | K20: 127.0.0.1:6019 | L20: 127.0.0.1:6011 | M20: 127.0.0.1:6027 | N20: 127.0.0.1:6027 | O20: 127.0.0.1:6109 | P20: 127.0.0.1:6061 | Q20: 127.0.0.1:6017 | R20: 127.0.0.1:6047 | S20: 127.0.0.1:6051 | T20: 127.0.0.1:6044 | U20: 127.0.0.1:6079 | V20: 127.0.0.1:6079 | W20: 127.0.0.1:6030 | X20: 127.0.0.1:6015 | Y20: 127.0.0.1:6103 | Z20: 127.0.0.1:6011 | AA20: 127.0.0.1:6049 | AB20: 127.0.0.1:6092 | AC20: 127.0.0.1:6071 | AD20: 127.0.0.1:6071 | AE20: 127.0.0.1:6057 | AF20: 127.0.0.1:6061 | AG20: 127.0.0.1:6100 | AH20: 127.0.0.1:6016 | AI20: 127.0.0.1:6124 | AJ20: 127.0.0.1:6059 | AK20: 127.0.0.1:6066 | AL20: 127.0.0.1:6101 | AM20: 127.0.0.1:6107 | AN20: 127.0.0.1:6114 | AO20: 127.0.0.1:6022 | AP20: 127.0.0.1:6092 | AQ20: 127.0.0.1:6004 | AR20: 127.0.0.1:6054 | AS20: 127.0.0.1:6116 | AT20: 127.0.0.1:6123 | AU20: 127.0.0.1:6077 | AV20: 127.0.0.1:6066 | AW20: 127.0.0.1:6107 | AX20: 127.0.0.1:6070 | AY20: 127.0.0.1:6081 | AZ20: 127.0.0.1:6081 | BA20: 127.0.0.1:6085 | BB20: 127.0.0.1:6012 | BC20: 127.0.0.1:6119 | BD20: 127.0.0.1:6041 | BE20: 127.0.0.1:6074 | BF20: 127.0.0.1:6076 | BG20: 127.0.0.1:6018 | BH20: 127.0.0.1:6030 | BI20: 127.0.0.1:6098 | BJ20: 127.0.0.1:6112 | BK20: 127.0.0.1:6112 | BL20: 127.0.0.1:6086 | BM20: 127.0.0.1:6083 | BN20: 127.0.0.1:6094 | BO20: 127.0.0.1:6094 | BP20: 127.0.0.1:6016 | BQ20: 127.0.0.1:6019 | BR20: 127.0.0.1:6092 | BS20: 127.0.0.1:6042 | BT20: 127.0.0.1:6042 | BU20: 127.0.0.1:6089 | BV20: 127.0.0.1:6084 | BW20: 127.0.0.1:6001 | BX20: 127.0.0.1:6066 | BY20: 127.0.0.1:6085 | BZ20: 127.0.0.1:6119 | CA20: 127.0.0.1:6035 | CB20: 127.0.0.1:6010 | CC20: 127.0.0.1:6010 | CD20: 127.0.0.1:6099 | CE20: 127.0.0.1:6027 | CF20: 127.0.0.1:6090 | CG20: 127.0.0.1:6064 | CH20: 127.0.0.1:6070 | CI20: 127.0.0.1:6092 | CJ20: 127.0.0.1:6095 | CK20: 127.0.0.1:6083 | CL20: 127.0.0.1:6035 | CM20: 127.0.0.1:6071 | CN20: 127.0.0.1:6004 | CO20: 127.0.0.1:6018 | CP20: 127.0.0.1:6107 | CQ20: 127.0.0.1:6022 | CR20: 127.0.0.1:6009 | CS20: 127.0.0.1:6001 | CT20: 127.0.0.1:6001 | CU20: 127.0.0.1:6013 | CV20: 127.0.0.1:6088 | CW20: 127.0.0.1:6112 | CX20: 127.0.0.1:6095 | CY20: 127.0.0.1:6039 | CZ20: 127.0.0.1:6034 | DA20: 127.0.0.1:6041 | DB20: 127.0.0.1:6035 | DC20: 127.0.0.1:6035 | DD20: 127.0.0.1:6076 | DE20: 127.0.0.1:6037 | DF20: 127.0.0.1:6011 | DG20: 127.0.0.1:6092 | DH20: 127.0.0.1:6127 | DI20: 127.0.0.1:6108 | DJ20: 127.0.0.1:6071 | DK20: 127.0.0.1:6025 | DL20: 127.0.0.1:6037 | DM20: 127.0.0.1:6114 | DN20: 127.0.0.1:6038 | DO20: 127.0.0.1:6045 | DP20: 127.0.0.1:6085 | DQ20: 127.0.0.1:6085 | DR20: 127.0.0.1:6015 | DS20: 127.0.0.1:6119 | DT20: 127.0.0.1:6037 | DU20: 127.0.0.1:6111 | DV20: 127.0.0.1:6111 | DW20: 127.0.0.1:6007 | DX20: 127.0.0.1:6017 | DY20: 127.0.0.1:6022 | DZ20: 127.0.0.1:6116 | EA20: 127.0.0.1:6049 | EB20: 127.0.0.1:6006 | EC20: 127.0.0.1:6089 | ED20: 127.0.0.1:6001 | EE20: 127.0.0.1:6098 | EF20: 127.0.0.1:6083 | EG20: 127.0.0.1:6036 | EH20: 127.0.0.1:6052 | EI20: 127.0.0.1:6054 | EJ20: 127.0.0.1:6094 | EK20: 127.0.0.1:6034 | EL20: 127.0.0.1:6076 | EM20: 127.0.0.1:6020 | EN20: 127.0.0.1:6042 | EO20: 127.0.0.1:6105 | EP20: 127.0.0.1:6052 | EQ20: 127.0.0.1:6017 | ER20: 127.0.0.1:6017 | ES20: 127.0.0.1:6067 | ET20: 127.0.0.1:6034 | EU20: 127.0.0.1:6044 | EV20: 127.0.0.1:6030 | EW20: 127.0.0.1:6030 | EX20: 127.0.0.1:6011 | EY20: 127.0.0.1:6075 | EZ20: 127.0.0.1:6126 | FA20: 127.0.0.1:6126 | FB20: 127.0.0.1:6041 | FC20: 127.0.0.1:6059 | FD20: 127.0.0.1:6109 | FE20: 127.0.0.1:6109 | FF20: 127.0.0.1:6023 | FG20: 127.0.0.1:6085 | FH20: 127.0.0.1:6003 | FI20: 127.0.0.1:6007 | FJ20: 127.0.0.1:6047 | FK20: 127.0.0.1:6123 | FL20: 127.0.0.1:6120 | FM20: 127.0.0.1:6104 | FN20: 127.0.0.1:6071 | FO20: 127.0.0.1:6009 | FP20: 127.0.0.1:6112 | FQ20: 127.0.0.1:6052 | FR20: 127.0.0.1:6034 | FS20: 127.0.0.1:6081 | FT20: 127.0.0.1:6003 | FU20: 127.0.0.1:6040 | FV20: 127.0.0.1:6011 | FW20: 127.0.0.1:6011 | FX20: 127.0.0.1:6097 | FY20: 127.0.0.1:6097 | FZ20: 127.0.0.1:6101 | GA20: 127.0.0.1:6045 | GB20: 127.0.0.1:6108 | GC20: 127.0.0.1:6078 | GD20: 127.0.0.1:6111 | GE20: 127.0.0.1:6009 | GF20: 127.0.0.1:6110 | GG20: 127.0.0.1:6041 | GH20: 127.0.0.1:6020 | GI20: 127.0.0.1:6020 | GJ20: 127.0.0.1:6065 | GK20: # FOUND
A21: =IF(COUNTIF(E21:ALS21, "*FOUND*") > 0, "", "F") | B21: =IF(COUNTA(F21:AO21)>0, COUNTA(F21:AO21), "") -> 36 | C21: Node(128) | D21: 18 | E21: 127.0.0.1:6000 - 127.0.0.1:6077 | F21: 127.0.0.1:6000 | G21: 127.0.0.1:6000 | H21: 127.0.0.1:6000 | I21: 127.0.0.1:6109 | J21: 127.0.0.1:6056 | K21: 127.0.0.1:6054 | L21: 127.0.0.1:6119 | M21: 127.0.0.1:6011 | N21: 127.0.0.1:6101 | O21: 127.0.0.1:6108 | P21: 127.0.0.1:6089 | Q21: 127.0.0.1:6103 | R21: 127.0.0.1:6103 | S21: 127.0.0.1:6113 | T21: 127.0.0.1:6017 | U21: 127.0.0.1:6116 | V21: 127.0.0.1:6116 | W21: 127.0.0.1:6110 | X21: 127.0.0.1:6020 | Y21: 127.0.0.1:6082 | Z21: 127.0.0.1:6045 | AA21: 127.0.0.1:6042 | AB21: 127.0.0.1:6001 | AC21: 127.0.0.1:6040 | AD21: 127.0.0.1:6040 | AE21: 127.0.0.1:6005 | AF21: 127.0.0.1:6028 | AG21: 127.0.0.1:6112 | AH21: 127.0.0.1:6061 | AI21: 127.0.0.1:6115 | AJ21: 127.0.0.1:6019 | AK21: 127.0.0.1:6019 | AL21: 127.0.0.1:6126 | AM21: 127.0.0.1:6127 | AN21: 127.0.0.1:6127 | AO21: 127.0.0.1:6046 | AP21: 127.0.0.1:6048 | AQ21: 127.0.0.1:6010 | AR21: 127.0.0.1:6000 | AS21: 127.0.0.1:6107 | AT21: 127.0.0.1:6125 | AU21: 127.0.0.1:6015 | AV21: 127.0.0.1:6015 | AW21: 127.0.0.1:6003 | AX21: 127.0.0.1:6019 | AY21: 127.0.0.1:6041 | AZ21: 127.0.0.1:6101 | BA21: 127.0.0.1:6095 | BB21: 127.0.0.1:6052 | BC21: 127.0.0.1:6076 | BD21: 127.0.0.1:6044 | BE21: 127.0.0.1:6011 | BF21: 127.0.0.1:6048 | BG21: 127.0.0.1:6027 | BH21: 127.0.0.1:6064 | BI21: 127.0.0.1:6049 | BJ21: 127.0.0.1:6110 | BK21: 127.0.0.1:6038 | BL21: 127.0.0.1:6104 | BM21: 127.0.0.1:6105 | BN21: 127.0.0.1:6034 | BO21: 127.0.0.1:6034 | BP21: 127.0.0.1:6124 | BQ21: 127.0.0.1:6044 | BR21: 127.0.0.1:6101 | BS21: 127.0.0.1:6101 | BT21: 127.0.0.1:6048 | BU21: 127.0.0.1:6064 | BV21: 127.0.0.1:6104 | BW21: 127.0.0.1:6034 | BX21: 127.0.0.1:6115 | BY21: 127.0.0.1:6127 | BZ21: 127.0.0.1:6029 | CA21: 127.0.0.1:6108 | CB21: 127.0.0.1:6095 | CC21: 127.0.0.1:6061 | CD21: 127.0.0.1:6018 | CE21: 127.0.0.1:6078 | CF21: 127.0.0.1:6007 | CG21: 127.0.0.1:6007 | CH21: 127.0.0.1:6009 | CI21: 127.0.0.1:6020 | CJ21: 127.0.0.1:6118 | CK21: 127.0.0.1:6118 | CL21: 127.0.0.1:6120 | CM21: 127.0.0.1:6105 | CN21: 127.0.0.1:6106 | CO21: 127.0.0.1:6068 | CP21: 127.0.0.1:6085 | CQ21: 127.0.0.1:6092 | CR21: 127.0.0.1:6092 | CS21: 127.0.0.1:6080 | CT21: 127.0.0.1:6004 | CU21: 127.0.0.1:6004 | CV21: 127.0.0.1:6093 | CW21: 127.0.0.1:6025 | CX21: 127.0.0.1:6025 | CY21: 127.0.0.1:6111 | CZ21: 127.0.0.1:6006 | DA21: 127.0.0.1:6084 | DB21: 127.0.0.1:6013 | DC21: 127.0.0.1:6095 | DD21: 127.0.0.1:6054 | DE21: 127.0.0.1:6037 | DF21: 127.0.0.1:6037 | DG21: 127.0.0.1:6047 | DH21: 127.0.0.1:6020 | DI21: 127.0.0.1:6120 | DJ21: 127.0.0.1:6120 | DK21: 127.0.0.1:6106 | DL21: 127.0.0.1:6011 | DM21: 127.0.0.1:6027 | DN21: 127.0.0.1:6049 | DO21: 127.0.0.1:6049 | DP21: 127.0.0.1:6038 | DQ21: 127.0.0.1:6060 | DR21: 127.0.0.1:6060 | DS21: 127.0.0.1:6102 | DT21: 127.0.0.1:6001 | DU21: 127.0.0.1:6086 | DV21: 127.0.0.1:6052 | DW21: 127.0.0.1:6099 | DX21: 127.0.0.1:6109 | DY21: 127.0.0.1:6107 | DZ21: 127.0.0.1:6015 | EA21: 127.0.0.1:6092 | EB21: 127.0.0.1:6024 | EC21: 127.0.0.1:6042 | ED21: 127.0.0.1:6012 | EE21: 127.0.0.1:6030 | EF21: 127.0.0.1:6048 | EG21: 127.0.0.1:6104 | EH21: 127.0.0.1:6104 | EI21: 127.0.0.1:6063 | EJ21: 127.0.0.1:6034 | EK21: 127.0.0.1:6119 | EL21: 127.0.0.1:6003 | EM21: 127.0.0.1:6003 | EN21: 127.0.0.1:6092 | EO21: 127.0.0.1:6108 | EP21: 127.0.0.1:6074 | EQ21: 127.0.0.1:6037 | ER21: 127.0.0.1:6020 | ES21: 127.0.0.1:6106 | ET21: 127.0.0.1:6099 | EU21: 127.0.0.1:6107 | EV21: 127.0.0.1:6078 | EW21: 127.0.0.1:6009 | EX21: 127.0.0.1:6009 | EY21: 127.0.0.1:6006 | EZ21: 127.0.0.1:6013 | FA21: 127.0.0.1:6054 | FB21: 127.0.0.1:6026 | FC21: 127.0.0.1:6049 | FD21: 127.0.0.1:6045 | FE21: 127.0.0.1:6072 | FF21: 127.0.0.1:6029 | FG21: 127.0.0.1:6029 | FH21: 127.0.0.1:6074 | FI21: 127.0.0.1:6120 | FJ21: 127.0.0.1:6044 | FK21: 127.0.0.1:6109 | FL21: 127.0.0.1:6026 | FM21: 127.0.0.1:6104 | FN21: 127.0.0.1:6060 | FO21: 127.0.0.1:6081 | FP21: 127.0.0.1:6092 | FQ21: 127.0.0.1:6122 | FR21: 127.0.0.1:6035 | FS21: 127.0.0.1:6059 | FT21: 127.0.0.1:6004 | FU21: 127.0.0.1:6078 | FV21: 127.0.0.1:6089 | FW21: 127.0.0.1:6039 | FX21: 127.0.0.1:6035 | FY21: 127.0.0.1:6047 | FZ21: 127.0.0.1:6118 | GA21: 127.0.0.1:6106 | GB21: 127.0.0.1:6102 | GC21: 127.0.0.1:6034 | GD21: 127.0.0.1:6041 | GE21: 127.0.0.1:6092 | GF21: 127.0.0.1:6071 | GG21: 127.0.0.1:6001 | GH21: 127.0.0.1:6061 | GI21: 127.0.0.1:6023 | GJ21: 127.0.0.1:6004 | GK21: 127.0.0.1:6025 | GL21: 127.0.0.1:6007 | GM21: 127.0.0.1:6042 | GN21: 127.0.0.1:6095 | GO21: 127.0.0.1:6094 | GP21: 127.0.0.1:6124 | GQ21: 127.0.0.1:6081 | GR21: 127.0.0.1:6057 | GS21: 127.0.0.1:6059 | GT21: 127.0.0.1:6059 | GU21: 127.0.0.1:6018 | GV21: 127.0.0.1:6018 | GW21: 127.0.0.1:6037 | GX21: 127.0.0.1:6106 | GY21: 127.0.0.1:6001 | GZ21: 127.0.0.1:6115 | HA21: 127.0.0.1:6018 | HB21: 127.0.0.1:6047 | HC21: 127.0.0.1:6044 | HD21: 127.0.0.1:6085 | HE21: 127.0.0.1:6108 | HF21: 127.0.0.1:6108 | HG21: 127.0.0.1:6031 | HH21: 127.0.0.1:6071 | HI21: 127.0.0.1:6061 | HJ21: 127.0.0.1:6061 | HK21: 127.0.0.1:6055 | HL21: 127.0.0.1:6017 | HM21: 127.0.0.1:6110 | HN21: 127.0.0.1:6110 | HO21: 127.0.0.1:6014 | HP21: 127.0.0.1:6034 | HQ21: 127.0.0.1:6076 | HR21: 127.0.0.1:6109 | HS21: 127.0.0.1:6070 | HT21: 127.0.0.1:6009 | HU21: 127.0.0.1:6042 | HV21: 127.0.0.1:6021 | HW21: 127.0.0.1:6120 | HX21: 127.0.0.1:6011 | HY21: 127.0.0.1:6049 | HZ21: 127.0.0.1:6104 | IA21: 127.0.0.1:6102 | IB21: 127.0.0.1:6102 | IC21: 127.0.0.1:6081 | ID21: 127.0.0.1:6001 | IE21: 127.0.0.1:6066 | IF21: 127.0.0.1:6013 | IG21: 127.0.0.1:6119 | IH21: 127.0.0.1:6119 | II21: 127.0.0.1:6096 | IJ21: 127.0.0.1:6035 | IK21: 127.0.0.1:6106 | IL21: 127.0.0.1:6106 | IM21: 127.0.0.1:6050 | IN21: 127.0.0.1:6099 | IO21: 127.0.0.1:6022 | IP21: 127.0.0.1:6022 | IQ21: 127.0.0.1:6049 | IR21: 127.0.0.1:6081 | IS21: 127.0.0.1:6115 | IT21: 127.0.0.1:6079 | IU21: 127.0.0.1:6011 | IV21: 127.0.0.1:6092 | IW21: 127.0.0.1:6004 | IX21: 127.0.0.1:6007 | IY21: 127.0.0.1:6084 | IZ21: 127.0.0.1:6040 | JA21: 127.0.0.1:6053 | JB21: 127.0.0.1:6075 | JC21: 127.0.0.1:6101 | JD21: 127.0.0.1:6036 | JE21: 127.0.0.1:6036 | JF21: 127.0.0.1:6010 | JG21: 127.0.0.1:6027 | JH21: 127.0.0.1:6081 | JI21: 127.0.0.1:6081 | JJ21: 127.0.0.1:6085 | JK21: 127.0.0.1:6078 | JL21: 127.0.0.1:6098 | JM21: 127.0.0.1:6017 | JN21: 127.0.0.1:6072 | JO21: 127.0.0.1:6120 | JP21: 127.0.0.1:6036 | JQ21: 127.0.0.1:6099 | JR21: 127.0.0.1:6081 | JS21: 127.0.0.1:6003 | JT21: 127.0.0.1:6071 | JU21: 127.0.0.1:6076 | JV21: 127.0.0.1:6057 | JW21: 127.0.0.1:6057 | JX21: 127.0.0.1:6004 | JY21: 127.0.0.1:6009 | JZ21: 127.0.0.1:6105 | KA21: 127.0.0.1:6105 | KB21: 127.0.0.1:6084 | KC21: 127.0.0.1:6052 | KD21: 127.0.0.1:6052 | KE21: 127.0.0.1:6061 | KF21: 127.0.0.1:6054 | KG21: 127.0.0.1:6054 | KH21: 127.0.0.1:6017 | KI21: 127.0.0.1:6034 | KJ21: 127.0.0.1:6044 | KK21: 127.0.0.1:6001 | KL21: 127.0.0.1:6001 | KM21: 127.0.0.1:6013 | KN21: 127.0.0.1:6030 | KO21: 127.0.0.1:6026 | KP21: 127.0.0.1:6015 | KQ21: 127.0.0.1:6122 | KR21: 127.0.0.1:6122 | KS21: 127.0.0.1:6071 | KT21: 127.0.0.1:6071 | KU21: 127.0.0.1:6057 | KV21: 127.0.0.1:6078 | KW21: 127.0.0.1:6017 | KX21: 127.0.0.1:6019 | KY21: 127.0.0.1:6074 | KZ21: 127.0.0.1:6048 | LA21: 127.0.0.1:6122 | LB21: 127.0.0.1:6057 | LC21: 127.0.0.1:6007 | LD21: 127.0.0.1:6040 | LE21: 127.0.0.1:6028 | LF21: 127.0.0.1:6095 | LG21: 127.0.0.1:6074 | LH21: 127.0.0.1:6031 | LI21: 127.0.0.1:6025 | LJ21: 127.0.0.1:6009 | LK21: 127.0.0.1:6001 | LL21: 127.0.0.1:6098 | LM21: 127.0.0.1:6119 | LN21: 127.0.0.1:6019 | LO21: 127.0.0.1:6076 | LP21: 127.0.0.1:6076 | LQ21: 127.0.0.1:6059 | LR21: 127.0.0.1:6037 | LS21: 127.0.0.1:6011 | LT21: 127.0.0.1:6075 | LU21: 127.0.0.1:6075 | LV21: 127.0.0.1:6112 | LW21: 127.0.0.1:6014 | LX21: 127.0.0.1:6115 | LY21: 127.0.0.1:6085 | LZ21: 127.0.0.1:6012 | MA21: 127.0.0.1:6012 | MB21: 127.0.0.1:6098 | MC21: 127.0.0.1:6011 | MD21: 127.0.0.1:6011 | ME21: 127.0.0.1:6097 | MF21: 127.0.0.1:6048 | MG21: 127.0.0.1:6083 | MH21: 127.0.0.1:6083 | MI21: 127.0.0.1:6039 | MJ21: 127.0.0.1:6036 | MK21: 127.0.0.1:6000 | ML21: 127.0.0.1:6022 | MM21: 127.0.0.1:6038 | MN21: 127.0.0.1:6085 | MO21: 127.0.0.1:6119 | MP21: 127.0.0.1:6041 | MQ21: 127.0.0.1:6041 | MR21: 127.0.0.1:6127 | MS21: 127.0.0.1:6074 | MT21: 127.0.0.1:6074 | MU21: 127.0.0.1:6035 | MV21: 127.0.0.1:6010 | MW21: 127.0.0.1:6090 | MX21: 127.0.0.1:6070 | MY21: 127.0.0.1:6017 | MZ21: 127.0.0.1:6047 | NA21: 127.0.0.1:6011 | NB21: 127.0.0.1:6101 | NC21: 127.0.0.1:6000 | ND21: 127.0.0.1:6081 | NE21: 127.0.0.1:6092 | NF21: 127.0.0.1:6042 | NG21: 127.0.0.1:6120 | NH21: 127.0.0.1:6104 | NI21: 127.0.0.1:6081 | NJ21: 127.0.0.1:6057 | NK21: 127.0.0.1:6006 | NL21: 127.0.0.1:6086 | NM21: 127.0.0.1:6061 | NN21: 127.0.0.1:6017 | NO21: 127.0.0.1:6022 | NP21: 127.0.0.1:6125 | NQ21: 127.0.0.1:6031 | NR21: 127.0.0.1:6089 | NS21: 127.0.0.1:6094 | NT21: 127.0.0.1:6119 | NU21: 127.0.0.1:6035 | NV21: 127.0.0.1:6071 | NW21: 127.0.0.1:6004 | NX21: 127.0.0.1:6042 | NY21: 127.0.0.1:6042 | NZ21: 127.0.0.1:6089 | OA21: 127.0.0.1:6120 | OB21: 127.0.0.1:6105 | OC21: 127.0.0.1:6001 | OD21: 127.0.0.1:6040 | OE21: 127.0.0.1:6075 | OF21: 127.0.0.1:6086 | OG21: 127.0.0.1:6100 | OH21: 127.0.0.1:6034 | OI21: 127.0.0.1:6081 | OJ21: 127.0.0.1:6001 | OK21: 127.0.0.1:6086 | OL21: 127.0.0.1:6127 | OM21: 127.0.0.1:6035 | ON21: 127.0.0.1:6035 | OO21: 127.0.0.1:6076 | OP21: 127.0.0.1:6018 | OQ21: 127.0.0.1:6123 | OR21: 127.0.0.1:6101 | OS21: 127.0.0.1:6107 | OT21: 127.0.0.1:6054 | OU21: 127.0.0.1:6116 | OV21: 127.0.0.1:6100 | OW21: 127.0.0.1:6115 | OX21: 127.0.0.1:6115 | OY21: 127.0.0.1:6119 | OZ21: 127.0.0.1:6037 | PA21: 127.0.0.1:6114 | PB21: 127.0.0.1:6063 | PC21: 127.0.0.1:6063 | PD21: 127.0.0.1:6060 | PE21: 127.0.0.1:6085 | PF21: 127.0.0.1:6085 | PG21: 127.0.0.1:6015 | PH21: 127.0.0.1:6025 | PI21: 127.0.0.1:6105 | PJ21: 127.0.0.1:6040 | PK21: 127.0.0.1:6112 | PL21: 127.0.0.1:6041 | PM21: 127.0.0.1:6074 | PN21: 127.0.0.1:6076 | PO21: 127.0.0.1:6037 | PP21: 127.0.0.1:6111 | PQ21: 127.0.0.1:6105 | PR21: 127.0.0.1:6052 | PS21: 127.0.0.1:6054 | PT21: 127.0.0.1:6094 | PU21: 127.0.0.1:6035 | PV21: 127.0.0.1:6059 | PW21: 127.0.0.1:6047 | PX21: 127.0.0.1:6022 | PY21: 127.0.0.1:6081 | PZ21: 127.0.0.1:6115 | QA21: 127.0.0.1:6019 | QB21: 127.0.0.1:6051 | QC21: 127.0.0.1:6011 | QD21: 127.0.0.1:6048 | QE21: 127.0.0.1:6048 | QF21: 127.0.0.1:6036 | QG21: 127.0.0.1:6109 | QH21: 127.0.0.1:6091 | QI21: 127.0.0.1:6092 | QJ21: 127.0.0.1:6095 | QK21: 127.0.0.1:6048 | QL21: 127.0.0.1:6010 | QM21: 127.0.0.1:6070 | QN21: 127.0.0.1:6070 | QO21: 127.0.0.1:6022 | QP21: 127.0.0.1:6092 | QQ21: 127.0.0.1:6127 | QR21: 127.0.0.1:6076 | QS21: 127.0.0.1:6020 | QT21: 127.0.0.1:6066 | QU21: 127.0.0.1:6066 | QV21: 127.0.0.1:6068 | QW21: 127.0.0.1:6013 | QX21: 127.0.0.1:6013 | QY21: 127.0.0.1:6012 | QZ21: 127.0.0.1:6103 | RA21: 127.0.0.1:6040 | RB21: 127.0.0.1:6095 | RC21: 127.0.0.1:6095 | RD21: 127.0.0.1:6032 | RE21: 127.0.0.1:6039 | RF21: 127.0.0.1:6039 | RG21: 127.0.0.1:6062 | RH21: 127.0.0.1:6036 | RI21: 127.0.0.1:6069 | RJ21: 127.0.0.1:6007 | RK21: 127.0.0.1:6017 | RL21: 127.0.0.1:6017 | RM21: 127.0.0.1:6067 | RN21: 127.0.0.1:6019 | RO21: 127.0.0.1:6011 | RP21: 127.0.0.1:6027 | RQ21: 127.0.0.1:6057 | RR21: 127.0.0.1:6001 | RS21: 127.0.0.1:6061 | RT21: 127.0.0.1:6100 | RU21: 127.0.0.1:6127 | RV21: 127.0.0.1:6018 | RW21: 127.0.0.1:6120 | RX21: 127.0.0.1:6120 | RY21: 127.0.0.1:6106 | RZ21: 127.0.0.1:6087 | SA21: 127.0.0.1:6081 | SB21: 127.0.0.1:6081 | SC21: 127.0.0.1:6085 | SD21: 127.0.0.1:6003 | SE21: 127.0.0.1:6007 | SF21: 127.0.0.1:6047 | SG21: 127.0.0.1:6009 | SH21: 127.0.0.1:6112 | SI21: 127.0.0.1:6101 | SJ21: 127.0.0.1:6045 | SK21: 127.0.0.1:6045 | SL21: 127.0.0.1:6125 | SM21: 127.0.0.1:6089 | SN21: 127.0.0.1:6089 | SO21: 127.0.0.1:6105 | SP21: 127.0.0.1:6034 | SQ21: 127.0.0.1:6034 | SR21: 127.0.0.1:6124 | SS21: 127.0.0.1:6124 | ST21: 127.0.0.1:6115 | SU21: 127.0.0.1:6127 | SV21: 127.0.0.1:6120 | SW21: 127.0.0.1:6044 | SX21: 127.0.0.1:6044 | SY21: 127.0.0.1:6066 | SZ21: 127.0.0.1:6079 | TA21: 127.0.0.1:6101 | TB21: 127.0.0.1:6108 | TC21: 127.0.0.1:6122 | TD21: 127.0.0.1:6007 | TE21: 127.0.0.1:6007 | TF21: 127.0.0.1:6009 | TG21: 127.0.0.1:6110 | TH21: 127.0.0.1:6100 | TI21: 127.0.0.1:6082 | TJ21: 127.0.0.1:6042 | TK21: 127.0.0.1:6105 | TL21: 127.0.0.1:6106 | TM21: 127.0.0.1:6044 | TN21: 127.0.0.1:6079 | TO21: 127.0.0.1:6107 | TP21: 127.0.0.1:6107 | TQ21: 127.0.0.1:6026 | TR21: 127.0.0.1:6025 | TS21: 127.0.0.1:6103 | TT21: 127.0.0.1:6028 | TU21: 127.0.0.1:6061 | TV21: 127.0.0.1:6115 | TW21: 127.0.0.1:6018 | TX21: 127.0.0.1:6030 | TY21: 127.0.0.1:6015 | TZ21: 127.0.0.1:6103 | UA21: 127.0.0.1:6112 | UB21: 127.0.0.1:6112 | UC21: 127.0.0.1:6086 | UD21: 127.0.0.1:6101 | UE21: 127.0.0.1:6095 | UF21: 127.0.0.1:6083 | UG21: 127.0.0.1:6052 | UH21: 127.0.0.1:6017 | UI21: 127.0.0.1:6116 | UJ21: 127.0.0.1:6094 | UK21: 127.0.0.1:6120 | UL21: 127.0.0.1:6011 | UM21: 127.0.0.1:6049 | UN21: 127.0.0.1:6092 | UO21: 127.0.0.1:6092 | UP21: 127.0.0.1:6080 | UQ21: 127.0.0.1:6042 | UR21: 127.0.0.1:6001 | US21: 127.0.0.1:6115 | UT21: 127.0.0.1:6079 | UU21: 127.0.0.1:6085 | UV21: 127.0.0.1:6092 | UW21: 127.0.0.1:6024 | UX21: 127.0.0.1:6095 | UY21: 127.0.0.1:6039 | UZ21: 127.0.0.1:6052 | VA21: 127.0.0.1:6034 | VB21: 127.0.0.1:6115 | VC21: 127.0.0.1:6085 | VD21: 127.0.0.1:6108 | VE21: 127.0.0.1:6071 | VF21: 127.0.0.1:6025 | VG21: 127.0.0.1:6017 | VH21: 127.0.0.1:6110 | VI21: 127.0.0.1:6072 | VJ21: 127.0.0.1:6125 | VK21: 127.0.0.1:6094 | VL21: 127.0.0.1:6104 | VM21: 127.0.0.1:6003 | VN21: 127.0.0.1:6040 | VO21: 127.0.0.1:6052 | VP21: 127.0.0.1:6076 | VQ21: 127.0.0.1:6044 | VR21: 127.0.0.1:6030 | VS21: 127.0.0.1:6098 | VT21: 127.0.0.1:6098 | VU21: 127.0.0.1:6103 | VV21: 127.0.0.1:6039 | VW21: 127.0.0.1:6061 | VX21: 127.0.0.1:6018 | VY21: 127.0.0.1:6107 | VZ21: 127.0.0.1:6064 | WA21: 127.0.0.1:6015 | WB21: 127.0.0.1:6119 | WC21: 127.0.0.1:6011 | WD21: 127.0.0.1:6092 | WE21: 127.0.0.1:6108 | WF21: 127.0.0.1:6078 | WG21: 127.0.0.1:6037 | WH21: 127.0.0.1:6037 | WI21: 127.0.0.1:6047 | WJ21: 127.0.0.1:6047 | WK21: 127.0.0.1:6051 | WL21: 127.0.0.1:6022 | WM21: 127.0.0.1:6009 | WN21: 127.0.0.1:6020 | WO21: 127.0.0.1:6101 | WP21: 127.0.0.1:6101 | WQ21: 127.0.0.1:6048 | WR21: 127.0.0.1:6027 | WS21: 127.0.0.1:6061 | WT21: 127.0.0.1:6023 | WU21: 127.0.0.1:6055 | WV21: 127.0.0.1:6100 | WW21: 127.0.0.1:6043 | WX21: 127.0.0.1:6042 | WY21: 127.0.0.1:6012 | WZ21: 127.0.0.1:6113 | XA21: 127.0.0.1:6019 | XB21: 127.0.0.1:6092 | XC21: 127.0.0.1:6122 | XD21: 127.0.0.1:6105 | XE21: 127.0.0.1:6105 | XF21: 127.0.0.1:6084 | XG21: 127.0.0.1:6034 | XH21: 127.0.0.1:6119 | XI21: 127.0.0.1:6003 | XJ21: 127.0.0.1:6019 | XK21: 127.0.0.1:6019 | XL21: 127.0.0.1:6126 | XM21: 127.0.0.1:6035 | XN21: 127.0.0.1:6047 | XO21: 127.0.0.1:6123 | XP21: 127.0.0.1:6049 | XQ21: 127.0.0.1:6006 | XR21: 127.0.0.1:6014 | XS21: 127.0.0.1:6127 | XT21: 127.0.0.1:6101 | XU21: 127.0.0.1:6036 | XV21: 127.0.0.1:6063 | XW21: 127.0.0.1:6102 | XX21: 127.0.0.1:6085 | XY21: 127.0.0.1:6078 | XZ21: 127.0.0.1:6078 | YA21: 127.0.0.1:6025 | YB21: 127.0.0.1:6037 | YC21: 127.0.0.1:6020 | YD21: 127.0.0.1:6091 | YE21: 127.0.0.1:6042 | YF21: 127.0.0.1:6095 | YG21: 127.0.0.1:6052 | YH21: 127.0.0.1:6099 | YI21: 127.0.0.1:6071 | YJ21: 127.0.0.1:6009 | YK21: 127.0.0.1:6009 | YL21: 127.0.0.1:6006 | YM21: 127.0.0.1:6020 | YN21: 127.0.0.1:6042 | YO21: 127.0.0.1:6021 | YP21: 127.0.0.1:6125 | YQ21: 127.0.0.1:6125 | YR21: 127.0.0.1:6104 | YS21: 127.0.0.1:6071 | YT21: 127.0.0.1:6001 | YU21: 127.0.0.1:6066 | YV21: 127.0.0.1:6030 | YW21: 127.0.0.1:6030 | YX21: 127.0.0.1:6011 | YY21: 127.0.0.1:6075 | YZ21: 127.0.0.1:6083 | ZA21: 127.0.0.1:6061 | ZB21: 127.0.0.1:6061 | ZC21: 127.0.0.1:6055 | ZD21: 127.0.0.1:6115 | ZE21: 127.0.0.1:6115 | ZF21: 127.0.0.1:6119 | ZG21: 127.0.0.1:6119 | ZH21: 127.0.0.1:6096 | ZI21: 127.0.0.1:6037 | ZJ21: 127.0.0.1:6106 | ZK21: 127.0.0.1:6068 | ZL21: 127.0.0.1:6068 | ZM21: 127.0.0.1:6079 | ZN21: 127.0.0.1:6013 | ZO21: 127.0.0.1:6098 | ZP21: 127.0.0.1:6113 | ZQ21: 127.0.0.1:6011 | ZR21: 127.0.0.1:6011 | ZS21: 127.0.0.1:6097 | ZT21: 127.0.0.1:6027 | ZU21: 127.0.0.1:6027 | ZV21: 127.0.0.1:6109 | ZW21: 127.0.0.1:6085 | ZX21: 127.0.0.1:6012 | ZY21: 127.0.0.1:6088 | ZZ21: 127.0.0.1:6086 | AAA21: 127.0.0.1:6086 | AAB21: 127.0.0.1:6095 | AAC21: 127.0.0.1:6061 | AAD21: 127.0.0.1:6054 | AAE21: 127.0.0.1:6119 | AAF21: 127.0.0.1:6019 | AAG21: 127.0.0.1:6041 | AAH21: 127.0.0.1:6035 | AAI21: 127.0.0.1:6106 | AAJ21: 127.0.0.1:6011 | AAK21: 127.0.0.1:6101 | AAL21: 127.0.0.1:6000 | AAM21: 127.0.0.1:6071 | AAN21: 127.0.0.1:6061 | AAO21: 127.0.0.1:6017 | AAP21: 127.0.0.1:6072 | AAQ21: 127.0.0.1:6072 | AAR21: 127.0.0.1:6021 | AAS21: 127.0.0.1:6021 | AAT21: 127.0.0.1:6094 | AAU21: 127.0.0.1:6094 | AAV21: 127.0.0.1:6016 | AAW21: 127.0.0.1:6035 | AAX21: 127.0.0.1:6010 | AAY21: 127.0.0.1:6102 | AAZ21: 127.0.0.1:6092 | ABA21: 127.0.0.1:6071 | ABB21: 127.0.0.1:6076 | ABC21: 127.0.0.1:6109 | ABD21: 127.0.0.1:6004 | ABE21: 127.0.0.1:6013 | ABF21: 127.0.0.1:6103 | ABG21: 127.0.0.1:6017 | ABH21: 127.0.0.1:6034 | ABI21: 127.0.0.1:6041 | ABJ21: 127.0.0.1:6059 | ABK21: 127.0.0.1:6020 | ABL21: 127.0.0.1:6020 | ABM21: 127.0.0.1:6065 | ABN21: 127.0.0.1:6106 | ABO21: 127.0.0.1:6099 | ABP21: 127.0.0.1:6061 | ABQ21: 127.0.0.1:6100 | ABR21: 127.0.0.1:6100 | ABS21: 127.0.0.1:6072 | ABT21: 127.0.0.1:6094 | ABU21: 127.0.0.1:6034 | ABV21: 127.0.0.1:6076 | ABW21: 127.0.0.1:6057 | ABX21: 127.0.0.1:6061 | ABY21: 127.0.0.1:6115 | ABZ21: 127.0.0.1:6019 | ACA21: 127.0.0.1:6074 | ACB21: 127.0.0.1:6037 | ACC21: 127.0.0.1:6011 | ACD21: 127.0.0.1:6048 | ACE21: 127.0.0.1:6064 | ACF21: 127.0.0.1:6025 | ACG21: 127.0.0.1:6025 | ACH21: 127.0.0.1:6111 | ACI21: 127.0.0.1:6113 | ACJ21: 127.0.0.1:6113 | ACK21: 127.0.0.1:6040 | ACL21: 127.0.0.1:6017 | ACM21: 127.0.0.1:6019 | ACN21: 127.0.0.1:6076 | ACO21: 127.0.0.1:6076 | ACP21: 127.0.0.1:6059 | ACQ21: 127.0.0.1:6066 | ACR21: 127.0.0.1:6011 | ACS21: 127.0.0.1:6027 | ACT21: 127.0.0.1:6090 | ACU21: 127.0.0.1:6043 | ACV21: 127.0.0.1:6072 | ACW21: 127.0.0.1:6034 | ACX21: 127.0.0.1:6044 | ACY21: 127.0.0.1:6011 | ACZ21: 127.0.0.1:6049 | ADA21: 127.0.0.1:6110 | ADB21: 127.0.0.1:6034 | ADC21: 127.0.0.1:6081 | ADD21: 127.0.0.1:6003 | ADE21: 127.0.0.1:6003 | ADF21: 127.0.0.1:6092 | ADG21: 127.0.0.1:6004 | ADH21: 127.0.0.1:6054 | ADI21: 127.0.0.1:6037 | ADJ21: 127.0.0.1:6114 | ADK21: 127.0.0.1:6003 | ADL21: 127.0.0.1:6071 | ADM21: 127.0.0.1:6071 | ADN21: 127.0.0.1:6057 | ADO21: 127.0.0.1:6059 | ADP21: 127.0.0.1:6109 | ADQ21: 127.0.0.1:6061 | ADR21: 127.0.0.1:6018 | ADS21: 127.0.0.1:6078 | ADT21: 127.0.0.1:6111 | ADU21: 127.0.0.1:6017 | ADV21: 127.0.0.1:6047 | ADW21: 127.0.0.1:6020 | ADX21: 127.0.0.1:6077 | ADY21: # FOUND
A22: =IF(COUNTIF(E22:ALS22, "*FOUND*") > 0, "", "F") | B22: =IF(COUNTA(F22:AO22)>0, COUNTA(F22:AO22), "") -> 36 | C22: Node(128) | D22: 19 | E22: 127.0.0.1:6000 - 127.0.0.1:6082 | F22: 127.0.0.1:6000 | G22: 127.0.0.1:6061 | H22: 127.0.0.1:6023 | I22: 127.0.0.1:6023 | J22: 127.0.0.1:6090 | K22: 127.0.0.1:6085 | L22: 127.0.0.1:6119 | M22: 127.0.0.1:6041 | N22: 127.0.0.1:6020 | O22: 127.0.0.1:6118 | P22: 127.0.0.1:6044 | Q22: 127.0.0.1:6101 | R22: 127.0.0.1:6107 | S22: 127.0.0.1:6114 | T22: 127.0.0.1:6007 | U22: 127.0.0.1:6042 | V22: 127.0.0.1:6120 | W22: 127.0.0.1:6036 | X22: 127.0.0.1:6071 | Y22: 127.0.0.1:6004 | Z22: 127.0.0.1:6018 | AA22: 127.0.0.1:6018 | AB22: 127.0.0.1:6037 | AC22: 127.0.0.1:6111 | AD22: 127.0.0.1:6047 | AE22: 127.0.0.1:6118 | AF22: 127.0.0.1:6030 | AG22: 127.0.0.1:6048 | AH22: 127.0.0.1:6104 | AI22: 127.0.0.1:6105 | AJ22: 127.0.0.1:6001 | AK22: 127.0.0.1:6001 | AL22: 127.0.0.1:6013 | AM22: 127.0.0.1:6113 | AN22: 127.0.0.1:6005 | AO22: 127.0.0.1:6075 | AP22: 127.0.0.1:6061 | AQ22: 127.0.0.1:6061 | AR22: 127.0.0.1:6055 | AS22: 127.0.0.1:6018 | AT22: 127.0.0.1:6047 | AU22: 127.0.0.1:6044 | AV22: 127.0.0.1:6109 | AW22: 127.0.0.1:6109 | AX22: 127.0.0.1:6023 | AY22: 127.0.0.1:6008 | AZ22: 127.0.0.1:6107 | BA22: 127.0.0.1:6070 | BB22: 127.0.0.1:6049 | BC22: 127.0.0.1:6049 | BD22: 127.0.0.1:6038 | BE22: 127.0.0.1:6092 | BF22: 127.0.0.1:6042 | BG22: 127.0.0.1:6042 | BH22: 127.0.0.1:6089 | BI22: 127.0.0.1:6084 | BJ22: 127.0.0.1:6106 | BK22: 127.0.0.1:6102 | BL22: 127.0.0.1:6071 | BM22: 127.0.0.1:6025 | BN22: 127.0.0.1:6007 | BO22: 127.0.0.1:6084 | BP22: 127.0.0.1:6084 | BQ22: 127.0.0.1:6121 | BR22: 127.0.0.1:6121 | BS22: 127.0.0.1:6001 | BT22: 127.0.0.1:6098 | BU22: 127.0.0.1:6040 | BV22: 127.0.0.1:6019 | BW22: 127.0.0.1:6051 | BX22: 127.0.0.1:6009 | BY22: 127.0.0.1:6042 | BZ22: 127.0.0.1:6105 | CA22: 127.0.0.1:6040 | CB22: 127.0.0.1:6011 | CC22: 127.0.0.1:6092 | CD22: 127.0.0.1:6095 | CE22: 127.0.0.1:6054 | CF22: 127.0.0.1:6026 | CG22: 127.0.0.1:6017 | CH22: 127.0.0.1:6022 | CI22: 127.0.0.1:6116 | CJ22: 127.0.0.1:6034 | CK22: 127.0.0.1:6034 | CL22: 127.0.0.1:6124 | CM22: 127.0.0.1:6119 | CN22: 127.0.0.1:6035 | CO22: 127.0.0.1:6071 | CP22: 127.0.0.1:6009 | CQ22: 127.0.0.1:6105 | CR22: 127.0.0.1:6052 | CS22: 127.0.0.1:6052 | CT22: 127.0.0.1:6061 | CU22: 127.0.0.1:6054 | CV22: 127.0.0.1:6054 | CW22: 127.0.0.1:6017 | CX22: 127.0.0.1:6017 | CY22: 127.0.0.1:6067 | CZ22: 127.0.0.1:6051 | DA22: 127.0.0.1:6051 | DB22: 127.0.0.1:6123 | DC22: 127.0.0.1:6009 | DD22: 127.0.0.1:6001 | DE22: 127.0.0.1:6040 | DF22: 127.0.0.1:6040 | DG22: 127.0.0.1:6005 | DH22: 127.0.0.1:6112 | DI22: 127.0.0.1:6095 | DJ22: 127.0.0.1:6094 | DK22: 127.0.0.1:6124 | DL22: 127.0.0.1:6019 | DM22: 127.0.0.1:6011 | DN22: 127.0.0.1:6075 | DO22: 127.0.0.1:6116 | DP22: 127.0.0.1:6126 | DQ22: 127.0.0.1:6076 | DR22: 127.0.0.1:6018 | DS22: 127.0.0.1:6123 | DT22: 127.0.0.1:6123 | DU22: 127.0.0.1:6117 | DV22: 127.0.0.1:6120 | DW22: 127.0.0.1:6104 | DX22: 127.0.0.1:6034 | DY22: 127.0.0.1:6115 | DZ22: 127.0.0.1:6127 | EA22: 127.0.0.1:6108 | EB22: 127.0.0.1:6089 | EC22: 127.0.0.1:6001 | ED22: 127.0.0.1:6086 | EE22: 127.0.0.1:6083 | EF22: 127.0.0.1:6017 | EG22: 127.0.0.1:6116 | EH22: 127.0.0.1:6123 | EI22: 127.0.0.1:6020 | EJ22: 127.0.0.1:6120 | EK22: 127.0.0.1:6105 | EL22: 127.0.0.1:6034 | EM22: 127.0.0.1:6119 | EN22: 127.0.0.1:6037 | EO22: 127.0.0.1:6037 | EP22: 127.0.0.1:6047 | EQ22: 127.0.0.1:6011 | ER22: 127.0.0.1:6011 | ES22: 127.0.0.1:6097 | ET22: 127.0.0.1:6049 | EU22: 127.0.0.1:6045 | EV22: 127.0.0.1:6104 | EW22: 127.0.0.1:6104 | EX22: 127.0.0.1:6063 | EY22: 127.0.0.1:6081 | EZ22: 127.0.0.1:6092 | FA22: 127.0.0.1:6127 | FB22: 127.0.0.1:6127 | FC22: 127.0.0.1:6046 | FD22: 127.0.0.1:6108 | FE22: 127.0.0.1:6095 | FF22: 127.0.0.1:6074 | FG22: 127.0.0.1:6120 | FH22: 127.0.0.1:6120 | FI22: 127.0.0.1:6106 | FJ22: 127.0.0.1:6001 | FK22: 127.0.0.1:6061 | FL22: 127.0.0.1:6017 | FM22: 127.0.0.1:6110 | FN22: 127.0.0.1:6115 | FO22: 127.0.0.1:6018 | FP22: 127.0.0.1:6120 | FQ22: 127.0.0.1:6044 | FR22: 127.0.0.1:6085 | FS22: 127.0.0.1:6085 | FT22: 127.0.0.1:6015 | FU22: 127.0.0.1:6015 | FV22: 127.0.0.1:6003 | FW22: 127.0.0.1:6007 | FX22: 127.0.0.1:6040 | FY22: 127.0.0.1:6053 | FZ22: 127.0.0.1:6112 | GA22: 127.0.0.1:6052 | GB22: 127.0.0.1:6054 | GC22: 127.0.0.1:6116 | GD22: 127.0.0.1:6049 | GE22: 127.0.0.1:6104 | GF22: 127.0.0.1:6060 | GG22: 127.0.0.1:6092 | GH22: 127.0.0.1:6092 | GI22: 127.0.0.1:6080 | GJ22: 127.0.0.1:6095 | GK22: 127.0.0.1:6048 | GL22: 127.0.0.1:6122 | GM22: 127.0.0.1:6052 | GN22: 127.0.0.1:6017 | GO22: 127.0.0.1:6072 | GP22: 127.0.0.1:6119 | GQ22: 127.0.0.1:6011 | GR22: 127.0.0.1:6101 | GS22: 127.0.0.1:6045 | GT22: 127.0.0.1:6063 | GU22: 127.0.0.1:6085 | GV22: 127.0.0.1:6003 | GW22: 127.0.0.1:6040 | GX22: 127.0.0.1:6028 | GY22: 127.0.0.1:6116 | GZ22: 127.0.0.1:6116 | HA22: 127.0.0.1:6110 | HB22: 127.0.0.1:6041 | HC22: 127.0.0.1:6101 | HD22: 127.0.0.1:6108 | HE22: 127.0.0.1:6074 | HF22: 127.0.0.1:6048 | HG22: 127.0.0.1:6083 | HH22: 127.0.0.1:6094 | HI22: 127.0.0.1:6119 | HJ22: 127.0.0.1:6003 | HK22: 127.0.0.1:6019 | HL22: 127.0.0.1:6092 | HM22: 127.0.0.1:6024 | HN22: 127.0.0.1:6127 | HO22: 127.0.0.1:6029 | HP22: 127.0.0.1:6035 | HQ22: 127.0.0.1:6035 | HR22: 127.0.0.1:6076 | HS22: 127.0.0.1:6037 | HT22: 127.0.0.1:6020 | HU22: 127.0.0.1:6106 | HV22: 127.0.0.1:6106 | HW22: 127.0.0.1:6050 | HX22: 127.0.0.1:6081 | HY22: 127.0.0.1:6057 | HZ22: 127.0.0.1:6057 | IA22: 127.0.0.1:6004 | IB22: 127.0.0.1:6004 | IC22: 127.0.0.1:6093 | ID22: 127.0.0.1:6007 | IE22: 127.0.0.1:6017 | IF22: 127.0.0.1:6034 | IG22: 127.0.0.1:6041 | IH22: 127.0.0.1:6092 | II22: 127.0.0.1:6108 | IJ22: 127.0.0.1:6108 | IK22: 127.0.0.1:6031 | IL22: 127.0.0.1:6083 | IM22: 127.0.0.1:6035 | IN22: 127.0.0.1:6059 | IO22: 127.0.0.1:6004 | IP22: 127.0.0.1:6078 | IQ22: 127.0.0.1:6007 | IR22: 127.0.0.1:6047 | IS22: 127.0.0.1:6022 | IT22: 127.0.0.1:6022 | IU22: 127.0.0.1:6049 | IV22: 127.0.0.1:6081 | IW22: 127.0.0.1:6001 | IX22: 127.0.0.1:6115 | IY22: 127.0.0.1:6079 | IZ22: 127.0.0.1:6079 | JA22: 127.0.0.1:6030 | JB22: 127.0.0.1:6026 | JC22: 127.0.0.1:6026 | JD22: 127.0.0.1:6064 | JE22: 127.0.0.1:6017 | JF22: 127.0.0.1:6019 | JG22: 127.0.0.1:6019 | JH22: 127.0.0.1:6126 | JI22: 127.0.0.1:6123 | JJ22: 127.0.0.1:6077 | JK22: 127.0.0.1:6042 | JL22: 127.0.0.1:6001 | JM22: 127.0.0.1:6066 | JN22: 127.0.0.1:6101 | JO22: 127.0.0.1:6095 | JP22: 127.0.0.1:6095 | JQ22: 127.0.0.1:6032 | JR22: 127.0.0.1:6052 | JS22: 127.0.0.1:6034 | JT22: 127.0.0.1:6076 | JU22: 127.0.0.1:6020 | JV22: 127.0.0.1:6066 | JW22: 127.0.0.1:6107 | JX22: 127.0.0.1:6022 | JY22: 127.0.0.1:6038 | JZ22: 127.0.0.1:6006 | KA22: 127.0.0.1:6006 | KB22: 127.0.0.1:6042 | KC22: 127.0.0.1:6012 | KD22: 127.0.0.1:6095 | KE22: 127.0.0.1:6083 | KF22: 127.0.0.1:6036 | KG22: 127.0.0.1:6052 | KH22: 127.0.0.1:6076 | KI22: 127.0.0.1:6044 | KJ22: 127.0.0.1:6001 | KK22: 127.0.0.1:6001 | KL22: 127.0.0.1:6013 | KM22: 127.0.0.1:6088 | KN22: 127.0.0.1:6095 | KO22: 127.0.0.1:6039 | KP22: 127.0.0.1:6017 | KQ22: 127.0.0.1:6047 | KR22: 127.0.0.1:6009 | KS22: 127.0.0.1:6112 | KT22: 127.0.0.1:6061 | KU22: 127.0.0.1:6100 | KV22: 127.0.0.1:6016 | KW22: 127.0.0.1:6106 | KX22: 127.0.0.1:6087 | KY22: 127.0.0.1:6001 | KZ22: 127.0.0.1:6098 | LA22: 127.0.0.1:6112 | LB22: 127.0.0.1:6014 | LC22: 127.0.0.1:6020 | LD22: 127.0.0.1:6101 | LE22: 127.0.0.1:6101 | LF22: 127.0.0.1:6048 | LG22: 127.0.0.1:6048 | LH22: 127.0.0.1:6036 | LI22: 127.0.0.1:6036 | LJ22: 127.0.0.1:6010 | LK22: 127.0.0.1:6071 | LL22: 127.0.0.1:6001 | LM22: 127.0.0.1:6040 | LN22: 127.0.0.1:6075 | LO22: 127.0.0.1:6126 | LP22: 127.0.0.1:6101 | LQ22: 127.0.0.1:6036 | LR22: 127.0.0.1:6099 | LS22: 127.0.0.1:6099 | LT22: 127.0.0.1:6000 | LU22: 127.0.0.1:6000 | LV22: 127.0.0.1:6027 | LW22: 127.0.0.1:6064 | LX22: 127.0.0.1:6064 | LY22: 127.0.0.1:6114 | LZ22: 127.0.0.1:6017 | MA22: 127.0.0.1:6022 | MB22: 127.0.0.1:6125 | MC22: 127.0.0.1:6060 | MD22: 127.0.0.1:6071 | ME22: 127.0.0.1:6061 | MF22: 127.0.0.1:6115 | MG22: 127.0.0.1:6085 | MH22: 127.0.0.1:6092 | MI22: 127.0.0.1:6122 | MJ22: 127.0.0.1:6035 | MK22: 127.0.0.1:6047 | ML22: 127.0.0.1:6047 | MM22: 127.0.0.1:6051 | MN22: 127.0.0.1:6020 | MO22: 127.0.0.1:6091 | MP22: 127.0.0.1:6100 | MQ22: 127.0.0.1:6034 | MR22: 127.0.0.1:6044 | MS22: 127.0.0.1:6044 | MT22: 127.0.0.1:6066 | MU22: 127.0.0.1:6085 | MV22: 127.0.0.1:6108 | MW22: 127.0.0.1:6122 | MX22: 127.0.0.1:6122 | MY22: 127.0.0.1:6071 | MZ22: 127.0.0.1:6076 | NA22: 127.0.0.1:6109 | NB22: 127.0.0.1:6056 | NC22: 127.0.0.1:6056 | ND22: 127.0.0.1:6107 | NE22: 127.0.0.1:6125 | NF22: 127.0.0.1:6081 | NG22: 127.0.0.1:6115 | NH22: 127.0.0.1:6115 | NI22: 127.0.0.1:6119 | NJ22: 127.0.0.1:6119 | NK22: 127.0.0.1:6096 | NL22: 127.0.0.1:6011 | NM22: 127.0.0.1:6048 | NN22: 127.0.0.1:6010 | NO22: 127.0.0.1:6052 | NP22: 127.0.0.1:6099 | NQ22: 127.0.0.1:6027 | NR22: 127.0.0.1:6049 | NS22: 127.0.0.1:6092 | NT22: 127.0.0.1:6071 | NU22: 127.0.0.1:6071 | NV22: 127.0.0.1:6057 | NW22: 127.0.0.1:6078 | NX22: 127.0.0.1:6009 | NY22: 127.0.0.1:6110 | NZ22: 127.0.0.1:6020 | OA22: 127.0.0.1:6042 | OB22: 127.0.0.1:6095 | OC22: 127.0.0.1:6052 | OD22: 127.0.0.1:6052 | OE22: 127.0.0.1:6061 | OF22: 127.0.0.1:6018 | OG22: 127.0.0.1:6030 | OH22: 127.0.0.1:6015 | OI22: 127.0.0.1:6092 | OJ22: 127.0.0.1:6004 | OK22: 127.0.0.1:6025 | OL22: 127.0.0.1:6009 | OM22: 127.0.0.1:6020 | ON22: 127.0.0.1:6020 | OO22: 127.0.0.1:6065 | OP22: 127.0.0.1:6101 | OQ22: 127.0.0.1:6000 | OR22: 127.0.0.1:6109 | OS22: 127.0.0.1:6107 | OT22: 127.0.0.1:6015 | OU22: 127.0.0.1:6122 | OV22: 127.0.0.1:6057 | OW22: 127.0.0.1:6007 | OX22: 127.0.0.1:6007 | OY22: 127.0.0.1:6009 | OZ22: 127.0.0.1:6009 | PA22: 127.0.0.1:6006 | PB22: 127.0.0.1:6089 | PC22: 127.0.0.1:6103 | PD22: 127.0.0.1:6019 | PE22: 127.0.0.1:6041 | PF22: 127.0.0.1:6041 | PG22: 127.0.0.1:6127 | PH22: 127.0.0.1:6074 | PI22: 127.0.0.1:6031 | PJ22: 127.0.0.1:6035 | PK22: 127.0.0.1:6106 | PL22: 127.0.0.1:6044 | PM22: 127.0.0.1:6079 | PN22: 127.0.0.1:6011 | PO22: 127.0.0.1:6027 | PP22: 127.0.0.1:6081 | PQ22: 127.0.0.1:6081 | PR22: 127.0.0.1:6085 | PS22: 127.0.0.1:6078 | PT22: 127.0.0.1:6089 | PU22: 127.0.0.1:6039 | PV22: 127.0.0.1:6034 | PW22: 127.0.0.1:6081 | PX22: 127.0.0.1:6003 | PY22: 127.0.0.1:6003 | PZ22: 127.0.0.1:6092 | QA22: 127.0.0.1:6042 | QB22: 127.0.0.1:6021 | QC22: 127.0.0.1:6016 | QD22: 127.0.0.1:6104 | QE22: 127.0.0.1:6102 | QF22: 127.0.0.1:6001 | QG22: 127.0.0.1:6086 | QH22: 127.0.0.1:6052 | QI22: 127.0.0.1:6054 | QJ22: 127.0.0.1:6094 | QK22: 127.0.0.1:6035 | QL22: 127.0.0.1:6010 | QM22: 127.0.0.1:6010 | QN22: 127.0.0.1:6099 | QO22: 127.0.0.1:6109 | QP22: 127.0.0.1:6026 | QQ22: 127.0.0.1:6114 | QR22: 127.0.0.1:6114 | QS22: 127.0.0.1:6069 | QT22: 127.0.0.1:6017 | QU22: 127.0.0.1:6017 | QV22: 127.0.0.1:6067 | QW22: 127.0.0.1:6022 | QX22: 127.0.0.1:6081 | QY22: 127.0.0.1:6092 | QZ22: 127.0.0.1:6095 | RA22: 127.0.0.1:6061 | RB22: 127.0.0.1:6023 | RC22: 127.0.0.1:6056 | RD22: 127.0.0.1:6114 | RE22: 127.0.0.1:6070 | RF22: 127.0.0.1:6038 | RG22: 127.0.0.1:6014 | RH22: 127.0.0.1:6091 | RI22: 127.0.0.1:6091 | RJ22: 127.0.0.1:6073 | RK22: 127.0.0.1:6045 | RL22: 127.0.0.1:6081 | RM22: 127.0.0.1:6057 | RN22: 127.0.0.1:6006 | RO22: 127.0.0.1:6084 | RP22: 127.0.0.1:6001 | RQ22: 127.0.0.1:6061 | RR22: 127.0.0.1:6061 | RS22: 127.0.0.1:6055 | RT22: 127.0.0.1:6056 | RU22: 127.0.0.1:6070 | RV22: 127.0.0.1:6045 | RW22: 127.0.0.1:6085 | RX22: 127.0.0.1:6012 | RY22: 127.0.0.1:6054 | RZ22: 127.0.0.1:6119 | SA22: 127.0.0.1:6019 | SB22: 127.0.0.1:6074 | SC22: 127.0.0.1:6074 | SD22: 127.0.0.1:6035 | SE22: 127.0.0.1:6071 | SF22: 127.0.0.1:6004 | SG22: 127.0.0.1:6007 | SH22: 127.0.0.1:6042 | SI22: 127.0.0.1:6120 | SJ22: 127.0.0.1:6011 | SK22: 127.0.0.1:6049 | SL22: 127.0.0.1:6006 | SM22: 127.0.0.1:6013 | SN22: 127.0.0.1:6095 | SO22: 127.0.0.1:6054 | SP22: 127.0.0.1:6037 | SQ22: 127.0.0.1:6106 | SR22: 127.0.0.1:6068 | SS22: 127.0.0.1:6030 | ST22: 127.0.0.1:6098 | SU22: 127.0.0.1:6083 | SV22: 127.0.0.1:6083 | SW22: 127.0.0.1:6039 | SX22: 127.0.0.1:6035 | SY22: 127.0.0.1:6035 | SZ22: 127.0.0.1:6076 | TA22: 127.0.0.1:6057 | TB22: 127.0.0.1:6001 | TC22: 127.0.0.1:6115 | TD22: 127.0.0.1:6019 | TE22: 127.0.0.1:6076 | TF22: 127.0.0.1:6076 | TG22: 127.0.0.1:6059 | TH22: 127.0.0.1:6059 | TI22: 127.0.0.1:6018 | TJ22: 127.0.0.1:6107 | TK22: 127.0.0.1:6078 | TL22: 127.0.0.1:6098 | TM22: 127.0.0.1:6017 | TN22: 127.0.0.1:6116 | TO22: 127.0.0.1:6100 | TP22: 127.0.0.1:6115 | TQ22: 127.0.0.1:6127 | TR22: 127.0.0.1:6035 | TS22: 127.0.0.1:6059 | TT22: 127.0.0.1:6037 | TU22: 127.0.0.1:6011 | TV22: 127.0.0.1:6092 | TW22: 127.0.0.1:6127 | TX22: 127.0.0.1:6076 | TY22: 127.0.0.1:6018 | TZ22: 127.0.0.1:6078 | UA22: 127.0.0.1:6017 | UB22: 127.0.0.1:6110 | UC22: 127.0.0.1:6038 | UD22: 127.0.0.1:6038 | UE22: 127.0.0.1:6091 | UF22: 127.0.0.1:6043 | UG22: 127.0.0.1:6043 | UH22: 127.0.0.1:6045 | UI22: 127.0.0.1:6108 | UJ22: 127.0.0.1:6071 | UK22: 127.0.0.1:6025 | UL22: 127.0.0.1:6105 | UM22: 127.0.0.1:6106 | UN22: 127.0.0.1:6011 | UO22: 127.0.0.1:6075 | UP22: 127.0.0.1:6101 | UQ22: 127.0.0.1:6107 | UR22: 127.0.0.1:6054 | US22: 127.0.0.1:6026 | UT22: 127.0.0.1:6070 | UU22: 127.0.0.1:6081 | UV22: 127.0.0.1:6001 | UW22: 127.0.0.1:6066 | UX22: 127.0.0.1:6013 | UY22: 127.0.0.1:6054 | UZ22: 127.0.0.1:6054 | VA22: 127.0.0.1:6017 | VB22: 127.0.0.1:6072 | VC22: 127.0.0.1:6029 | VD22: 127.0.0.1:6076 | VE22: 127.0.0.1:6037 | VF22: 127.0.0.1:6114 | VG22: 127.0.0.1:6022 | VH22: 127.0.0.1:6092 | VI22: 127.0.0.1:6092 | VJ22: 127.0.0.1:6080 | VK22: 127.0.0.1:6127 | VL22: 127.0.0.1:6018 | VM22: 127.0.0.1:6018 | VN22: 127.0.0.1:6037 | VO22: 127.0.0.1:6111 | VP22: 127.0.0.1:6111 | VQ22: 127.0.0.1:6007 | VR22: 127.0.0.1:6084 | VS22: 127.0.0.1:6013 | VT22: 127.0.0.1:6119 | VU22: 127.0.0.1:6041 | VV22: 127.0.0.1:6074 | VW22: 127.0.0.1:6076 | VX22: 127.0.0.1:6020 | VY22: 127.0.0.1:6077 | VZ22: 127.0.0.1:6077 | WA22: 127.0.0.1:6082 | WB22: # FOUND
A23: =IF(COUNTIF(E23:ALS23, "*FOUND*") > 0, "", "F") | B23: =IF(COUNTA(F23:AO23)>0, COUNTA(F23:AO23), "") -> 33 | C23: Node(128) | D23: 20 | E23: 127.0.0.1:6000 - 127.0.0.1:6118 | F23: 127.0.0.1:6000 | G23: 127.0.0.1:6107 | H23: 127.0.0.1:6107 | I23: 127.0.0.1:6026 | J23: 127.0.0.1:6049 | K23: 127.0.0.1:6110 | L23: 127.0.0.1:6110 | M23: 127.0.0.1:6014 | N23: 127.0.0.1:6014 | O23: 127.0.0.1:6033 | P23: 127.0.0.1:6091 | Q23: 127.0.0.1:6045 | R23: 127.0.0.1:6042 | S23: 127.0.0.1:6042 | T23: 127.0.0.1:6089 | U23: 127.0.0.1:6094 | V23: 127.0.0.1:6120 | W23: 127.0.0.1:6036 | X23: 127.0.0.1:6000 | Y23: 127.0.0.1:6022 | Z23: 127.0.0.1:6009 | AA23: 127.0.0.1:6042 | AB23: 127.0.0.1:6105 | AC23: 127.0.0.1:6105 | AD23: 127.0.0.1:6084 | AE23: 127.0.0.1:6040 | AF23: 127.0.0.1:6112 | AG23: 127.0.0.1:6041 | AH23: 127.0.0.1:6035 | AI23: 127.0.0.1:6047 | AJ23: 127.0.0.1:6020 | AK23: 127.0.0.1:6118 | AL23: # FOUND
A24: =IF(COUNTIF(E24:ALS24, "*FOUND*") > 0, "", "F") | B24: =IF(COUNTA(F24:AO24)>0, COUNTA(F24:AO24), "") -> 36 | C24: Node(128) | D24: 21 | E24: 127.0.0.1:6000 - 127.0.0.1:6120 | F24: 127.0.0.1:6000 | G24: 127.0.0.1:6081 | H24: 127.0.0.1:6115 | I24: 127.0.0.1:6018 | J24: 127.0.0.1:6123 | K24: 127.0.0.1:6044 | L24: 127.0.0.1:6030 | M24: 127.0.0.1:6030 | N24: 127.0.0.1:6011 | O24: 127.0.0.1:6011 | P24: 127.0.0.1:6097 | Q24: 127.0.0.1:6092 | R24: 127.0.0.1:6024 | S24: 127.0.0.1:6024 | T24: 127.0.0.1:6108 | U24: 127.0.0.1:6078 | V24: 127.0.0.1:6037 | W24: 127.0.0.1:6037 | X24: 127.0.0.1:6047 | Y24: 127.0.0.1:6118 | Z24: 127.0.0.1:6042 | AA24: 127.0.0.1:6012 | AB24: 127.0.0.1:6119 | AC24: 127.0.0.1:6035 | AD24: 127.0.0.1:6106 | AE24: 127.0.0.1:6099 | AF24: 127.0.0.1:6107 | AG24: 127.0.0.1:6064 | AH24: 127.0.0.1:6069 | AI24: 127.0.0.1:6069 | AJ24: 127.0.0.1:6070 | AK24: 127.0.0.1:6092 | AL24: 127.0.0.1:6108 | AM24: 127.0.0.1:6089 | AN24: 127.0.0.1:6089 | AO24: 127.0.0.1:6105 | AP24: 127.0.0.1:6001 | AQ24: 127.0.0.1:6001 | AR24: 127.0.0.1:6013 | AS24: 127.0.0.1:6030 | AT24: 127.0.0.1:6048 | AU24: 127.0.0.1:6027 | AV24: 127.0.0.1:6057 | AW24: 127.0.0.1:6061 | AX24: 127.0.0.1:6054 | AY24: 127.0.0.1:6116 | AZ24: 127.0.0.1:6094 | BA24: 127.0.0.1:6094 | BB24: 127.0.0.1:6016 | BC24: 127.0.0.1:6016 | BD24: 127.0.0.1:6034 | BE24: 127.0.0.1:6034 | BF24: 127.0.0.1:6124 | BG24: 127.0.0.1:6041 | BH24: 127.0.0.1:6059 | BI24: 127.0.0.1:6047 | BJ24: 127.0.0.1:6044 | BK24: 127.0.0.1:6011 | BL24: 127.0.0.1:6101 | BM24: 127.0.0.1:6045 | BN24: 127.0.0.1:6072 | BO24: 127.0.0.1:6125 | BP24: 127.0.0.1:6015 | BQ24: 127.0.0.1:6025 | BR24: 127.0.0.1:6103 | BS24: 127.0.0.1:6011 | BT24: 127.0.0.1:6048 | BU24: 127.0.0.1:6064 | BV24: 127.0.0.1:6070 | BW24: 127.0.0.1:6009 | BX24: 127.0.0.1:6105 | BY24: 127.0.0.1:6040 | BZ24: 127.0.0.1:6095 | CA24: 127.0.0.1:6094 | CB24: 127.0.0.1:6034 | CC24: 127.0.0.1:6115 | CD24: 127.0.0.1:6079 | CE24: 127.0.0.1:6101 | CF24: 127.0.0.1:6108 | CG24: 127.0.0.1:6095 | CH24: 127.0.0.1:6074 | CI24: 127.0.0.1:6120 | CJ24: # FOUND
A25: =IF(COUNTIF(E25:ALS25, "*FOUND*") > 0, "", "F") | B25: =IF(COUNTA(F25:AO25)>0, COUNTA(F25:AO25), "") -> 9 | C25: Node(128) | D25: 22 | E25: 127.0.0.1:6000 - 127.0.0.1:6106 | F25: 127.0.0.1:6000 | G25: 127.0.0.1:6071 | H25: 127.0.0.1:6009 | I25: 127.0.0.1:6001 | J25: 127.0.0.1:6098 | K25: 127.0.0.1:6119 | L25: 127.0.0.1:6037 | M25: 127.0.0.1:6106 | N25: # FOUND
A26: =IF(COUNTIF(E26:ALS26, "*FOUND*") > 0, "", "F") | B26: =IF(COUNTA(F26:AO26)>0, COUNTA(F26:AO26), "") -> 36 | C26: Node(128) | D26: 23 | E26: 127.0.0.1:6000 - 127.0.0.1:6050 | F26: 127.0.0.1:6000 | G26: 127.0.0.1:6061 | H26: 127.0.0.1:6017 | I26: 127.0.0.1:6034 | J26: 127.0.0.1:6119 | K26: 127.0.0.1:6011 | L26: 127.0.0.1:6027 | M26: 127.0.0.1:6061 | N26: 127.0.0.1:6100 | O26: 127.0.0.1:6127 | P26: 127.0.0.1:6101 | Q26: 127.0.0.1:6095 | R26: 127.0.0.1:6048 | S26: 127.0.0.1:6104 | T26: 127.0.0.1:6081 | U26: 127.0.0.1:6081 | V26: 127.0.0.1:6085 | W26: 127.0.0.1:6119 | X26: 127.0.0.1:6003 | Y26: 127.0.0.1:6071 | Z26: 127.0.0.1:6001 | AA26: 127.0.0.1:6040 | AB26: 127.0.0.1:6052 | AC26: 127.0.0.1:6017 | AD26: 127.0.0.1:6019 | AE26: 127.0.0.1:6051 | AF26: 127.0.0.1:6044 | AG26: 127.0.0.1:6101 | AH26: 127.0.0.1:6101 | AI26: 127.0.0.1:6048 | AJ26: 127.0.0.1:6122 | AK26: 127.0.0.1:6007 | AL26: 127.0.0.1:6040 | AM26: 127.0.0.1:6017 | AN26: 127.0.0.1:6047 | AO26: 127.0.0.1:6011 | AP26: 127.0.0.1:6049 | AQ26: 127.0.0.1:6049 | AR26: 127.0.0.1:6038 | AS26: 127.0.0.1:6043 | AT26: 127.0.0.1:6125 | AU26: 127.0.0.1:6031 | AV26: 127.0.0.1:6031 | AW26: 127.0.0.1:6002 | AX26: 127.0.0.1:6071 | AY26: 127.0.0.1:6061 | AZ26: 127.0.0.1:6115 | BA26: 127.0.0.1:6085 | BB26: 127.0.0.1:6085 | BC26: 127.0.0.1:6015 | BD26: 127.0.0.1:6103 | BE26: 127.0.0.1:6103 | BF26: 127.0.0.1:6113 | BG26: 127.0.0.1:6075 | BH26: 127.0.0.1:6075 | BI26: 127.0.0.1:6112 | BJ26: 127.0.0.1:6101 | BK26: 127.0.0.1:6036 | BL26: 127.0.0.1:6109 | BM26: 127.0.0.1:6070 | BN26: 127.0.0.1:6017 | BO26: 127.0.0.1:6022 | BP26: 127.0.0.1:6116 | BQ26: 127.0.0.1:6034 | BR26: 127.0.0.1:6041 | BS26: 127.0.0.1:6020 | BT26: 127.0.0.1:6066 | BU26: 127.0.0.1:6066 | BV26: 127.0.0.1:6068 | BW26: 127.0.0.1:6011 | BX26: 127.0.0.1:6092 | BY26: 127.0.0.1:6122 | BZ26: 127.0.0.1:6105 | CA26: 127.0.0.1:6034 | CB26: 127.0.0.1:6076 | CC26: 127.0.0.1:6044 | CD26: 127.0.0.1:6109 | CE26: 127.0.0.1:6091 | CF26: 127.0.0.1:6104 | CG26: 127.0.0.1:6003 | CH26: 127.0.0.1:6007 | CI26: 127.0.0.1:6017 | CJ26: 127.0.0.1:6017 | CK26: 127.0.0.1:6067 | CL26: 127.0.0.1:6067 | CM26: 127.0.0.1:6116 | CN26: 127.0.0.1:6126 | CO26: 127.0.0.1:6092 | CP26: 127.0.0.1:6071 | CQ26: 127.0.0.1:6076 | CR26: 127.0.0.1:6109 | CS26: 127.0.0.1:6085 | CT26: 127.0.0.1:6003 | CU26: 127.0.0.1:6040 | CV26: 127.0.0.1:6019 | CW26: 127.0.0.1:6011 | CX26: 127.0.0.1:6075 | CY26: 127.0.0.1:6086 | CZ26: 127.0.0.1:6061 | DA26: 127.0.0.1:6018 | DB26: 127.0.0.1:6120 | DC26: 127.0.0.1:6120 | DD26: 127.0.0.1:6106 | DE26: 127.0.0.1:6106 | DF26: 127.0.0.1:6050 | DG26: # FOUND
A27: =IF(COUNTIF(E27:ALS27, "*FOUND*") > 0, "", "F") | B27: =IF(COUNTA(F27:AO27)>0, COUNTA(F27:AO27), "") -> 36 | C27: Node(128) | D27: 24 | E27: 127.0.0.1:6000 - 127.0.0.1:6087 | F27: 127.0.0.1:6000 | G27: 127.0.0.1:6000 | H27: 127.0.0.1:6000 | I27: 127.0.0.1:6109 | J27: 127.0.0.1:6004 | K27: 127.0.0.1:6009 | L27: 127.0.0.1:6112 | M27: 127.0.0.1:6112 | N27: 127.0.0.1:6086 | O27: 127.0.0.1:6100 | P27: 127.0.0.1:6082 | Q27: 127.0.0.1:6068 | R27: 127.0.0.1:6101 | S27: 127.0.0.1:6000 | T27: 127.0.0.1:6107 | U27: 127.0.0.1:6114 | V27: 127.0.0.1:6038 | W27: 127.0.0.1:6045 | X27: 127.0.0.1:6045 | Y27: 127.0.0.1:6125 | Z27: 127.0.0.1:6089 | AA27: 127.0.0.1:6084 | AB27: 127.0.0.1:6034 | AC27: 127.0.0.1:6044 | AD27: 127.0.0.1:6085 | AE27: 127.0.0.1:6092 | AF27: 127.0.0.1:6004 | AG27: 127.0.0.1:6042 | AH27: 127.0.0.1:6095 | AI27: 127.0.0.1:6095 | AJ27: 127.0.0.1:6032 | AK27: 127.0.0.1:6061 | AL27: 127.0.0.1:6023 | AM27: 127.0.0.1:6107 | AN27: 127.0.0.1:6070 | AO27: 127.0.0.1:6070 | AP27: 127.0.0.1:6022 | AQ27: 127.0.0.1:6022 | AR27: 127.0.0.1:6049 | AS27: 127.0.0.1:6045 | AT27: 127.0.0.1:6104 | AU27: 127.0.0.1:6071 | AV27: 127.0.0.1:6071 | AW27: 127.0.0.1:6057 | AX27: 127.0.0.1:6059 | AY27: 127.0.0.1:6020 | AZ27: 127.0.0.1:6101 | BA27: 127.0.0.1:6107 | BB27: 127.0.0.1:6022 | BC27: 127.0.0.1:6038 | BD27: 127.0.0.1:6104 | BE27: 127.0.0.1:6105 | BF27: 127.0.0.1:6106 | BG27: 127.0.0.1:6044 | BH27: 127.0.0.1:6001 | BI27: 127.0.0.1:6086 | BJ27: 127.0.0.1:6127 | BK27: 127.0.0.1:6108 | BL27: 127.0.0.1:6074 | BM27: 127.0.0.1:6048 | BN27: 127.0.0.1:6083 | BO27: 127.0.0.1:6052 | BP27: 127.0.0.1:6034 | BQ27: 127.0.0.1:6081 | BR27: 127.0.0.1:6003 | BS27: 127.0.0.1:6019 | BT27: 127.0.0.1:6092 | BU27: 127.0.0.1:6042 | BV27: 127.0.0.1:6021 | BW27: 127.0.0.1:6119 | BX27: 127.0.0.1:6119 | BY27: 127.0.0.1:6096 | BZ27: 127.0.0.1:6003 | CA27: 127.0.0.1:6003 | CB27: 127.0.0.1:6092 | CC27: 127.0.0.1:6095 | CD27: 127.0.0.1:6083 | CE27: 127.0.0.1:6061 | CF27: 127.0.0.1:6061 | CG27: 127.0.0.1:6055 | CH27: 127.0.0.1:6055 | CI27: 127.0.0.1:6054 | CJ27: 127.0.0.1:6094 | CK27: 127.0.0.1:6124 | CL27: 127.0.0.1:6059 | CM27: 127.0.0.1:6066 | CN27: 127.0.0.1:6079 | CO27: 127.0.0.1:6107 | CP27: 127.0.0.1:6125 | CQ27: 127.0.0.1:6094 | CR27: 127.0.0.1:6119 | CS27: 127.0.0.1:6019 | CT27: 127.0.0.1:6019 | CU27: 127.0.0.1:6126 | CV27: 127.0.0.1:6126 | CW27: 127.0.0.1:6041 | CX27: 127.0.0.1:6101 | CY27: 127.0.0.1:6045 | CZ27: 127.0.0.1:6063 | DA27: 127.0.0.1:6003 | DB27: 127.0.0.1:6071 | DC27: 127.0.0.1:6004 | DD27: 127.0.0.1:6013 | DE27: 127.0.0.1:6013 | DF27: 127.0.0.1:6012 | DG27: 127.0.0.1:6030 | DH27: 127.0.0.1:6026 | DI27: 127.0.0.1:6104 | DJ27: 127.0.0.1:6034 | DK27: 127.0.0.1:6034 | DL27: 127.0.0.1:6124 | DM27: 127.0.0.1:6044 | DN27: 127.0.0.1:6044 | DO27: 127.0.0.1:6066 | DP27: 127.0.0.1:6030 | DQ27: 127.0.0.1:6015 | DR27: 127.0.0.1:6119 | DS27: 127.0.0.1:6041 | DT27: 127.0.0.1:6092 | DU27: 127.0.0.1:6127 | DV27: 127.0.0.1:6127 | DW27: 127.0.0.1:6046 | DX27: 127.0.0.1:6029 | DY27: 127.0.0.1:6120 | DZ27: 127.0.0.1:6044 | EA27: 127.0.0.1:6079 | EB27: 127.0.0.1:6085 | EC27: 127.0.0.1:6108 | ED27: 127.0.0.1:6108 | EE27: 127.0.0.1:6031 | EF27: 127.0.0.1:6122 | EG27: 127.0.0.1:6052 | EH27: 127.0.0.1:6076 | EI27: 127.0.0.1:6057 | EJ27: 127.0.0.1:6057 | EK27: 127.0.0.1:6004 | EL27: 127.0.0.1:6054 | EM27: 127.0.0.1:6119 | EN27: 127.0.0.1:6035 | EO27: 127.0.0.1:6071 | EP27: 127.0.0.1:6025 | EQ27: 127.0.0.1:6017 | ER27: 127.0.0.1:6116 | ES27: 127.0.0.1:6123 | ET27: 127.0.0.1:6101 | EU27: 127.0.0.1:6108 | EV27: 127.0.0.1:6122 | EW27: 127.0.0.1:6035 | EX27: 127.0.0.1:6035 | EY27: 127.0.0.1:6076 | EZ27: 127.0.0.1:6076 | FA27: 127.0.0.1:6059 | FB27: 127.0.0.1:6109 | FC27: 127.0.0.1:6061 | FD27: 127.0.0.1:6054 | FE27: 127.0.0.1:6037 | FF27: 127.0.0.1:6011 | FG27: 127.0.0.1:6011 | FH27: 127.0.0.1:6097 | FI27: 127.0.0.1:6075 | FJ27: 127.0.0.1:6083 | FK27: 127.0.0.1:6017 | FL27: 127.0.0.1:6110 | FM27: 127.0.0.1:6100 | FN27: 127.0.0.1:6043 | FO27: 127.0.0.1:6104 | FP27: 127.0.0.1:6104 | FQ27: 127.0.0.1:6063 | FR27: 127.0.0.1:6071 | FS27: 127.0.0.1:6009 | FT27: 127.0.0.1:6110 | FU27: 127.0.0.1:6072 | FV27: 127.0.0.1:6072 | FW27: 127.0.0.1:6021 | FX27: 127.0.0.1:6074 | FY27: 127.0.0.1:6031 | FZ27: 127.0.0.1:6071 | GA27: 127.0.0.1:6001 | GB27: 127.0.0.1:6061 | GC27: 127.0.0.1:6017 | GD27: 127.0.0.1:6072 | GE27: 127.0.0.1:6094 | GF27: 127.0.0.1:6035 | GG27: 127.0.0.1:6059 | GH27: 127.0.0.1:6004 | GI27: 127.0.0.1:6018 | GJ27: 127.0.0.1:6030 | GK27: 127.0.0.1:6098 | GL27: 127.0.0.1:6011 | GM27: 127.0.0.1:6101 | GN27: 127.0.0.1:6095 | GO27: 127.0.0.1:6039 | GP27: 127.0.0.1:6036 | GQ27: 127.0.0.1:6069 | GR27: 127.0.0.1:6022 | GS27: 127.0.0.1:6125 | GT27: 127.0.0.1:6125 | GU27: 127.0.0.1:6104 | GV27: 127.0.0.1:6060 | GW27: 127.0.0.1:6084 | GX27: 127.0.0.1:6106 | GY27: 127.0.0.1:6068 | GZ27: 127.0.0.1:6107 | HA27: 127.0.0.1:6015 | HB27: 127.0.0.1:6015 | HC27: 127.0.0.1:6003 | HD27: 127.0.0.1:6007 | HE27: 127.0.0.1:6047 | HF27: 127.0.0.1:6022 | HG27: 127.0.0.1:6081 | HH27: 127.0.0.1:6092 | HI27: 127.0.0.1:6092 | HJ27: 127.0.0.1:6080 | HK27: 127.0.0.1:6080 | HL27: 127.0.0.1:6024 | HM27: 127.0.0.1:6031 | HN27: 127.0.0.1:6025 | HO27: 127.0.0.1:6037 | HP27: 127.0.0.1:6114 | HQ27: 127.0.0.1:6063 | HR27: 127.0.0.1:6105 | HS27: 127.0.0.1:6105 | HT27: 127.0.0.1:6084 | HU27: 127.0.0.1:6084 | HV27: 127.0.0.1:6121 | HW27: 127.0.0.1:6040 | HX27: 127.0.0.1:6011 | HY27: 127.0.0.1:6048 | HZ27: 127.0.0.1:6048 | IA27: 127.0.0.1:6036 | IB27: 127.0.0.1:6063 | IC27: 127.0.0.1:6034 | ID27: 127.0.0.1:6115 | IE27: 127.0.0.1:6115 | IF27: 127.0.0.1:6119 | IG27: 127.0.0.1:6037 | IH27: 127.0.0.1:6111 | II27: 127.0.0.1:6009 | IJ27: 127.0.0.1:6020 | IK27: 127.0.0.1:6091 | IL27: 127.0.0.1:6102 | IM27: 127.0.0.1:6034 | IN27: 127.0.0.1:6119 | IO27: 127.0.0.1:6011 | IP27: 127.0.0.1:6027 | IQ27: 127.0.0.1:6027 | IR27: 127.0.0.1:6109 | IS27: 127.0.0.1:6109 | IT27: 127.0.0.1:6023 | IU27: 127.0.0.1:6064 | IV27: 127.0.0.1:6049 | IW27: 127.0.0.1:6104 | IX27: 127.0.0.1:6102 | IY27: 127.0.0.1:6102 | IZ27: 127.0.0.1:6081 | JA27: 127.0.0.1:6057 | JB27: 127.0.0.1:6078 | JC27: 127.0.0.1:6078 | JD27: 127.0.0.1:6025 | JE27: 127.0.0.1:6025 | JF27: 127.0.0.1:6111 | JG27: 127.0.0.1:6006 | JH27: 127.0.0.1:6086 | JI27: 127.0.0.1:6101 | JJ27: 127.0.0.1:6101 | JK27: 127.0.0.1:6048 | JL27: 127.0.0.1:6010 | JM27: 127.0.0.1:6000 | JN27: 127.0.0.1:6022 | JO27: 127.0.0.1:6092 | JP27: 127.0.0.1:6024 | JQ27: 127.0.0.1:6122 | JR27: 127.0.0.1:6122 | JS27: 127.0.0.1:6071 | JT27: 127.0.0.1:6061 | JU27: 127.0.0.1:6100 | JV27: 127.0.0.1:6100 | JW27: 127.0.0.1:6072 | JX27: 127.0.0.1:6034 | JY27: 127.0.0.1:6041 | JZ27: 127.0.0.1:6041 | KA27: 127.0.0.1:6127 | KB27: 127.0.0.1:6029 | KC27: 127.0.0.1:6048 | KD27: 127.0.0.1:6027 | KE27: 127.0.0.1:6090 | KF27: 127.0.0.1:6004 | KG27: 127.0.0.1:6004 | KH27: 127.0.0.1:6093 | KI27: 127.0.0.1:6009 | KJ27: 127.0.0.1:6009 | KK27: 127.0.0.1:6006 | KL27: 127.0.0.1:6014 | KM27: 127.0.0.1:6058 | KN27: 127.0.0.1:6091 | KO27: 127.0.0.1:6085 | KP27: 127.0.0.1:6078 | KQ27: 127.0.0.1:6111 | KR27: 127.0.0.1:6105 | KS27: 127.0.0.1:6001 | KT27: 127.0.0.1:6115 | KU27: 127.0.0.1:6019 | KV27: 127.0.0.1:6041 | KW27: 127.0.0.1:6074 | KX27: 127.0.0.1:6074 | KY27: 127.0.0.1:6035 | KZ27: 127.0.0.1:6047 | LA27: 127.0.0.1:6009 | LB27: 127.0.0.1:6042 | LC27: 127.0.0.1:6120 | LD27: 127.0.0.1:6011 | LE27: 127.0.0.1:6049 | LF27: 127.0.0.1:6081 | LG27: 127.0.0.1:6001 | LH27: 127.0.0.1:6066 | LI27: 127.0.0.1:6011 | LJ27: 127.0.0.1:6092 | LK27: 127.0.0.1:6108 | LL27: 127.0.0.1:6071 | LM27: 127.0.0.1:6076 | LN27: 127.0.0.1:6018 | LO27: 127.0.0.1:6107 | LP27: 127.0.0.1:6078 | LQ27: 127.0.0.1:6007 | LR27: 127.0.0.1:6007 | LS27: 127.0.0.1:6009 | LT27: 127.0.0.1:6105 | LU27: 127.0.0.1:6040 | LV27: 127.0.0.1:6040 | LW27: 127.0.0.1:6005 | LX27: 127.0.0.1:6095 | LY27: 127.0.0.1:6052 | LZ27: 127.0.0.1:6099 | MA27: 127.0.0.1:6022 | MB27: 127.0.0.1:6009 | MC27: 127.0.0.1:6001 | MD27: 127.0.0.1:6001 | ME27: 127.0.0.1:6013 | MF27: 127.0.0.1:6098 | MG27: 127.0.0.1:6098 | MH27: 127.0.0.1:6103 | MI27: 127.0.0.1:6040 | MJ27: 127.0.0.1:6053 | MK27: 127.0.0.1:6095 | ML27: 127.0.0.1:6061 | MM27: 127.0.0.1:6115 | MN27: 127.0.0.1:6127 | MO27: 127.0.0.1:6074 | MP27: 127.0.0.1:6076 | MQ27: 127.0.0.1:6037 | MR27: 127.0.0.1:6037 | MS27: 127.0.0.1:6047 | MT27: 127.0.0.1:6047 | MU27: 127.0.0.1:6051 | MV27: 127.0.0.1:6011 | MW27: 127.0.0.1:6075 | MX27: 127.0.0.1:6061 | MY27: 127.0.0.1:6018 | MZ27: 127.0.0.1:6078 | NA27: 127.0.0.1:6009 | NB27: 127.0.0.1:6112 | NC27: 127.0.0.1:6095 | ND27: 127.0.0.1:6054 | NE27: 127.0.0.1:6026 | NF27: 127.0.0.1:6015 | NG27: 127.0.0.1:6092 | NH27: 127.0.0.1:6122 | NI27: 127.0.0.1:6057 | NJ27: 127.0.0.1:6007 | NK27: 127.0.0.1:6042 | NL27: 127.0.0.1:6042 | NM27: 127.0.0.1:6089 | NN27: 127.0.0.1:6001 | NO27: 127.0.0.1:6098 | NP27: 127.0.0.1:6113 | NQ27: 127.0.0.1:6086 | NR27: 127.0.0.1:6086 | NS27: 127.0.0.1:6095 | NT27: 127.0.0.1:6094 | NU27: 127.0.0.1:6120 | NV27: 127.0.0.1:6036 | NW27: 127.0.0.1:6071 | NX27: 127.0.0.1:6071 | NY27: 127.0.0.1:6057 | NZ27: 127.0.0.1:6006 | OA27: 127.0.0.1:6020 | OB27: 127.0.0.1:6042 | OC27: 127.0.0.1:6105 | OD27: 127.0.0.1:6052 | OE27: 127.0.0.1:6052 | OF27: 127.0.0.1:6061 | OG27: 127.0.0.1:6023 | OH27: 127.0.0.1:6070 | OI27: 127.0.0.1:6049 | OJ27: 127.0.0.1:6092 | OK27: 127.0.0.1:6071 | OL27: 127.0.0.1:6004 | OM27: 127.0.0.1:6078 | ON27: 127.0.0.1:6089 | OO27: 127.0.0.1:6103 | OP27: 127.0.0.1:6028 | OQ27: 127.0.0.1:6019 | OR27: 127.0.0.1:6074 | OS27: 127.0.0.1:6037 | OT27: 127.0.0.1:6020 | OU27: 127.0.0.1:6020 | OV27: 127.0.0.1:6065 | OW27: 127.0.0.1:6077 | OX27: 127.0.0.1:6066 | OY27: 127.0.0.1:6101 | OZ27: 127.0.0.1:6036 | PA27: 127.0.0.1:6052 | PB27: 127.0.0.1:6054 | PC27: 127.0.0.1:6054 | PD27: 127.0.0.1:6017 | PE27: 127.0.0.1:6034 | PF27: 127.0.0.1:6076 | PG27: 127.0.0.1:6020 | PH27: 127.0.0.1:6077 | PI27: 127.0.0.1:6101 | PJ27: 127.0.0.1:6000 | PK27: 127.0.0.1:6081 | PL27: 127.0.0.1:6115 | PM27: 127.0.0.1:6018 | PN27: 127.0.0.1:6018 | PO27: 127.0.0.1:6037 | PP27: 127.0.0.1:6106 | PQ27: 127.0.0.1:6011 | PR27: 127.0.0.1:6011 | PS27: 127.0.0.1:6097 | PT27: 127.0.0.1:6097 | PU27: 127.0.0.1:6101 | PV27: 127.0.0.1:6107 | PW27: 127.0.0.1:6054 | PX27: 127.0.0.1:6116 | PY27: 127.0.0.1:6049 | PZ27: 127.0.0.1:6006 | QA27: 127.0.0.1:6006 | QB27: 127.0.0.1:6042 | QC27: 127.0.0.1:6001 | QD27: 127.0.0.1:6040 | QE27: 127.0.0.1:6028 | QF27: 127.0.0.1:6011 | QG27: 127.0.0.1:6101 | QH27: 127.0.0.1:6045 | QI27: 127.0.0.1:6081 | QJ27: 127.0.0.1:6081 | QK27: 127.0.0.1:6085 | QL27: 127.0.0.1:6012 | QM27: 127.0.0.1:6012 | QN27: 127.0.0.1:6098 | QO27: 127.0.0.1:6040 | QP27: 127.0.0.1:6075 | QQ27: 127.0.0.1:6116 | QR27: 127.0.0.1:6116 | QS27: 127.0.0.1:6110 | QT27: 127.0.0.1:6034 | QU27: 127.0.0.1:6044 | QV27: 127.0.0.1:6030 | QW27: 127.0.0.1:6030 | QX27: 127.0.0.1:6011 | QY27: 127.0.0.1:6048 | QZ27: 127.0.0.1:6064 | RA27: 127.0.0.1:6104 | RB27: 127.0.0.1:6081 | RC27: 127.0.0.1:6003 | RD27: 127.0.0.1:6040 | RE27: 127.0.0.1:6112 | RF27: 127.0.0.1:6052 | RG27: 127.0.0.1:6017 | RH27: 127.0.0.1:6019 | RI27: 127.0.0.1:6076 | RJ27: 127.0.0.1:6044 | RK27: 127.0.0.1:6011 | RL27: 127.0.0.1:6027 | RM27: 127.0.0.1:6064 | RN27: 127.0.0.1:6015 | RO27: 127.0.0.1:6122 | RP27: 127.0.0.1:6007 | RQ27: 127.0.0.1:6084 | RR27: 127.0.0.1:6001 | RS27: 127.0.0.1:6086 | RT27: 127.0.0.1:6083 | RU27: 127.0.0.1:6094 | RV27: 127.0.0.1:6104 | RW27: 127.0.0.1:6003 | RX27: 127.0.0.1:6019 | RY27: 127.0.0.1:6051 | RZ27: 127.0.0.1:6022 | SA27: 127.0.0.1:6116 | SB27: 127.0.0.1:6100 | SC27: 127.0.0.1:6021 | SD27: 127.0.0.1:6120 | SE27: 127.0.0.1:6104 | SF27: 127.0.0.1:6071 | SG27: 127.0.0.1:6025 | SH27: 127.0.0.1:6007 | SI27: 127.0.0.1:6040 | SJ27: 127.0.0.1:6095 | SK27: 127.0.0.1:6074 | SL27: 127.0.0.1:6120 | SM27: 127.0.0.1:6105 | SN27: 127.0.0.1:6034 | SO27: 127.0.0.1:6081 | SP27: 127.0.0.1:6092 | SQ27: 127.0.0.1:6004 | SR27: 127.0.0.1:6025 | SS27: 127.0.0.1:6009 | ST27: 127.0.0.1:6110 | SU27: 127.0.0.1:6115 | SV27: 127.0.0.1:6079 | SW27: 127.0.0.1:6013 | SX27: 127.0.0.1:6103 | SY27: 127.0.0.1:6112 | SZ27: 127.0.0.1:6061 | TA27: 127.0.0.1:6061 | TB27: 127.0.0.1:6055 | TC27: 127.0.0.1:6017 | TD27: 127.0.0.1:6047 | TE27: 127.0.0.1:6123 | TF27: 127.0.0.1:6049 | TG27: 127.0.0.1:6110 | TH27: 127.0.0.1:6041 | TI27: 127.0.0.1:6035 | TJ27: 127.0.0.1:6106 | TK27: 127.0.0.1:6099 | TL27: 127.0.0.1:6081 | TM27: 127.0.0.1:6057 | TN27: 127.0.0.1:6001 | TO27: 127.0.0.1:6061 | TP27: 127.0.0.1:6054 | TQ27: 127.0.0.1:6094 | TR27: 127.0.0.1:6094 | TS27: 127.0.0.1:6016 | TT27: 127.0.0.1:6019 | TU27: 127.0.0.1:6011 | TV27: 127.0.0.1:6049 | TW27: 127.0.0.1:6049 | TX27: 127.0.0.1:6038 | TY27: 127.0.0.1:6060 | TZ27: 127.0.0.1:6034 | UA27: 127.0.0.1:6034 | UB27: 127.0.0.1:6124 | UC27: 127.0.0.1:6081 | UD27: 127.0.0.1:6001 | UE27: 127.0.0.1:6115 | UF27: 127.0.0.1:6085 | UG27: 127.0.0.1:6119 | UH27: 127.0.0.1:6003 | UI27: 127.0.0.1:6003 | UJ27: 127.0.0.1:6092 | UK27: 127.0.0.1:6042 | UL27: 127.0.0.1:6012 | UM27: 127.0.0.1:6103 | UN27: 127.0.0.1:6039 | UO27: 127.0.0.1:6039 | UP27: 127.0.0.1:6062 | UQ27: 127.0.0.1:6062 | UR27: 127.0.0.1:6052 | US27: 127.0.0.1:6034 | UT27: 127.0.0.1:6115 | UU27: 127.0.0.1:6115 | UV27: 127.0.0.1:6119 | UW27: 127.0.0.1:6119 | UX27: 127.0.0.1:6096 | UY27: 127.0.0.1:6096 | UZ27: 127.0.0.1:6019 | VA27: 127.0.0.1:6092 | VB27: 127.0.0.1:6095 | VC27: 127.0.0.1:6048 | VD27: 127.0.0.1:6104 | VE27: 127.0.0.1:6105 | VF27: 127.0.0.1:6106 | VG27: 127.0.0.1:6102 | VH27: 127.0.0.1:6085 | VI27: 127.0.0.1:6085 | VJ27: 127.0.0.1:6015 | VK27: 127.0.0.1:6025 | VL27: 127.0.0.1:6105 | VM27: 127.0.0.1:6105 | VN27: 127.0.0.1:6084 | VO27: 127.0.0.1:6013 | VP27: 127.0.0.1:6113 | VQ27: 127.0.0.1:6052 | VR27: 127.0.0.1:6076 | VS27: 127.0.0.1:6109 | VT27: 127.0.0.1:6056 | VU27: 127.0.0.1:6043 | VV27: 127.0.0.1:6102 | VW27: 127.0.0.1:6092 | VX27: 127.0.0.1:6127 | VY27: 127.0.0.1:6035 | VZ27: 127.0.0.1:6010 | WA27: 127.0.0.1:6027 | WB27: 127.0.0.1:6049 | WC27: 127.0.0.1:6045 | WD27: 127.0.0.1:6085 | WE27: 127.0.0.1:6003 | WF27: 127.0.0.1:6071 | WG27: 127.0.0.1:6009 | WH27: 127.0.0.1:6020 | WI27: 127.0.0.1:6082 | WJ27: 127.0.0.1:6101 | WK27: 127.0.0.1:6108 | WL27: 127.0.0.1:6078 | WM27: 127.0.0.1:6098 | WN27: 127.0.0.1:6112 | WO27: 127.0.0.1:6014 | WP27: 127.0.0.1:6100 | WQ27: 127.0.0.1:6016 | WR27: 127.0.0.1:6035 | WS27: 127.0.0.1:6071 | WT27: 127.0.0.1:6001 | WU27: 127.0.0.1:6066 | WV27: 127.0.0.1:6107 | WW27: 127.0.0.1:6107 | WX27: 127.0.0.1:6026 | WY27: 127.0.0.1:6025 | WZ27: 127.0.0.1:6103 | XA27: 127.0.0.1:6017 | XB27: 127.0.0.1:6022 | XC27: 127.0.0.1:6022 | XD27: 127.0.0.1:6049 | XE27: 127.0.0.1:6104 | XF27: 127.0.0.1:6034 | XG27: 127.0.0.1:6119 | XH27: 127.0.0.1:6019 | XI27: 127.0.0.1:6019 | XJ27: 127.0.0.1:6126 | XK27: 127.0.0.1:6127 | XL27: 127.0.0.1:6076 | XM27: 127.0.0.1:6057 | XN27: 127.0.0.1:6061 | XO27: 127.0.0.1:6017 | XP27: 127.0.0.1:6017 | XQ27: 127.0.0.1:6067 | XR27: 127.0.0.1:6110 | XS27: 127.0.0.1:6020 | XT27: 127.0.0.1:6118 | XU27: 127.0.0.1:6120 | XV27: 127.0.0.1:6120 | XW27: 127.0.0.1:6106 | XX27: 127.0.0.1:6001 | XY27: 127.0.0.1:6001 | XZ27: 127.0.0.1:6013 | YA27: 127.0.0.1:6088 | YB27: 127.0.0.1:6061 | YC27: 127.0.0.1:6100 | YD27: 127.0.0.1:6034 | YE27: 127.0.0.1:6041 | YF27: 127.0.0.1:6059 | YG27: 127.0.0.1:6059 | YH27: 127.0.0.1:6018 | YI27: 127.0.0.1:6047 | YJ27: 127.0.0.1:6020 | YK27: 127.0.0.1:6120 | YL27: 127.0.0.1:6044 | YM27: 127.0.0.1:6101 | YN27: 127.0.0.1:6095 | YO27: 127.0.0.1:6095 | YP27: 127.0.0.1:6032 | YQ27: 127.0.0.1:6017 | YR27: 127.0.0.1:6116 | YS27: 127.0.0.1:6094 | YT27: 127.0.0.1:6034 | YU27: 127.0.0.1:6076 | YV27: 127.0.0.1:6076 | YW27: 127.0.0.1:6059 | YX27: 127.0.0.1:6037 | YY27: 127.0.0.1:6011 | YZ27: 127.0.0.1:6092 | ZA27: 127.0.0.1:6092 | ZB27: 127.0.0.1:6080 | ZC27: 127.0.0.1:6108 | ZD27: 127.0.0.1:6089 | ZE27: 127.0.0.1:6039 | ZF27: 127.0.0.1:6052 | ZG27: 127.0.0.1:6099 | ZH27: 127.0.0.1:6071 | ZI27: 127.0.0.1:6061 | ZJ27: 127.0.0.1:6115 | ZK27: 127.0.0.1:6019 | ZL27: 127.0.0.1:6041 | ZM27: 127.0.0.1:6020 | ZN27: 127.0.0.1:6106 | ZO27: 127.0.0.1:6106 | ZP27: 127.0.0.1:6050 | ZQ27: 127.0.0.1:6087 | ZR27: # FOUND
A28: =IF(COUNTIF(E28:ALS28, "*FOUND*") > 0, "", "F") | B28: =IF(COUNTA(F28:AO28)>0, COUNTA(F28:AO28), "") -> 20 | C28: Node(128) | D28: 25 | E28: 127.0.0.1:6000 - 127.0.0.1:6044 | F28: 127.0.0.1:6000 | G28: 127.0.0.1:6071 | H28: 127.0.0.1:6076 | I28: 127.0.0.1:6037 | J28: 127.0.0.1:6114 | K28: 127.0.0.1:6003 | L28: 127.0.0.1:6007 | M28: 127.0.0.1:6017 | N28: 127.0.0.1:6110 | O28: 127.0.0.1:6038 | P28: 127.0.0.1:6085 | Q28: 127.0.0.1:6092 | R28: 127.0.0.1:6024 | S28: 127.0.0.1:6071 | T28: 127.0.0.1:6071 | U28: 127.0.0.1:6057 | V28: 127.0.0.1:6059 | W28: 127.0.0.1:6047 | X28: 127.0.0.1:6044 | Y28: # FOUND
A29: =IF(COUNTIF(E29:ALS29, "*FOUND*") > 0, "", "F") | B29: =IF(COUNTA(F29:AO29)>0, COUNTA(F29:AO29), "") -> 36 | C29: Node(128) | D29: 26 | E29: 127.0.0.1:6000 - 127.0.0.1:6066 | F29: 127.0.0.1:6000 | G29: 127.0.0.1:6061 | H29: 127.0.0.1:6018 | I29: 127.0.0.1:6123 | J29: 127.0.0.1:6123 | K29: 127.0.0.1:6117 | L29: 127.0.0.1:6049 | M29: 127.0.0.1:6081 | N29: 127.0.0.1:6115 | O29: 127.0.0.1:6127 | P29: 127.0.0.1:6018 | Q29: 127.0.0.1:6120 | R29: 127.0.0.1:6036 | S29: 127.0.0.1:6036 | T29: 127.0.0.1:6010 | U29: 127.0.0.1:6090 | V29: 127.0.0.1:6055 | W29: 127.0.0.1:6100 | X29: 127.0.0.1:6115 | Y29: 127.0.0.1:6018 | Z29: 127.0.0.1:6030 | AA29: 127.0.0.1:6048 | AB29: 127.0.0.1:6122 | AC29: 127.0.0.1:6105 | AD29: 127.0.0.1:6001 | AE29: 127.0.0.1:6040 | AF29: 127.0.0.1:6052 | AG29: 127.0.0.1:6052 | AH29: 127.0.0.1:6061 | AI29: 127.0.0.1:6023 | AJ29: 127.0.0.1:6073 | AK29: 127.0.0.1:6104 | AL29: 127.0.0.1:6104 | AM29: 127.0.0.1:6063 | AN29: 127.0.0.1:6063 | AO29: 127.0.0.1:6060 | AP29: 127.0.0.1:6060 | AQ29: 127.0.0.1:6102 | AR29: 127.0.0.1:6071 | AS29: 127.0.0.1:6004 | AT29: 127.0.0.1:6007 | AU29: 127.0.0.1:6047 | AV29: 127.0.0.1:6011 | AW29: 127.0.0.1:6075 | AX29: 127.0.0.1:6126 | AY29: 127.0.0.1:6035 | AZ29: 127.0.0.1:6035 | BA29: 127.0.0.1:6076 | BB29: 127.0.0.1:6020 | BC29: 127.0.0.1:6101 | BD29: 127.0.0.1:6101 | BE29: 127.0.0.1:6048 | BF29: 127.0.0.1:6083 | BG29: 127.0.0.1:6035 | BH29: 127.0.0.1:6059 | BI29: 127.0.0.1:6066 | BJ29: # FOUND
A30: =IF(COUNTIF(E30:ALS30, "*FOUND*") > 0, "", "F") | B30: =IF(COUNTA(F30:AO30)>0, COUNTA(F30:AO30), "") -> 36 | C30: Node(128) | D30: 27 | E30: 127.0.0.1:6000 - 127.0.0.1:6068 | F30: 127.0.0.1:6000 | G30: 127.0.0.1:6000 | H30: 127.0.0.1:6000 | I30: 127.0.0.1:6109 | J30: 127.0.0.1:6107 | K30: 127.0.0.1:6064 | L30: 127.0.0.1:6025 | M30: 127.0.0.1:6017 | N30: 127.0.0.1:6072 | O30: 127.0.0.1:6119 | P30: 127.0.0.1:6041 | Q30: 127.0.0.1:6101 | R30: 127.0.0.1:6036 | S30: 127.0.0.1:6099 | T30: 127.0.0.1:6061 | U30: 127.0.0.1:6061 | V30: 127.0.0.1:6055 | W30: 127.0.0.1:6115 | X30: 127.0.0.1:6079 | Y30: 127.0.0.1:6079 | Z30: 127.0.0.1:6030 | AA30: 127.0.0.1:6026 | AB30: 127.0.0.1:6017 | AC30: 127.0.0.1:6034 | AD30: 127.0.0.1:6081 | AE30: 127.0.0.1:6081 | AF30: 127.0.0.1:6085 | AG30: 127.0.0.1:6108 | AH30: 127.0.0.1:6095 | AI30: 127.0.0.1:6083 | AJ30: 127.0.0.1:6036 | AK30: 127.0.0.1:6000 | AL30: 127.0.0.1:6107 | AM30: 127.0.0.1:6114 | AN30: 127.0.0.1:6007 | AO30: 127.0.0.1:6007 | AP30: 127.0.0.1:6009 | AQ30: 127.0.0.1:6009 | AR30: 127.0.0.1:6006 | AS30: 127.0.0.1:6089 | AT30: 127.0.0.1:6094 | AU30: 127.0.0.1:6124 | AV30: 127.0.0.1:6115 | AW30: 127.0.0.1:6085 | AX30: 127.0.0.1:6078 | AY30: 127.0.0.1:6017 | AZ30: 127.0.0.1:6019 | BA30: 127.0.0.1:6074 | BB30: 127.0.0.1:6048 | BC30: 127.0.0.1:6048 | BD30: 127.0.0.1:6036 | BE30: 127.0.0.1:6109 | BF30: 127.0.0.1:6026 | BG30: 127.0.0.1:6026 | BH30: 127.0.0.1:6064 | BI30: 127.0.0.1:6017 | BJ30: 127.0.0.1:6047 | BK30: 127.0.0.1:6022 | BL30: 127.0.0.1:6038 | BM30: 127.0.0.1:6092 | BN30: 127.0.0.1:6108 | BO30: 127.0.0.1:6074 | BP30: 127.0.0.1:6031 | BQ30: 127.0.0.1:6089 | BR30: 127.0.0.1:6120 | BS30: 127.0.0.1:6104 | BT30: 127.0.0.1:6060 | BU30: 127.0.0.1:6081 | BV30: 127.0.0.1:6003 | BW30: 127.0.0.1:6040 | BX30: 127.0.0.1:6017 | BY30: 127.0.0.1:6022 | BZ30: 127.0.0.1:6125 | CA30: 127.0.0.1:6060 | CB30: 127.0.0.1:6085 | CC30: 127.0.0.1:6012 | CD30: 127.0.0.1:6113 | CE30: 127.0.0.1:6017 | CF30: 127.0.0.1:6017 | CG30: 127.0.0.1:6067 | CH30: 127.0.0.1:6072 | CI30: 127.0.0.1:6029 | CJ30: 127.0.0.1:6108 | CK30: 127.0.0.1:6108 | CL30: 127.0.0.1:6031 | CM30: 127.0.0.1:6083 | CN30: 127.0.0.1:6083 | CO30: 127.0.0.1:6039 | CP30: 127.0.0.1:6061 | CQ30: 127.0.0.1:6054 | CR30: 127.0.0.1:6119 | CS30: 127.0.0.1:6035 | CT30: 127.0.0.1:6047 | CU30: 127.0.0.1:6009 | CV30: 127.0.0.1:6042 | CW30: 127.0.0.1:6095 | CX30: 127.0.0.1:6039 | CY30: 127.0.0.1:6017 | CZ30: 127.0.0.1:6116 | DA30: 127.0.0.1:6034 | DB30: 127.0.0.1:6034 | DC30: 127.0.0.1:6124 | DD30: 127.0.0.1:6119 | DE30: 127.0.0.1:6037 | DF30: 127.0.0.1:6111 | DG30: 127.0.0.1:6113 | DH30: 127.0.0.1:6019 | DI30: 127.0.0.1:6076 | DJ30: 127.0.0.1:6044 | DK30: 127.0.0.1:6001 | DL30: 127.0.0.1:6086 | DM30: 127.0.0.1:6052 | DN30: 127.0.0.1:6054 | DO30: 127.0.0.1:6037 | DP30: 127.0.0.1:6037 | DQ30: 127.0.0.1:6047 | DR30: 127.0.0.1:6047 | DS30: 127.0.0.1:6051 | DT30: 127.0.0.1:6051 | DU30: 127.0.0.1:6123 | DV30: 127.0.0.1:6020 | DW30: 127.0.0.1:6091 | DX30: 127.0.0.1:6092 | DY30: 127.0.0.1:6122 | DZ30: 127.0.0.1:6052 | EA30: 127.0.0.1:6017 | EB30: 127.0.0.1:6110 | EC30: 127.0.0.1:6110 | ED30: 127.0.0.1:6014 | EE30: 127.0.0.1:6072 | EF30: 127.0.0.1:6120 | EG30: 127.0.0.1:6105 | EH30: 127.0.0.1:6040 | EI30: 127.0.0.1:6019 | EJ30: 127.0.0.1:6051 | EK30: 127.0.0.1:6020 | EL30: 127.0.0.1:6042 | EM30: 127.0.0.1:6021 | EN30: 127.0.0.1:6125 | EO30: 127.0.0.1:6081 | EP30: 127.0.0.1:6092 | EQ30: 127.0.0.1:6071 | ER30: 127.0.0.1:6025 | ES30: 127.0.0.1:6037 | ET30: 127.0.0.1:6020 | EU30: 127.0.0.1:6020 | EV30: 127.0.0.1:6065 | EW30: 127.0.0.1:6118 | EX30: 127.0.0.1:6044 | EY30: 127.0.0.1:6044 | EZ30: 127.0.0.1:6066 | FA30: 127.0.0.1:6066 | FB30: 127.0.0.1:6068 | FC30: # FOUND
A31: =IF(COUNTIF(E31:ALS31, "*FOUND*") > 0, "", "F") | B31: =IF(COUNTA(F31:AO31)>0, COUNTA(F31:AO31), "") -> 36 | C31: Node(128) | D31: 28 | E31: 127.0.0.1:6000 - 127.0.0.1:6079 | F31: 127.0.0.1:6000 | G31: 127.0.0.1:6022 | H31: 127.0.0.1:6081 | I31: 127.0.0.1:6057 | J31: 127.0.0.1:6057 | K31: 127.0.0.1:6004 | L31: 127.0.0.1:6009 | M31: 127.0.0.1:6105 | N31: 127.0.0.1:6052 | O31: 127.0.0.1:6034 | P31: 127.0.0.1:6115 | Q31: 127.0.0.1:6119 | R31: 127.0.0.1:6011 | S31: 127.0.0.1:6011 | T31: 127.0.0.1:6097 | U31: 127.0.0.1:6048 | V31: 127.0.0.1:6010 | W31: 127.0.0.1:6070 | X31: 127.0.0.1:6038 | Y31: 127.0.0.1:6006 | Z31: 127.0.0.1:6084 | AA31: 127.0.0.1:6040 | AB31: 127.0.0.1:6011 | AC31: 127.0.0.1:6101 | AD31: 127.0.0.1:6000 | AE31: 127.0.0.1:6081 | AF31: 127.0.0.1:6001 | AG31: 127.0.0.1:6061 | AH31: 127.0.0.1:6017 | AI31: 127.0.0.1:6072 | AJ31: 127.0.0.1:6125 | AK31: 127.0.0.1:6015 | AL31: 127.0.0.1:6103 | AM31: 127.0.0.1:6019 | AN31: 127.0.0.1:6011 | AO31: 127.0.0.1:6048 | AP31: 127.0.0.1:6027 | AQ31: 127.0.0.1:6081 | AR31: 127.0.0.1:6115 | AS31: 127.0.0.1:6019 | AT31: 127.0.0.1:6092 | AU31: 127.0.0.1:6004 | AV31: 127.0.0.1:6042 | AW31: 127.0.0.1:6120 | AX31: 127.0.0.1:6120 | AY31: 127.0.0.1:6106 | AZ31: 127.0.0.1:6068 | BA31: 127.0.0.1:6068 | BB31: 127.0.0.1:6079 | BC31: # FOUND
A32: =IF(COUNTIF(E32:ALS32, "*FOUND*") > 0, "", "F") | B32: =IF(COUNTA(F32:AO32)>0, COUNTA(F32:AO32), "") -> 36 | C32: Node(128) | D32: 29 | E32: 127.0.0.1:6000 - 127.0.0.1:6030 | F32: 127.0.0.1:6000 | G32: 127.0.0.1:6071 | H32: 127.0.0.1:6009 | I32: 127.0.0.1:6001 | J32: 127.0.0.1:6115 | K32: 127.0.0.1:6127 | L32: 127.0.0.1:6120 | M32: 127.0.0.1:6044 | N32: 127.0.0.1:6011 | O32: 127.0.0.1:6027 | P32: 127.0.0.1:6057 | Q32: 127.0.0.1:6078 | R32: 127.0.0.1:6037 | S32: 127.0.0.1:6106 | T32: 127.0.0.1:6011 | U32: 127.0.0.1:6049 | V32: 127.0.0.1:6092 | W32: 127.0.0.1:6042 | X32: 127.0.0.1:6042 | Y32: 127.0.0.1:6089 | Z32: 127.0.0.1:6089 | AA32: 127.0.0.1:6105 | AB32: 127.0.0.1:6034 | AC32: 127.0.0.1:6119 | AD32: 127.0.0.1:6003 | AE32: 127.0.0.1:6019 | AF32: 127.0.0.1:6019 | AG32: 127.0.0.1:6126 | AH32: 127.0.0.1:6076 | AI32: 127.0.0.1:6109 | AJ32: 127.0.0.1:6070 | AK32: 127.0.0.1:6045 | AL32: 127.0.0.1:6108 | AM32: 127.0.0.1:6122 | AN32: 127.0.0.1:6035 | AO32: 127.0.0.1:6106 | AP32: 127.0.0.1:6099 | AQ32: 127.0.0.1:6099 | AR32: 127.0.0.1:6000 | AS32: 127.0.0.1:6061 | AT32: 127.0.0.1:6100 | AU32: 127.0.0.1:6127 | AV32: 127.0.0.1:6101 | AW32: 127.0.0.1:6107 | AX32: 127.0.0.1:6070 | AY32: 127.0.0.1:6081 | AZ32: 127.0.0.1:6081 | BA32: 127.0.0.1:6085 | BB32: 127.0.0.1:6119 | BC32: 127.0.0.1:6119 | BD32: 127.0.0.1:6096 | BE32: 127.0.0.1:6041 | BF32: 127.0.0.1:6092 | BG32: 127.0.0.1:6095 | BH32: 127.0.0.1:6052 | BI32: 127.0.0.1:6076 | BJ32: 127.0.0.1:6057 | BK32: 127.0.0.1:6007 | BL32: 127.0.0.1:6042 | BM32: 127.0.0.1:6105 | BN32: 127.0.0.1:6106 | BO32: 127.0.0.1:6102 | BP32: 127.0.0.1:6001 | BQ32: 127.0.0.1:6066 | BR32: 127.0.0.1:6011 | BS32: 127.0.0.1:6092 | BT32: 127.0.0.1:6127 | BU32: 127.0.0.1:6108 | BV32: 127.0.0.1:6071 | BW32: 127.0.0.1:6001 | BX32: 127.0.0.1:6001 | BY32: 127.0.0.1:6013 | BZ32: 127.0.0.1:6054 | CA32: 127.0.0.1:6026 | CB32: 127.0.0.1:6114 | CC32: 127.0.0.1:6017 | CD32: 127.0.0.1:6034 | CE32: 127.0.0.1:6041 | CF32: 127.0.0.1:6041 | CG32: 127.0.0.1:6127 | CH32: 127.0.0.1:6127 | CI32: 127.0.0.1:6046 | CJ32: 127.0.0.1:6074 | CK32: 127.0.0.1:6074 | CL32: 127.0.0.1:6035 | CM32: 127.0.0.1:6010 | CN32: 127.0.0.1:6102 | CO32: 127.0.0.1:6034 | CP32: 127.0.0.1:6076 | CQ32: 127.0.0.1:6076 | CR32: 127.0.0.1:6059 | CS32: 127.0.0.1:6109 | CT32: 127.0.0.1:6091 | CU32: 127.0.0.1:6042 | CV32: 127.0.0.1:6001 | CW32: 127.0.0.1:6098 | CX32: 127.0.0.1:6083 | CY32: 127.0.0.1:6052 | CZ32: 127.0.0.1:6099 | DA32: 127.0.0.1:6027 | DB32: 127.0.0.1:6061 | DC32: 127.0.0.1:6115 | DD32: 127.0.0.1:6018 | DE32: 127.0.0.1:6078 | DF32: 127.0.0.1:6078 | DG32: 127.0.0.1:6025 | DH32: 127.0.0.1:6025 | DI32: 127.0.0.1:6111 | DJ32: 127.0.0.1:6017 | DK32: 127.0.0.1:6019 | DL32: 127.0.0.1:6041 | DM32: 127.0.0.1:6074 | DN32: 127.0.0.1:6076 | DO32: 127.0.0.1:6018 | DP32: 127.0.0.1:6018 | DQ32: 127.0.0.1:6037 | DR32: 127.0.0.1:6011 | DS32: 127.0.0.1:6075 | DT32: 127.0.0.1:6101 | DU32: 127.0.0.1:6045 | DV32: 127.0.0.1:6042 | DW32: 127.0.0.1:6012 | DX32: 127.0.0.1:6095 | DY32: 127.0.0.1:6061 | DZ32: 127.0.0.1:6018 | EA32: 127.0.0.1:6047 | EB32: 127.0.0.1:6123 | EC32: 127.0.0.1:6077 | ED32: 127.0.0.1:6042 | EE32: 127.0.0.1:6095 | EF32: 127.0.0.1:6054 | EG32: 127.0.0.1:6054 | EH32: 127.0.0.1:6017 | EI32: 127.0.0.1:6047 | EJ32: 127.0.0.1:6020 | EK32: 127.0.0.1:6077 | EL32: 127.0.0.1:6077 | EM32: 127.0.0.1:6082 | EN32: 127.0.0.1:6042 | EO32: 127.0.0.1:6021 | EP32: 127.0.0.1:6021 | EQ32: 127.0.0.1:6094 | ER32: 127.0.0.1:6119 | ES32: 127.0.0.1:6019 | ET32: 127.0.0.1:6074 | EU32: 127.0.0.1:6037 | EV32: 127.0.0.1:6114 | EW32: 127.0.0.1:6114 | EX32: 127.0.0.1:6069 | EY32: 127.0.0.1:6038 | EZ32: 127.0.0.1:6014 | FA32: 127.0.0.1:6094 | FB32: 127.0.0.1:6035 | FC32: 127.0.0.1:6071 | FD32: 127.0.0.1:6061 | FE32: 127.0.0.1:6023 | FF32: 127.0.0.1:6085 | FG32: 127.0.0.1:6085 | FH32: 127.0.0.1:6015 | FI32: 127.0.0.1:6119 | FJ32: 127.0.0.1:6041 | FK32: 127.0.0.1:6035 | FL32: 127.0.0.1:6035 | FM32: 127.0.0.1:6076 | FN32: 127.0.0.1:6037 | FO32: 127.0.0.1:6111 | FP32: 127.0.0.1:6047 | FQ32: 127.0.0.1:6118 | FR32: 127.0.0.1:6101 | FS32: 127.0.0.1:6108 | FT32: 127.0.0.1:6078 | FU32: 127.0.0.1:6111 | FV32: 127.0.0.1:6111 | FW32: 127.0.0.1:6007 | FX32: 127.0.0.1:6084 | FY32: 127.0.0.1:6052 | FZ32: 127.0.0.1:6052 | GA32: 127.0.0.1:6061 | GB32: 127.0.0.1:6061 | GC32: 127.0.0.1:6055 | GD32: 127.0.0.1:6018 | GE32: 127.0.0.1:6123 | GF32: 127.0.0.1:6120 | GG32: 127.0.0.1:6011 | GH32: 127.0.0.1:6011 | GI32: 127.0.0.1:6097 | GJ32: 127.0.0.1:6027 | GK32: 127.0.0.1:6027 | GL32: 127.0.0.1:6109 | GM32: 127.0.0.1:6085 | GN32: 127.0.0.1:6003 | GO32: 127.0.0.1:6003 | GP32: 127.0.0.1:6092 | GQ32: 127.0.0.1:6092 | GR32: 127.0.0.1:6080 | GS32: 127.0.0.1:6031 | GT32: 127.0.0.1:6035 | GU32: 127.0.0.1:6059 | GV32: 127.0.0.1:6004 | GW32: 127.0.0.1:6013 | GX32: 127.0.0.1:6119 | GY32: 127.0.0.1:6035 | GZ32: 127.0.0.1:6047 | HA32: 127.0.0.1:6044 | HB32: 127.0.0.1:6101 | HC32: 127.0.0.1:6095 | HD32: 127.0.0.1:6094 | HE32: 127.0.0.1:6120 | HF32: 127.0.0.1:6036 | HG32: 127.0.0.1:6069 | HH32: 127.0.0.1:6060 | HI32: 127.0.0.1:6092 | HJ32: 127.0.0.1:6024 | HK32: 127.0.0.1:6078 | HL32: 127.0.0.1:6007 | HM32: 127.0.0.1:6040 | HN32: 127.0.0.1:6040 | HO32: 127.0.0.1:6005 | HP32: 127.0.0.1:6052 | HQ32: 127.0.0.1:6054 | HR32: 127.0.0.1:6116 | HS32: 127.0.0.1:6126 | HT32: 127.0.0.1:6123 | HU32: 127.0.0.1:6044 | HV32: 127.0.0.1:6109 | HW32: 127.0.0.1:6004 | HX32: 127.0.0.1:6054 | HY32: 127.0.0.1:6094 | HZ32: 127.0.0.1:6104 | IA32: 127.0.0.1:6102 | IB32: 127.0.0.1:6102 | IC32: 127.0.0.1:6081 | ID32: 127.0.0.1:6003 | IE32: 127.0.0.1:6071 | IF32: 127.0.0.1:6076 | IG32: 127.0.0.1:6020 | IH32: 127.0.0.1:6082 | II32: 127.0.0.1:6082 | IJ32: 127.0.0.1:6118 | IK32: 127.0.0.1:6045 | IL32: 127.0.0.1:6072 | IM32: 127.0.0.1:6072 | IN32: 127.0.0.1:6021 | IO32: 127.0.0.1:6016 | IP32: 127.0.0.1:6106 | IQ32: 127.0.0.1:6001 | IR32: 127.0.0.1:6040 | IS32: 127.0.0.1:6053 | IT32: 127.0.0.1:6061 | IU32: 127.0.0.1:6054 | IV32: 127.0.0.1:6119 | IW32: 127.0.0.1:6037 | IX32: 127.0.0.1:6037 | IY32: 127.0.0.1:6047 | IZ32: 127.0.0.1:6011 | JA32: 127.0.0.1:6101 | JB32: 127.0.0.1:6101 | JC32: 127.0.0.1:6048 | JD32: 127.0.0.1:6064 | JE32: 127.0.0.1:6064 | JF32: 127.0.0.1:6114 | JG32: 127.0.0.1:6070 | JH32: 127.0.0.1:6092 | JI32: 127.0.0.1:6108 | JJ32: 127.0.0.1:6089 | JK32: 127.0.0.1:6084 | JL32: 127.0.0.1:6034 | JM32: 127.0.0.1:6044 | JN32: 127.0.0.1:6085 | JO32: 127.0.0.1:6092 | JP32: 127.0.0.1:6122 | JQ32: 127.0.0.1:6122 | JR32: 127.0.0.1:6071 | JS32: 127.0.0.1:6071 | JT32: 127.0.0.1:6057 | JU32: 127.0.0.1:6006 | JV32: 127.0.0.1:6013 | JW32: 127.0.0.1:6030 | JX32: # FOUND
A33: =IF(COUNTIF(E33:ALS33, "*FOUND*") > 0, "", "F") | B33: =IF(COUNTA(F33:AO33)>0, COUNTA(F33:AO33), "") -> 36 | C33: Node(128) | D33: 30 | E33: 127.0.0.1:6000 - 127.0.0.1:6011 | F33: 127.0.0.1:6000 | G33: 127.0.0.1:6000 | H33: 127.0.0.1:6000 | I33: 127.0.0.1:6109 | J33: 127.0.0.1:6061 | K33: 127.0.0.1:6017 | L33: 127.0.0.1:6022 | M33: 127.0.0.1:6092 | N33: 127.0.0.1:6071 | O33: 127.0.0.1:6004 | P33: 127.0.0.1:6018 | Q33: 127.0.0.1:6120 | R33: 127.0.0.1:6105 | S33: 127.0.0.1:6105 | T33: 127.0.0.1:6084 | U33: 127.0.0.1:6106 | V33: 127.0.0.1:6050 | W33: 127.0.0.1:6099 | X33: 127.0.0.1:6109 | Y33: 127.0.0.1:6109 | Z33: 127.0.0.1:6023 | AA33: 127.0.0.1:6004 | AB33: 127.0.0.1:6004 | AC33: 127.0.0.1:6093 | AD33: 127.0.0.1:6042 | AE33: 127.0.0.1:6120 | AF33: 127.0.0.1:6120 | AG33: 127.0.0.1:6106 | AH33: 127.0.0.1:6087 | AI33: 127.0.0.1:6099 | AJ33: 127.0.0.1:6107 | AK33: 127.0.0.1:6022 | AL33: 127.0.0.1:6009 | AM33: 127.0.0.1:6112 | AN33: 127.0.0.1:6041 | AO33: 127.0.0.1:6059 | AP33: 127.0.0.1:6059 | AQ33: 127.0.0.1:6018 | AR33: 127.0.0.1:6030 | AS33: 127.0.0.1:6030 | AT33: 127.0.0.1:6011 | AU33: # FOUND
A34: =IF(COUNTIF(E34:ALS34, "*FOUND*") > 0, "", "F") | B34: =IF(COUNTA(F34:AO34)>0, COUNTA(F34:AO34), "") -> 36 | C34: Node(128) | D34: 31 | E34: 127.0.0.1:6000 - 127.0.0.1:6097 | F34: 127.0.0.1:6000 | G34: 127.0.0.1:6107 | H34: 127.0.0.1:6125 | I34: 127.0.0.1:6031 | J34: 127.0.0.1:6031 | K34: 127.0.0.1:6002 | L34: 127.0.0.1:6025 | M34: 127.0.0.1:6007 | N34: 127.0.0.1:6017 | O34: 127.0.0.1:6017 | P34: 127.0.0.1:6067 | Q34: 127.0.0.1:6034 | R34: 127.0.0.1:6081 | S34: 127.0.0.1:6092 | T34: 127.0.0.1:6004 | U34: 127.0.0.1:6078 | V34: 127.0.0.1:6009 | W34: 127.0.0.1:6110 | X34: 127.0.0.1:6100 | Y34: 127.0.0.1:6082 | Z34: 127.0.0.1:6120 | AA34: 127.0.0.1:6044 | AB34: 127.0.0.1:6044 | AC34: 127.0.0.1:6066 | AD34: 127.0.0.1:6107 | AE34: 127.0.0.1:6015 | AF34: 127.0.0.1:6015 | AG34: 127.0.0.1:6003 | AH34: 127.0.0.1:6007 | AI34: 127.0.0.1:6047 | AJ34: 127.0.0.1:6009 | AK34: 127.0.0.1:6020 | AL34: 127.0.0.1:6118 | AM34: 127.0.0.1:6042 | AN34: 127.0.0.1:6042 | AO34: 127.0.0.1:6089 | AP34: 127.0.0.1:6001 | AQ34: 127.0.0.1:6086 | AR34: 127.0.0.1:6061 | AS34: 127.0.0.1:6100 | AT34: 127.0.0.1:6043 | AU34: 127.0.0.1:6085 | AV34: 127.0.0.1:6108 | AW34: 127.0.0.1:6095 | AX34: 127.0.0.1:6074 | AY34: 127.0.0.1:6120 | AZ34: 127.0.0.1:6011 | BA34: 127.0.0.1:6049 | BB34: 127.0.0.1:6006 | BC34: 127.0.0.1:6086 | BD34: 127.0.0.1:6100 | BE34: 127.0.0.1:6100 | BF34: 127.0.0.1:6072 | BG34: 127.0.0.1:6094 | BH34: 127.0.0.1:6094 | BI34: 127.0.0.1:6016 | BJ34: 127.0.0.1:6104 | BK34: 127.0.0.1:6081 | BL34: 127.0.0.1:6057 | BM34: 127.0.0.1:6001 | BN34: 127.0.0.1:6061 | BO34: 127.0.0.1:6115 | BP34: 127.0.0.1:6079 | BQ34: 127.0.0.1:6085 | BR34: 127.0.0.1:6078 | BS34: 127.0.0.1:6089 | BT34: 127.0.0.1:6103 | BU34: 127.0.0.1:6103 | BV34: 127.0.0.1:6113 | BW34: 127.0.0.1:6113 | BX34: 127.0.0.1:6040 | BY34: 127.0.0.1:6075 | BZ34: 127.0.0.1:6075 | CA34: 127.0.0.1:6112 | CB34: 127.0.0.1:6101 | CC34: 127.0.0.1:6036 | CD34: 127.0.0.1:6063 | CE34: 127.0.0.1:6102 | CF34: 127.0.0.1:6085 | CG34: 127.0.0.1:6012 | CH34: 127.0.0.1:6054 | CI34: 127.0.0.1:6037 | CJ34: 127.0.0.1:6106 | CK34: 127.0.0.1:6044 | CL34: 127.0.0.1:6079 | CM34: 127.0.0.1:6013 | CN34: 127.0.0.1:6013 | CO34: 127.0.0.1:6012 | CP34: 127.0.0.1:6119 | CQ34: 127.0.0.1:6003 | CR34: 127.0.0.1:6040 | CS34: 127.0.0.1:6112 | CT34: 127.0.0.1:6112 | CU34: 127.0.0.1:6086 | CV34: 127.0.0.1:6127 | CW34: 127.0.0.1:6029 | CX34: 127.0.0.1:6029 | CY34: 127.0.0.1:6074 | CZ34: 127.0.0.1:6048 | DA34: 127.0.0.1:6104 | DB34: 127.0.0.1:6003 | DC34: 127.0.0.1:6019 | DD34: 127.0.0.1:6051 | DE34: 127.0.0.1:6044 | DF34: 127.0.0.1:6030 | DG34: 127.0.0.1:6048 | DH34: 127.0.0.1:6122 | DI34: 127.0.0.1:6057 | DJ34: 127.0.0.1:6061 | DK34: 127.0.0.1:6018 | DL34: 127.0.0.1:6107 | DM34: 127.0.0.1:6078 | DN34: 127.0.0.1:6098 | DO34: 127.0.0.1:6119 | DP34: 127.0.0.1:6119 | DQ34: 127.0.0.1:6096 | DR34: 127.0.0.1:6037 | DS34: 127.0.0.1:6011 | DT34: 127.0.0.1:6092 | DU34: 127.0.0.1:6042 | DV34: 127.0.0.1:6105 | DW34: 127.0.0.1:6001 | DX34: 127.0.0.1:6115 | DY34: 127.0.0.1:6085 | DZ34: 127.0.0.1:6119 | EA34: 127.0.0.1:6019 | EB34: 127.0.0.1:6011 | EC34: 127.0.0.1:6075 | ED34: 127.0.0.1:6086 | EE34: 127.0.0.1:6101 | EF34: 127.0.0.1:6000 | EG34: 127.0.0.1:6022 | EH34: 127.0.0.1:6116 | EI34: 127.0.0.1:6123 | EJ34: 127.0.0.1:6101 | EK34: 127.0.0.1:6107 | EL34: 127.0.0.1:6054 | EM34: 127.0.0.1:6026 | EN34: 127.0.0.1:6070 | EO34: 127.0.0.1:6009 | EP34: 127.0.0.1:6009 | EQ34: 127.0.0.1:6006 | ER34: 127.0.0.1:6014 | ES34: 127.0.0.1:6034 | ET34: 127.0.0.1:6034 | EU34: 127.0.0.1:6124 | EV34: 127.0.0.1:6019 | EW34: 127.0.0.1:6092 | EX34: 127.0.0.1:6095 | EY34: 127.0.0.1:6048 | EZ34: 127.0.0.1:6083 | FA34: 127.0.0.1:6061 | FB34: 127.0.0.1:6023 | FC34: 127.0.0.1:6055 | FD34: 127.0.0.1:6056 | FE34: 127.0.0.1:6085 | FF34: 127.0.0.1:6085 | FG34: 127.0.0.1:6015 | FH34: 127.0.0.1:6092 | FI34: 127.0.0.1:6127 | FJ34: 127.0.0.1:6074 | FK34: 127.0.0.1:6031 | FL34: 127.0.0.1:6122 | FM34: 127.0.0.1:6007 | FN34: 127.0.0.1:6007 | FO34: 127.0.0.1:6009 | FP34: 127.0.0.1:6042 | FQ34: 127.0.0.1:6001 | FR34: 127.0.0.1:6066 | FS34: 127.0.0.1:6085 | FT34: 127.0.0.1:6003 | FU34: 127.0.0.1:6003 | FV34: 127.0.0.1:6092 | FW34: 127.0.0.1:6092 | FX34: 127.0.0.1:6080 | FY34: 127.0.0.1:6122 | FZ34: 127.0.0.1:6105 | GA34: 127.0.0.1:6040 | GB34: 127.0.0.1:6095 | GC34: 127.0.0.1:6095 | GD34: 127.0.0.1:6032 | GE34: 127.0.0.1:6094 | GF34: 127.0.0.1:6034 | GG34: 127.0.0.1:6115 | GH34: 127.0.0.1:6115 | GI34: 127.0.0.1:6119 | GJ34: 127.0.0.1:6041 | GK34: 127.0.0.1:6020 | GL34: 127.0.0.1:6120 | GM34: 127.0.0.1:6036 | GN34: 127.0.0.1:6071 | GO34: 127.0.0.1:6025 | GP34: 127.0.0.1:6009 | GQ34: 127.0.0.1:6105 | GR34: 127.0.0.1:6052 | GS34: 127.0.0.1:6017 | GT34: 127.0.0.1:6116 | GU34: 127.0.0.1:6049 | GV34: 127.0.0.1:6110 | GW34: 127.0.0.1:6072 | GX34: 127.0.0.1:6034 | GY34: 127.0.0.1:6119 | GZ34: 127.0.0.1:6035 | HA34: 127.0.0.1:6106 | HB34: 127.0.0.1:6068 | HC34: 127.0.0.1:6101 | HD34: 127.0.0.1:6045 | HE34: 127.0.0.1:6045 | HF34: 127.0.0.1:6125 | HG34: 127.0.0.1:6089 | HH34: 127.0.0.1:6039 | HI34: 127.0.0.1:6034 | HJ34: 127.0.0.1:6041 | HK34: 127.0.0.1:6101 | HL34: 127.0.0.1:6108 | HM34: 127.0.0.1:6074 | HN34: 127.0.0.1:6074 | HO34: 127.0.0.1:6035 | HP34: 127.0.0.1:6010 | HQ34: 127.0.0.1:6071 | HR34: 127.0.0.1:6009 | HS34: 127.0.0.1:6001 | HT34: 127.0.0.1:6001 | HU34: 127.0.0.1:6013 | HV34: 127.0.0.1:6098 | HW34: 127.0.0.1:6011 | HX34: 127.0.0.1:6011 | HY34: 127.0.0.1:6097 | HZ34: # FOUND
A35: =IF(COUNTIF(E35:ALS35, "*FOUND*") > 0, "", "F") | B35: =IF(COUNTA(F35:AO35)>0, COUNTA(F35:AO35), "") -> 13 | C35: Node(128) | D35: 32 | E35: 127.0.0.1:6000 - 127.0.0.1:6101 | F35: 127.0.0.1:6000 | G35: 127.0.0.1:6081 | H35: 127.0.0.1:6001 | I35: 127.0.0.1:6098 | J35: 127.0.0.1:6098 | K35: 127.0.0.1:6103 | L35: 127.0.0.1:6040 | M35: 127.0.0.1:6052 | N35: 127.0.0.1:6034 | O35: 127.0.0.1:6076 | P35: 127.0.0.1:6044 | Q35: 127.0.0.1:6101 | R35: # FOUND
A36: =IF(COUNTIF(E36:ALS36, "*FOUND*") > 0, "", "F") | B36: =IF(COUNTA(F36:AO36)>0, COUNTA(F36:AO36), "") -> 36 | C36: Node(128) | D36: 33 | E36: 127.0.0.1:6000 - 127.0.0.1:6048 | F36: 127.0.0.1:6000 | G36: 127.0.0.1:6071 | H36: 127.0.0.1:6001 | I36: 127.0.0.1:6040 | J36: 127.0.0.1:6017 | K36: 127.0.0.1:6110 | L36: 127.0.0.1:6034 | M36: 127.0.0.1:6044 | N36: 127.0.0.1:6109 | O36: 127.0.0.1:6056 | P36: 127.0.0.1:6004 | Q36: 127.0.0.1:6025 | R36: 127.0.0.1:6105 | S36: 127.0.0.1:6034 | T36: 127.0.0.1:6081 | U36: 127.0.0.1:6115 | V36: 127.0.0.1:6019 | W36: 127.0.0.1:6019 | X36: 127.0.0.1:6126 | Y36: 127.0.0.1:6092 | Z36: 127.0.0.1:6024 | AA36: 127.0.0.1:6042 | AB36: 127.0.0.1:6012 | AC36: 127.0.0.1:6030 | AD36: 127.0.0.1:6015 | AE36: 127.0.0.1:6122 | AF36: 127.0.0.1:6052 | AG36: 127.0.0.1:6076 | AH36: 127.0.0.1:6109 | AI36: 127.0.0.1:6107 | AJ36: 127.0.0.1:6107 | AK36: 127.0.0.1:6026 | AL36: 127.0.0.1:6049 | AM36: 127.0.0.1:6049 | AN36: 127.0.0.1:6038 | AO36: 127.0.0.1:6038 | AP36: 127.0.0.1:6091 | AQ36: 127.0.0.1:6100 | AR36: 127.0.0.1:6021 | AS36: 127.0.0.1:6034 | AT36: 127.0.0.1:6034 | AU36: 127.0.0.1:6124 | AV36: 127.0.0.1:6041 | AW36: 127.0.0.1:6041 | AX36: 127.0.0.1:6127 | AY36: 127.0.0.1:6076 | AZ36: 127.0.0.1:6057 | BA36: 127.0.0.1:6059 | BB36: 127.0.0.1:6037 | BC36: 127.0.0.1:6114 | BD36: 127.0.0.1:6022 | BE36: 127.0.0.1:6022 | BF36: 127.0.0.1:6049 | BG36: 127.0.0.1:6045 | BH36: 127.0.0.1:6104 | BI36: 127.0.0.1:6071 | BJ36: 127.0.0.1:6061 | BK36: 127.0.0.1:6061 | BL36: 127.0.0.1:6055 | BM36: 127.0.0.1:6055 | BN36: 127.0.0.1:6054 | BO36: 127.0.0.1:6054 | BP36: 127.0.0.1:6017 | BQ36: 127.0.0.1:6072 | BR36: 127.0.0.1:6119 | BS36: 127.0.0.1:6037 | BT36: 127.0.0.1:6111 | BU36: 127.0.0.1:6009 | BV36: 127.0.0.1:6112 | BW36: 127.0.0.1:6052 | BX36: 127.0.0.1:6099 | BY36: 127.0.0.1:6022 | BZ36: 127.0.0.1:6038 | CA36: 127.0.0.1:6043 | CB36: 127.0.0.1:6080 | CC36: 127.0.0.1:6071 | CD36: 127.0.0.1:6076 | CE36: 127.0.0.1:6076 | CF36: 127.0.0.1:6059 | CG36: 127.0.0.1:6047 | CH36: 127.0.0.1:6047 | CI36: 127.0.0.1:6051 | CJ36: 127.0.0.1:6011 | CK36: 127.0.0.1:6027 | CL36: 127.0.0.1:6090 | CM36: 127.0.0.1:6090 | CN36: 127.0.0.1:6008 | CO36: 127.0.0.1:6064 | CP36: 127.0.0.1:6069 | CQ36: 127.0.0.1:6003 | CR36: 127.0.0.1:6071 | CS36: 127.0.0.1:6071 | CT36: 127.0.0.1:6057 | CU36: 127.0.0.1:6057 | CV36: 127.0.0.1:6004 | CW36: 127.0.0.1:6007 | CX36: 127.0.0.1:6042 | CY36: 127.0.0.1:6095 | CZ36: 127.0.0.1:6039 | DA36: 127.0.0.1:6035 | DB36: 127.0.0.1:6071 | DC36: 127.0.0.1:6004 | DD36: 127.0.0.1:6009 | DE36: 127.0.0.1:6110 | DF36: 127.0.0.1:6115 | DG36: 127.0.0.1:6127 | DH36: 127.0.0.1:6018 | DI36: 127.0.0.1:6078 | DJ36: 127.0.0.1:6017 | DK36: 127.0.0.1:6034 | DL36: 127.0.0.1:6115 | DM36: 127.0.0.1:6018 | DN36: 127.0.0.1:6018 | DO36: 127.0.0.1:6037 | DP36: 127.0.0.1:6037 | DQ36: 127.0.0.1:6047 | DR36: 127.0.0.1:6123 | DS36: 127.0.0.1:6009 | DT36: 127.0.0.1:6020 | DU36: 127.0.0.1:6066 | DV36: 127.0.0.1:6066 | DW36: 127.0.0.1:6068 | DX36: 127.0.0.1:6085 | DY36: 127.0.0.1:6092 | DZ36: 127.0.0.1:6108 | EA36: 127.0.0.1:6108 | EB36: 127.0.0.1:6031 | EC36: 127.0.0.1:6071 | ED36: 127.0.0.1:6025 | EE36: 127.0.0.1:6103 | EF36: 127.0.0.1:6028 | EG36: 127.0.0.1:6088 | EH36: 127.0.0.1:6126 | EI36: 127.0.0.1:6126 | EJ36: 127.0.0.1:6041 | EK36: 127.0.0.1:6074 | EL36: 127.0.0.1:6037 | EM36: 127.0.0.1:6020 | EN36: 127.0.0.1:6101 | EO36: 127.0.0.1:6048 | EP36: # FOUND
A37: =IF(COUNTIF(E37:ALS37, "*FOUND*") > 0, "", "F") | B37: =IF(COUNTA(F37:AO37)>0, COUNTA(F37:AO37), "") -> 36 | C37: Node(128) | D37: 34 | E37: 127.0.0.1:6000 - 127.0.0.1:6036 | F37: 127.0.0.1:6000 | G37: 127.0.0.1:6061 | H37: 127.0.0.1:6054 | I37: 127.0.0.1:6116 | J37: 127.0.0.1:6116 | K37: 127.0.0.1:6110 | L37: 127.0.0.1:6041 | M37: 127.0.0.1:6035 | N37: 127.0.0.1:6035 | O37: 127.0.0.1:6076 | P37: 127.0.0.1:6018 | Q37: 127.0.0.1:6047 | R37: 127.0.0.1:6020 | S37: 127.0.0.1:6091 | T37: 127.0.0.1:6091 | U37: 127.0.0.1:6073 | V37: 127.0.0.1:6102 | W37: 127.0.0.1:6092 | X37: 127.0.0.1:6122 | Y37: 127.0.0.1:6035 | Z37: 127.0.0.1:6059 | AA37: 127.0.0.1:6020 | AB37: 127.0.0.1:6042 | AC37: 127.0.0.1:6021 | AD37: 127.0.0.1:6119 | AE37: 127.0.0.1:6011 | AF37: 127.0.0.1:6049 | AG37: 127.0.0.1:6104 | AH37: 127.0.0.1:6105 | AI37: 127.0.0.1:6106 | AJ37: 127.0.0.1:6011 | AK37: 127.0.0.1:6092 | AL37: 127.0.0.1:6071 | AM37: 127.0.0.1:6009 | AN37: 127.0.0.1:6009 | AO37: 127.0.0.1:6006 | AP37: 127.0.0.1:6020 | AQ37: 127.0.0.1:6020 | AR37: 127.0.0.1:6065 | AS37: 127.0.0.1:6106 | AT37: 127.0.0.1:6099 | AU37: 127.0.0.1:6081 | AV37: 127.0.0.1:6081 | AW37: 127.0.0.1:6085 | AX37: 127.0.0.1:6108 | AY37: 127.0.0.1:6122 | AZ37: 127.0.0.1:6122 | BA37: 127.0.0.1:6071 | BB37: 127.0.0.1:6001 | BC37: 127.0.0.1:6086 | BD37: 127.0.0.1:6095 | BE37: 127.0.0.1:6052 | BF37: 127.0.0.1:6052 | BG37: 127.0.0.1:6061 | BH37: 127.0.0.1:6017 | BI37: 127.0.0.1:6019 | BJ37: 127.0.0.1:6041 | BK37: 127.0.0.1:6059 | BL37: 127.0.0.1:6066 | BM37: 127.0.0.1:6079 | BN37: 127.0.0.1:6030 | BO37: 127.0.0.1:6098 | BP37: 127.0.0.1:6113 | BQ37: 127.0.0.1:6005 | BR37: 127.0.0.1:6019 | BS37: 127.0.0.1:6074 | BT37: 127.0.0.1:6120 | BU37: 127.0.0.1:6105 | BV37: 127.0.0.1:6105 | BW37: 127.0.0.1:6084 | BX37: 127.0.0.1:6084 | BY37: 127.0.0.1:6121 | BZ37: 127.0.0.1:6052 | CA37: 127.0.0.1:6054 | CB37: 127.0.0.1:6094 | CC37: 127.0.0.1:6124 | CD37: 127.0.0.1:6059 | CE37: 127.0.0.1:6109 | CF37: 127.0.0.1:6026 | CG37: 127.0.0.1:6104 | CH37: 127.0.0.1:6034 | CI37: 127.0.0.1:6119 | CJ37: 127.0.0.1:6003 | CK37: 127.0.0.1:6007 | CL37: 127.0.0.1:6084 | CM37: 127.0.0.1:6001 | CN37: 127.0.0.1:6061 | CO37: 127.0.0.1:6100 | CP37: 127.0.0.1:6016 | CQ37: 127.0.0.1:6016 | CR37: 127.0.0.1:6034 | CS37: 127.0.0.1:6041 | CT37: 127.0.0.1:6020 | CU37: 127.0.0.1:6077 | CV37: 127.0.0.1:6120 | CW37: 127.0.0.1:6120 | CX37: 127.0.0.1:6106 | CY37: 127.0.0.1:6102 | CZ37: 127.0.0.1:6071 | DA37: 127.0.0.1:6061 | DB37: 127.0.0.1:6115 | DC37: 127.0.0.1:6079 | DD37: 127.0.0.1:6011 | DE37: 127.0.0.1:6075 | DF37: 127.0.0.1:6061 | DG37: 127.0.0.1:6018 | DH37: 127.0.0.1:6123 | DI37: 127.0.0.1:6123 | DJ37: 127.0.0.1:6117 | DK37: 127.0.0.1:6117 | DL37: 127.0.0.1:6020 | DM37: 127.0.0.1:6082 | DN37: 127.0.0.1:6050 | DO37: 127.0.0.1:6081 | DP37: 127.0.0.1:6003 | DQ37: 127.0.0.1:6040 | DR37: 127.0.0.1:6019 | DS37: 127.0.0.1:6076 | DT37: 127.0.0.1:6037 | DU37: 127.0.0.1:6106 | DV37: 127.0.0.1:6001 | DW37: 127.0.0.1:6115 | DX37: 127.0.0.1:6085 | DY37: 127.0.0.1:6078 | DZ37: 127.0.0.1:6037 | EA37: 127.0.0.1:6011 | EB37: 127.0.0.1:6011 | EC37: 127.0.0.1:6097 | ED37: 127.0.0.1:6097 | EE37: 127.0.0.1:6101 | EF37: 127.0.0.1:6000 | EG37: 127.0.0.1:6000 | EH37: 127.0.0.1:6027 | EI37: 127.0.0.1:6064 | EJ37: 127.0.0.1:6070 | EK37: 127.0.0.1:6017 | EL37: 127.0.0.1:6047 | EM37: 127.0.0.1:6118 | EN37: 127.0.0.1:6120 | EO37: 127.0.0.1:6044 | EP37: 127.0.0.1:6085 | EQ37: 127.0.0.1:6012 | ER37: 127.0.0.1:6012 | ES37: 127.0.0.1:6098 | ET37: 127.0.0.1:6040 | EU37: 127.0.0.1:6011 | EV37: 127.0.0.1:6101 | EW37: 127.0.0.1:6107 | EX37: 127.0.0.1:6064 | EY37: 127.0.0.1:6049 | EZ37: 127.0.0.1:6081 | FA37: 127.0.0.1:6092 | FB37: 127.0.0.1:6004 | FC37: 127.0.0.1:6042 | FD37: 127.0.0.1:6120 | FE37: 127.0.0.1:6011 | FF37: 127.0.0.1:6048 | FG37: 127.0.0.1:6010 | FH37: 127.0.0.1:6052 | FI37: 127.0.0.1:6017 | FJ37: 127.0.0.1:6022 | FK37: 127.0.0.1:6125 | FL37: 127.0.0.1:6094 | FM37: 127.0.0.1:6119 | FN37: 127.0.0.1:6119 | FO37: 127.0.0.1:6096 | FP37: 127.0.0.1:6011 | FQ37: 127.0.0.1:6027 | FR37: 127.0.0.1:6049 | FS37: 127.0.0.1:6092 | FT37: 127.0.0.1:6042 | FU37: 127.0.0.1:6042 | FV37: 127.0.0.1:6089 | FW37: 127.0.0.1:6094 | FX37: 127.0.0.1:6035 | FY37: 127.0.0.1:6047 | FZ37: 127.0.0.1:6044 | GA37: 127.0.0.1:6001 | GB37: 127.0.0.1:6066 | GC37: 127.0.0.1:6030 | GD37: 127.0.0.1:6030 | GE37: 127.0.0.1:6011 | GF37: 127.0.0.1:6049 | GG37: 127.0.0.1:6006 | GH37: 127.0.0.1:6006 | GI37: 127.0.0.1:6042 | GJ37: 127.0.0.1:6105 | GK37: 127.0.0.1:6001 | GL37: 127.0.0.1:6001 | GM37: 127.0.0.1:6013 | GN37: 127.0.0.1:6103 | GO37: 127.0.0.1:6112 | GP37: 127.0.0.1:6061 | GQ37: 127.0.0.1:6023 | GR37: 127.0.0.1:6023 | GS37: 127.0.0.1:6090 | GT37: 127.0.0.1:6056 | GU37: 127.0.0.1:6054 | GV37: 127.0.0.1:6119 | GW37: 127.0.0.1:6019 | GX37: 127.0.0.1:6051 | GY37: 127.0.0.1:6022 | GZ37: 127.0.0.1:6081 | HA37: 127.0.0.1:6057 | HB37: 127.0.0.1:6078 | HC37: 127.0.0.1:6078 | HD37: 127.0.0.1:6025 | HE37: 127.0.0.1:6017 | HF37: 127.0.0.1:6017 | HG37: 127.0.0.1:6067 | HH37: 127.0.0.1:6019 | HI37: 127.0.0.1:6011 | HJ37: 127.0.0.1:6092 | HK37: 127.0.0.1:6095 | HL37: 127.0.0.1:6061 | HM37: 127.0.0.1:6061 | HN37: 127.0.0.1:6055 | HO37: 127.0.0.1:6017 | HP37: 127.0.0.1:6116 | HQ37: 127.0.0.1:6100 | HR37: 127.0.0.1:6034 | HS37: 127.0.0.1:6076 | HT37: 127.0.0.1:6020 | HU37: 127.0.0.1:6118 | HV37: 127.0.0.1:6106 | HW37: 127.0.0.1:6106 | HX37: 127.0.0.1:6050 | HY37: 127.0.0.1:6001 | HZ37: 127.0.0.1:6098 | IA37: 127.0.0.1:6112 | IB37: 127.0.0.1:6014 | IC37: 127.0.0.1:6115 | ID37: 127.0.0.1:6115 | IE37: 127.0.0.1:6119 | IF37: 127.0.0.1:6041 | IG37: 127.0.0.1:6101 | IH37: 127.0.0.1:6045 | II37: 127.0.0.1:6063 | IJ37: 127.0.0.1:6081 | IK37: 127.0.0.1:6001 | IL37: 127.0.0.1:6040 | IM37: 127.0.0.1:6040 | IN37: 127.0.0.1:6005 | IO37: 127.0.0.1:6011 | IP37: 127.0.0.1:6075 | IQ37: 127.0.0.1:6116 | IR37: 127.0.0.1:6094 | IS37: 127.0.0.1:6120 | IT37: 127.0.0.1:6036 | IU37: # FOUND
A38: =IF(COUNTIF(E38:ALS38, "*FOUND*") > 0, "", "F") | B38: =IF(COUNTA(F38:AO38)>0, COUNTA(F38:AO38), "") -> 16 | C38: Node(128) | D38: 35 | E38: 127.0.0.1:6000 - 127.0.0.1:6010 | F38: 127.0.0.1:6000 | G38: 127.0.0.1:6109 | H38: 127.0.0.1:6070 | I38: 127.0.0.1:6070 | J38: 127.0.0.1:6022 | K38: 127.0.0.1:6092 | L38: 127.0.0.1:6127 | M38: 127.0.0.1:6120 | N38: 127.0.0.1:6104 | O38: 127.0.0.1:6104 | P38: 127.0.0.1:6063 | Q38: 127.0.0.1:6085 | R38: 127.0.0.1:6119 | S38: 127.0.0.1:6035 | T38: 127.0.0.1:6010 | U38: # FOUND
A39: =IF(COUNTIF(E39:ALS39, "*FOUND*") > 0, "", "F") | B39: =IF(COUNTA(F39:AO39)>0, COUNTA(F39:AO39), "") -> 36 | C39: Node(128) | D39: 36 | E39: 127.0.0.1:6000 - 127.0.0.1:6099 | F39: 127.0.0.1:6000 | G39: 127.0.0.1:6107 | H39: 127.0.0.1:6114 | I39: 127.0.0.1:6038 | J39: 127.0.0.1:6045 | K39: 127.0.0.1:6081 | L39: 127.0.0.1:6115 | M39: 127.0.0.1:6019 | N39: 127.0.0.1:6092 | O39: 127.0.0.1:6092 | P39: 127.0.0.1:6080 | Q39: 127.0.0.1:6004 | R39: 127.0.0.1:6013 | S39: 127.0.0.1:6113 | T39: 127.0.0.1:6075 | U39: 127.0.0.1:6126 | V39: 127.0.0.1:6127 | W39: 127.0.0.1:6101 | X39: 127.0.0.1:6108 | Y39: 127.0.0.1:6071 | Z39: 127.0.0.1:6076 | AA39: 127.0.0.1:6044 | AB39: 127.0.0.1:6044 | AC39: 127.0.0.1:6066 | AD39: 127.0.0.1:6011 | AE39: 127.0.0.1:6011 | AF39: 127.0.0.1:6097 | AG39: 127.0.0.1:6048 | AH39: 127.0.0.1:6064 | AI39: 127.0.0.1:6104 | AJ39: 127.0.0.1:6060 | AK39: 127.0.0.1:6071 | AL39: 127.0.0.1:6071 | AM39: 127.0.0.1:6057 | AN39: 127.0.0.1:6007 | AO39: 127.0.0.1:6040 | AP39: 127.0.0.1:6053 | AQ39: 127.0.0.1:6019 | AR39: 127.0.0.1:6019 | AS39: 127.0.0.1:6126 | AT39: 127.0.0.1:6035 | AU39: 127.0.0.1:6071 | AV39: 127.0.0.1:6004 | AW39: 127.0.0.1:6054 | AX39: 127.0.0.1:6037 | AY39: 127.0.0.1:6114 | AZ39: 127.0.0.1:6063 | BA39: 127.0.0.1:6003 | BB39: 127.0.0.1:6019 | BC39: 127.0.0.1:6041 | BD39: 127.0.0.1:6092 | BE39: 127.0.0.1:6024 | BF39: 127.0.0.1:6095 | BG39: 127.0.0.1:6054 | BH39: 127.0.0.1:6026 | BI39: 127.0.0.1:6015 | BJ39: 127.0.0.1:6025 | BK39: 127.0.0.1:6037 | BL39: 127.0.0.1:6111 | BM39: 127.0.0.1:6006 | BN39: 127.0.0.1:6089 | BO39: 127.0.0.1:6120 | BP39: 127.0.0.1:6105 | BQ39: 127.0.0.1:6040 | BR39: 127.0.0.1:6028 | BS39: 127.0.0.1:6075 | BT39: 127.0.0.1:6101 | BU39: 127.0.0.1:6095 | BV39: 127.0.0.1:6094 | BW39: 127.0.0.1:6104 | BX39: 127.0.0.1:6102 | BY39: 127.0.0.1:6001 | BZ39: 127.0.0.1:6086 | CA39: 127.0.0.1:6083 | CB39: 127.0.0.1:6094 | CC39: 127.0.0.1:6094 | CD39: 127.0.0.1:6016 | CE39: 127.0.0.1:6124 | CF39: 127.0.0.1:6044 | CG39: 127.0.0.1:6079 | CH39: 127.0.0.1:6101 | CI39: 127.0.0.1:6101 | CJ39: 127.0.0.1:6048 | CK39: 127.0.0.1:6104 | CL39: 127.0.0.1:6081 | CM39: 127.0.0.1:6081 | CN39: 127.0.0.1:6085 | CO39: 127.0.0.1:6085 | CP39: 127.0.0.1:6015 | CQ39: 127.0.0.1:6103 | CR39: 127.0.0.1:6039 | CS39: 127.0.0.1:6039 | CT39: 127.0.0.1:6062 | CU39: 127.0.0.1:6017 | CV39: 127.0.0.1:6110 | CW39: 127.0.0.1:6020 | CX39: 127.0.0.1:6120 | CY39: 127.0.0.1:6120 | CZ39: 127.0.0.1:6106 | DA39: 127.0.0.1:6044 | DB39: 127.0.0.1:6030 | DC39: 127.0.0.1:6048 | DD39: 127.0.0.1:6122 | DE39: 127.0.0.1:6057 | DF39: 127.0.0.1:6006 | DG39: 127.0.0.1:6084 | DH39: 127.0.0.1:6013 | DI39: 127.0.0.1:6088 | DJ39: 127.0.0.1:6011 | DK39: 127.0.0.1:6101 | DL39: 127.0.0.1:6036 | DM39: 127.0.0.1:6099 | DN39: # FOUND
A40: =IF(COUNTIF(E40:ALS40, "*FOUND*") > 0, "", "F") | B40: =IF(COUNTA(F40:AO40)>0, COUNTA(F40:AO40), "") -> 2 | C40: Node(128) | D40: 37 | E40: 127.0.0.1:6000 - 127.0.0.1:6000 | F40: 127.0.0.1:6000 | G40: # FOUND
A41: =IF(COUNTIF(E41:ALS41, "*FOUND*") > 0, "", "F") | B41: =IF(COUNTA(F41:AO41)>0, COUNTA(F41:AO41), "") -> 36 | C41: Node(128) | D41: 38 | E41: 127.0.0.1:6000 - 127.0.0.1:6027 | F41: 127.0.0.1:6000 | G41: 127.0.0.1:6071 | H41: 127.0.0.1:6025 | I41: 127.0.0.1:6025 | J41: 127.0.0.1:6111 | K41: 127.0.0.1:6105 | L41: 127.0.0.1:6052 | M41: 127.0.0.1:6076 | N41: 127.0.0.1:6109 | O41: 127.0.0.1:6091 | P41: 127.0.0.1:6043 | Q41: 127.0.0.1:6042 | R41: 127.0.0.1:6001 | S41: 127.0.0.1:6061 | T41: 127.0.0.1:6054 | U41: 127.0.0.1:6054 | V41: 127.0.0.1:6017 | W41: 127.0.0.1:6072 | X41: 127.0.0.1:6029 | Y41: 127.0.0.1:6076 | Z41: 127.0.0.1:6057 | AA41: 127.0.0.1:6001 | AB41: 127.0.0.1:6115 | AC41: 127.0.0.1:6127 | AD41: 127.0.0.1:6108 | AE41: 127.0.0.1:6078 | AF41: 127.0.0.1:6111 | AG41: 127.0.0.1:6113 | AH41: 127.0.0.1:6086 | AI41: 127.0.0.1:6052 | AJ41: 127.0.0.1:6099 | AK41: 127.0.0.1:6000 | AL41: 127.0.0.1:6061 | AM41: 127.0.0.1:6017 | AN41: 127.0.0.1:6034 | AO41: 127.0.0.1:6044 | AP41: 127.0.0.1:6011 | AQ41: 127.0.0.1:6027 | AR41: # FOUND
A42: =IF(COUNTIF(E42:ALS42, "*FOUND*") > 0, "", "F") | B42: =IF(COUNTA(F42:AO42)>0, COUNTA(F42:AO42), "") -> 10 | C42: Node(128) | D42: 39 | E42: 127.0.0.1:6000 - 127.0.0.1:6109 | F42: 127.0.0.1:6000 | G42: 127.0.0.1:6027 | H42: 127.0.0.1:6061 | I42: 127.0.0.1:6100 | J42: 127.0.0.1:6115 | K42: 127.0.0.1:6018 | L42: 127.0.0.1:6120 | M42: 127.0.0.1:6044 | N42: 127.0.0.1:6109 | O42: # FOUND
A43: =IF(COUNTIF(E43:ALS43, "*FOUND*") > 0, "", "F") | B43: =IF(COUNTA(F43:AO43)>0, COUNTA(F43:AO43), "") -> 36 | C43: Node(128) | D43: 40 | E43: 127.0.0.1:6000 - 127.0.0.1:6023 | F43: 127.0.0.1:6000 | G43: 127.0.0.1:6109 | H43: 127.0.0.1:6061 | I43: 127.0.0.1:6018 | J43: 127.0.0.1:6030 | K43: 127.0.0.1:6026 | L43: 127.0.0.1:6025 | M43: 127.0.0.1:6007 | N43: 127.0.0.1:6017 | O43: 127.0.0.1:6019 | P43: 127.0.0.1:6074 | Q43: 127.0.0.1:6048 | R43: 127.0.0.1:6048 | S43: 127.0.0.1:6036 | T43: 127.0.0.1:6069 | U43: 127.0.0.1:6007 | V43: 127.0.0.1:6047 | W43: 127.0.0.1:6011 | X43: 127.0.0.1:6049 | Y43: 127.0.0.1:6110 | Z43: 127.0.0.1:6038 | AA43: 127.0.0.1:6104 | AB43: 127.0.0.1:6003 | AC43: 127.0.0.1:6003 | AD43: 127.0.0.1:6092 | AE43: 127.0.0.1:6108 | AF43: 127.0.0.1:6089 | AG43: 127.0.0.1:6089 | AH43: 127.0.0.1:6105 | AI43: 127.0.0.1:6034 | AJ43: 127.0.0.1:6081 | AK43: 127.0.0.1:6003 | AL43: 127.0.0.1:6071 | AM43: 127.0.0.1:6009 | AN43: 127.0.0.1:6042 | AO43: 127.0.0.1:6012 | AP43: 127.0.0.1:6103 | AQ43: 127.0.0.1:6017 | AR43: 127.0.0.1:6047 | AS43: 127.0.0.1:6022 | AT43: 127.0.0.1:6009 | AU43: 127.0.0.1:6105 | AV43: 127.0.0.1:6106 | AW43: 127.0.0.1:6068 | AX43: 127.0.0.1:6013 | AY43: 127.0.0.1:6095 | AZ43: 127.0.0.1:6074 | BA43: 127.0.0.1:6031 | BB43: 127.0.0.1:6025 | BC43: 127.0.0.1:6009 | BD43: 127.0.0.1:6001 | BE43: 127.0.0.1:6066 | BF43: 127.0.0.1:6101 | BG43: 127.0.0.1:6107 | BH43: 127.0.0.1:6070 | BI43: 127.0.0.1:6049 | BJ43: 127.0.0.1:6049 | BK43: 127.0.0.1:6038 | BL43: 127.0.0.1:6060 | BM43: 127.0.0.1:6084 | BN43: 127.0.0.1:6040 | BO43: 127.0.0.1:6075 | BP43: 127.0.0.1:6075 | BQ43: 127.0.0.1:6112 | BR43: 127.0.0.1:6041 | BS43: 127.0.0.1:6041 | BT43: 127.0.0.1:6127 | BU43: 127.0.0.1:6127 | BV43: 127.0.0.1:6046 | BW43: 127.0.0.1:6076 | BX43: 127.0.0.1:6059 | BY43: 127.0.0.1:6059 | BZ43: 127.0.0.1:6018 | CA43: 127.0.0.1:6107 | CB43: 127.0.0.1:6022 | CC43: 127.0.0.1:6116 | CD43: 127.0.0.1:6034 | CE43: 127.0.0.1:6034 | CF43: 127.0.0.1:6124 | CG43: 127.0.0.1:6081 | CH43: 127.0.0.1:6092 | CI43: 127.0.0.1:6122 | CJ43: 127.0.0.1:6007 | CK43: 127.0.0.1:6007 | CL43: 127.0.0.1:6009 | CM43: 127.0.0.1:6112 | CN43: 127.0.0.1:6101 | CO43: 127.0.0.1:6045 | CP43: 127.0.0.1:6085 | CQ43: 127.0.0.1:6003 | CR43: 127.0.0.1:6007 | CS43: 127.0.0.1:6042 | CT43: 127.0.0.1:6095 | CU43: 127.0.0.1:6048 | CV43: 127.0.0.1:6010 | CW43: 127.0.0.1:6090 | CX43: 127.0.0.1:6107 | CY43: 127.0.0.1:6125 | CZ43: 127.0.0.1:6125 | DA43: 127.0.0.1:6104 | DB43: 127.0.0.1:6071 | DC43: 127.0.0.1:6001 | DD43: 127.0.0.1:6001 | DE43: 127.0.0.1:6013 | DF43: 127.0.0.1:6054 | DG43: 127.0.0.1:6116 | DH43: 127.0.0.1:6126 | DI43: 127.0.0.1:6076 | DJ43: 127.0.0.1:6018 | DK43: 127.0.0.1:6078 | DL43: 127.0.0.1:6007 | DM43: 127.0.0.1:6084 | DN43: 127.0.0.1:6052 | DO43: 127.0.0.1:6052 | DP43: 127.0.0.1:6061 | DQ43: 127.0.0.1:6023 | DR43: # FOUND
